IDX,Q1,RQ1,Q2_1,Q2_2A1,Q2_2A2,Q2_2A3,Q3A1,MQ3A1_60,RQ3A1,Q3A2,MQ3A2_61,RQ3A2,Q3B,Q4A01,Q4A02,Q4A03,Q4A04,Q4A05,Q4A06,Q4A07,Q4A08,Q4A09,Q4A10,Q4A11,Q4A12,Q4A13,Q4A14,Q4A15,Q4A16,Q4A17,Q4K01,Q4K02,Q4K03,Q4K04,Q4K05,Q4K06,Q4K07,Q4K08,MQ5_1T,CQ5_1T,DAY평균,RDAY평균,Q6,Q6_1,Q7A01,Q7A02,Q7A03,Q7A04,Q7A05,Q7A06,Q7A07,Q7A08,Q7A09,Q7A10,Q7A11,Q7A12,D_MON,D_BUN,D_NAT,D_SEX,D_AGE,D_MOK,D_NUM,D_ENT
1.00,1,1.00,3,,,,89.00,,14,90.00,,12.00,,,,,,5.00,6.00,,,,,,,,,,,,,,,,5,,,,2405.89,5.00,,,5,,,,,,,,,,,,,,5.00,2.00,97.00,1.00,50.00,3.00,1.00,
2.00,3,3.00,2,13,,,89.00,,14,90.00,,12.00,,,,,,5.00,,,,,,,,,,,,,,,,,5,,,,2165.30,5.00,,,5,,,,,,,,,,,,,,5.00,2.00,97.00,2.00,60.00,2.00,3.00,
3.00,2,2.00,2,13,,,7.00,7.00,7,8.00,8.00,8.00,,1.00,2.00,,,,,,,,,,,,,,16.00,,1,2,,,,,7,,1000.00,2.00,125.00,2.00,5,,,,,,,,,,,,,,5.00,2.00,97.00,2.00,40.00,2.00,2.00,
4.00,3,3.00,1,6,1,,270.00,,14,271.00,,13.00,,1.00,,3.00,,,,,,9.00,,,,13.00,,,,17.00,1,,3,,,6,,8,2733.25,5.00,,,5,,,,,,,,,,,,,,5.00,2.00,12.00,2.00,20.00,1.00,3.00,
5.00,1,1.00,4,,,,240.00,,14,241.00,,13.00,,1.00,,,,,,,,9.00,,,,,,,,,1,,,,,6,,,8199.75,6.00,,,4,,,,,,,,,,,,,,5.00,2.00,12.00,2.00,20.00,4.00,1.00,
6.00,3,3.00,1,13,,,45.00,45.00,13,46.00,46.00,11.00,,1.00,,,,,,,,,,,,,,,,,1,,,,,,,,2186.60,5.00,47.53,1.00,5,,,,,,,,,,,,,,5.00,2.00,12.00,2.00,20.00,1.00,3.00,
7.00,1,1.00,2,13,,,92.00,,14,93.00,,13.00,,,2.00,,,,,,,,,,,,,,,,,2,,,,,,,3000.00,5.00,,,5,,,,,,,,,,,,,,5.00,2.00,9.00,2.00,15.00,2.00,1.00,
8.00,5,4.00,3,,,,2.00,2.00,2,3.00,3.00,3.00,,,,3.00,,,,,,,,,,,,,,,,,3,,,,,,382.66,1.00,127.55,2.00,5,,,,,,,,,,,,,,5.00,2.00,12.00,2.00,30.00,3.00,4.00,
9.00,5,4.00,2,13,2,,90.00,,14,91.00,,13.00,,1.00,,,,,,,,,,,,,,,,,1,,,,,,,,1202.94,3.00,,,4,,,,,,,,,,,,,,5.00,2.00,12.00,2.00,20.00,2.00,4.00,
10.00,30,4.00,2,13,,,11.00,11.00,11,12.00,12.00,11.00,,1.00,,,,,,,,,,,,,,,,,1,,,,,,,,7000.00,6.00,583.33,6.00,4,,,,,,,,,,,,,,5.00,2.00,9.00,2.00,40.00,2.00,4.00,
11.00,28,4.00,4,,,,69.00,,14,70.00,,12.00,,,,3.00,,,,,,,,,,,,,,,,,3,,,,,,8019.63,6.00,,,5,,,,,,,,,,,,,,5.00,2.00,11.00,1.00,60.00,4.00,4.00,
12.00,3,3.00,1,4,3,,119.00,,14,120.00,,13.00,,1.00,,,,,,,,,,,,,,,,,1,,,,,,,,3207.85,6.00,,,5,,,,,,,,,,,,,,5.00,2.00,13.00,2.00,20.00,1.00,3.00,
13.00,1,1.00,3,,,,69.00,,14,70.00,,12.00,,1.00,,,,,,,,,,,,,,,,,1,,,,,,,,5000.00,6.00,,,5,,,,,,,,,,,,,,5.00,2.00,97.00,1.00,30.00,3.00,1.00,
14.00,1,1.00,2,4,7,9,89.00,,14,90.00,,12.00,,1.00,2.00,3.00,,,,,,,,,,,,,,,1,2,3,,,,,,3000.00,5.00,,,5,,,,,,,,,,,,,,5.00,2.00,97.00,1.00,30.00,2.00,1.00,
15.00,4,4.00,4,,,,364.00,,14,365.00,,13.00,,1.00,,,,,,,,,,,,,,,,,1,,,,,,,,,98.00,,,5,,,,,,,,,,,,,,5.00,2.00,1.00,2.00,20.00,4.00,4.00,
16.00,20,4.00,3,,,,364.00,,14,365.00,,13.00,,1.00,2.00,,,,,,,,,,,,,,,,1,2,,,,,,,,98.00,,,5,,,,,,,,,,,,,,5.00,2.00,1.00,2.00,20.00,3.00,4.00,
17.00,1,1.00,4,,,,120.00,,14,121.00,,13.00,,1.00,,,,,,,,,,,,,,,,,1,,,,,,,,3061.24,6.00,,,5,,,,,,,,,,,,,,5.00,2.00,13.00,2.00,20.00,4.00,1.00,
18.00,2,2.00,4,,,,150.00,,14,151.00,,13.00,,1.00,,3.00,,,,,,,,,,13.00,,,,17.00,1,,3,,,6,,8,8746.40,6.00,,,4,,,,,,,,,,,,,,5.00,2.00,13.00,1.00,20.00,4.00,2.00,
19.00,1,1.00,3,,,,50.00,50.00,13,51.00,51.00,11.00,,1.00,,,,,,,,,,,,,,,,,1,,,,,,,,4373.20,6.00,85.75,1.00,4,,,,,,,,,,,,,,5.00,2.00,97.00,2.00,30.00,3.00,1.00,
20.00,2,2.00,1,1,2,,120.00,,14,121.00,,13.00,,1.00,,,,,,,,,,,,,,,,,1,,,,,,,,4591.86,6.00,,,4,,,,,,,,,,,,,,5.00,2.00,13.00,2.00,20.00,1.00,2.00,
21.00,20,4.00,3,,,,30.00,30.00,12,31.00,31.00,11.00,,,,,,,,7.00,,,,,,,,,,,,,,,5,,,,3207.85,6.00,103.48,2.00,5,,,,,,,,,,,,,,5.00,2.00,9.00,1.00,30.00,3.00,4.00,
22.00,5,4.00,2,13,,,19.00,19.00,11,20.00,20.00,11.00,,,,,,5.00,,7.00,,,,,,,,,,,,,,,5,,,,2000.00,4.00,100.00,1.00,2,,,,,,,,,,,,,,5.00,2.00,9.00,2.00,50.00,2.00,4.00,
23.00,2,2.00,2,13,,,60.00,60.00,14,61.00,,12.00,,1.00,,,,,,,,,,,,,,,,,1,,,,,,,,5000.00,6.00,,,4,,,,,,,,,,,,,,5.00,2.00,9.00,2.00,20.00,2.00,2.00,
24.00,1,1.00,3,,,,10.00,10.00,10,11.00,11.00,11.00,,1.00,,,,,,,,,,,,,,,,,1,,,,,,,,5200.00,6.00,472.73,5.00,5,,,,,,,,,,,,,,5.00,2.00,10.00,2.00,30.00,3.00,1.00,
25.00,1,1.00,4,,,,68.00,,14,69.00,,12.00,,1.00,,,,,,,,,,,,13.00,,,,17.00,1,,,,,6,,8,4009.82,6.00,,,4,,,,,,,,,,,,,,5.00,2.00,10.00,2.00,20.00,4.00,1.00,
26.00,1,1.00,1,13,1,12,182.00,,14,183.00,,13.00,,1.00,,,,,,,,,,,,,,,,,1,,,,,,,,6415.71,6.00,,,5,,,,,,,,,,,,,,5.00,2.00,10.00,1.00,15.00,1.00,1.00,
27.00,20,4.00,3,,,,29.00,29.00,12,30.00,30.00,11.00,,1.00,2.00,,,,,,,,,,,,,,,,1,2,,,,,,,1443.53,3.00,48.12,1.00,4,,,,,,,,,,,,,,5.00,2.00,1.00,1.00,40.00,3.00,4.00,
28.00,3,3.00,3,,,,60.00,60.00,14,61.00,,12.00,,1.00,2.00,,,,,,,,,,,,,,,,1,2,,,,,,,3000.00,5.00,,,5,,,,,,,,,,,,,,5.00,2.00,9.00,2.00,30.00,3.00,3.00,
29.00,4,4.00,2,13,,,40.00,40.00,13,41.00,41.00,11.00,,,,,,,,,,,,,,,,,16.00,,,,,,,,7,,2004.91,5.00,48.90,1.00,5,,,,,,,,,,,,,,5.00,2.00,9.00,2.00,60.00,2.00,4.00,
30.00,3,3.00,3,,,,120.00,,14,121.00,,13.00,,1.00,,,,,,,,,,,,,,,,,1,,,,,,,,4811.78,6.00,,,4,,,,,,,,,,,,,,5.00,2.00,9.00,2.00,50.00,3.00,3.00,
31.00,2,2.00,3,,,,364.00,,14,365.00,,13.00,,,,,,,,,,,,,,13.00,,,,,,,,,,6,,,9623.56,6.00,,,4,,,,,,,,,,,,,,5.00,2.00,9.00,2.00,30.00,3.00,2.00,
32.00,1,1.00,2,13,2,,75.00,,14,76.00,,12.00,,1.00,,,,,,,,,,,,,,,,,1,,,,,,,,3849.42,6.00,,,5,,,,,,,,,,,,,,5.00,2.00,14.00,1.00,30.00,2.00,1.00,
33.00,10,4.00,4,,,,364.00,,14,365.00,,13.00,,1.00,,,,,,,,,10.00,,,13.00,14.00,15.00,,,1,,,,,6,7,,8019.63,6.00,,,5,,,,,,,,,,,,,,5.00,2.00,1.00,2.00,20.00,4.00,4.00,
34.00,5,4.00,4,,,,30.00,30.00,12,31.00,31.00,11.00,,,,,,,6.00,,,,,,,,,,,,,,,,5,,,,6000.00,6.00,193.55,2.00,4,,,,,,,,,,,,,,5.00,2.00,9.00,1.00,50.00,4.00,4.00,
35.00,10,4.00,2,13,,,20.00,20.00,11,21.00,21.00,11.00,,,2.00,,,,,,,,,,,,,,,,,2,,,,,,,795.60,2.00,37.89,1.00,4,,,,,,,,,,,,,,5.00,2.00,1.00,2.00,30.00,2.00,4.00,
36.00,10,4.00,3,,,,80.00,,14,81.00,,12.00,,1.00,2.00,,,,,,,,,,,,,,,,1,2,,,,,,,7488.00,6.00,,,4,,,,,,,,,,,,,,5.00,2.00,1.00,1.00,40.00,3.00,4.00,
37.00,10,4.00,3,,,,90.00,,14,91.00,,13.00,,1.00,2.00,3.00,,,,,,,,,,,,,,,1,2,3,,,,,,5148.00,6.00,,,4,,,,,,,,,,,,,,5.00,2.00,1.00,1.00,30.00,3.00,4.00,
38.00,15,4.00,3,,,,88.00,,14,89.00,,12.00,,,,,,,,,,,,,,13.00,,,,,,,,,,6,,,7000.00,6.00,,,5,,,,,,,,,,,,,,5.00,2.00,97.00,1.00,60.00,3.00,4.00,
39.00,1,1.00,1,13,,,90.00,,14,91.00,,13.00,,1.00,2.00,3.00,4.00,,,,,,,,,,,,,,1,2,3,4,,,,,1639.95,4.00,,,5,,,,,,,,,,,,,,5.00,2.00,12.00,2.00,20.00,1.00,1.00,
40.00,4,4.00,4,,,,92.00,,14,93.00,,13.00,,1.00,,,,,,,,,,,,,,,,,1,,,,,,,,4009.82,6.00,,,5,,,,,,,,,,,,,,5.00,2.00,97.00,2.00,20.00,4.00,4.00,
41.00,5,4.00,1,3,4,7,89.00,,14,90.00,,12.00,,1.00,,,,,,,,,,,,13.00,,,,17.00,1,,,,,6,,8,2000.00,4.00,,,5,,,,,,,,,,,,,,5.00,2.00,97.00,2.00,30.00,1.00,4.00,
42.00,1,1.00,2,13,,,86.00,,14,87.00,,12.00,,1.00,2.00,,,,,,,,,,,,,,,,1,2,,,,,,,1300.00,3.00,,,5,,,,,,,,,,,,,,5.00,2.00,9.00,2.00,20.00,2.00,1.00,
43.00,3,3.00,2,13,,,30.00,30.00,12,31.00,31.00,11.00,,1.00,2.00,,,,,,,,,,,,,,,,1,2,,,,,,,1603.93,4.00,51.74,1.00,5,,,,,,,,,,,,,,5.00,2.00,12.00,2.00,20.00,2.00,3.00,
44.00,3,3.00,2,13,,,62.00,,14,63.00,,12.00,,1.00,,,,,,,,,,,,,,,,,1,,,,,,,,1042.55,3.00,,,4,,,,,,,,,,,,,,5.00,2.00,2.00,2.00,50.00,2.00,3.00,
45.00,9,4.00,4,,,,120.00,,14,121.00,,13.00,,1.00,,,,,6.00,,,,,,,,,,,,1,,,,5,,,,2808.00,5.00,,,5,,,,,,,,,,,,,,5.00,2.00,2.00,2.00,20.00,4.00,4.00,
46.00,2,2.00,4,,,,100.00,,14,101.00,,13.00,,1.00,,3.00,,,,,,,,,,,,,,,1,,3,,,,,,2004.91,5.00,,,5,,,,,,,,,,,,,,5.00,2.00,2.00,1.00,20.00,4.00,2.00,
47.00,2,2.00,4,,,,75.00,,14,76.00,,12.00,,1.00,2.00,,,,,,,,,,,,,,,,1,2,,,,,,,2152.80,5.00,,,4,,,,,,,,,,,,,,5.00,2.00,1.00,2.00,20.00,4.00,2.00,
48.00,2,2.00,2,8,,,35.00,35.00,13,36.00,36.00,11.00,,1.00,,,,,,,,,,,,,,,,,1,,,,,,,,7217.67,6.00,200.49,3.00,5,,,,,,,,,,,,,,5.00,2.00,11.00,1.00,50.00,2.00,2.00,
49.00,4,4.00,1,4,7,,89.00,,14,90.00,,12.00,,1.00,,,,,,,,,,,,,,,,,1,,,,,,,,3722.10,6.00,,,4,,,,,,,,,,,,,,5.00,2.00,11.00,2.00,20.00,1.00,4.00,
50.00,1,1.00,3,,,,91.00,,14,92.00,,13.00,,1.00,,,,,,,,,,,,13.00,,,,17.00,1,,,,,6,,8,6000.00,6.00,,,5,,,,,,,,,,,,,,5.00,2.00,11.00,1.00,30.00,3.00,1.00,
51.00,3,3.00,3,,,,3.00,3.00,3,4.00,4.00,4.00,,,2.00,,,,,,,,,,,,,,,,,2,,,,,,,1200.00,3.00,300.00,3.00,4,,,,,,,,,,,,,,5.00,2.00,97.00,1.00,20.00,3.00,3.00,
52.00,2,2.00,3,,,,62.00,,14,63.00,,12.00,,,2.00,,,,,,,,,,,,,,,,,2,,,,,,,2500.00,5.00,,,4,,,,,,,,,,,,,,5.00,2.00,17.00,2.00,30.00,3.00,2.00,
53.00,1,1.00,1,4,3,1,85.00,,14,86.00,,12.00,,1.00,,,,,,,,,,11.00,,13.00,,,,,1,,,,,6,,,5000.00,6.00,,,5,,,,,,,,,,,,,,5.00,2.00,9.00,2.00,20.00,1.00,1.00,
54.00,3,3.00,3,,,,1.00,1.00,1,2.00,2.00,2.00,,,,,,,,,,,,,,13.00,,,,,,,,,,6,,,200.00,1.00,100.00,1.00,5,,,,,,,,,,,,,,5.00,2.00,16.00,1.00,40.00,3.00,3.00,
55.00,3,3.00,4,,,,180.00,,14,181.00,,13.00,,1.00,,,,,,,,,,,,,,,,,1,,,,,,,,,98.00,,,4,,,,,,,,,,,,,,5.00,2.00,4.00,2.00,20.00,4.00,3.00,
56.00,5,4.00,3,,,,70.00,,14,71.00,,12.00,,1.00,2.00,,,,,,,,,,,,,,,,1,2,,,,,,,1694.40,4.00,,,5,,,,,,,,,,,,,,5.00,2.00,4.00,1.00,30.00,3.00,4.00,
57.00,2,2.00,4,,,,330.00,,14,331.00,,13.00,,1.00,,,4.00,,,,,,,,,,,,16.00,,1,,,4,,,7,,,98.00,,,5,,,,,,,,,,,,,,5.00,2.00,12.00,1.00,20.00,4.00,2.00,
58.00,10,4.00,3,,,,30.00,30.00,12,31.00,31.00,11.00,,1.00,,,,,,,,,,,,,,,,,1,,,,,,,,,98.00,,,3,,,,,,,,,,,,,,5.00,2.00,11.00,1.00,20.00,3.00,4.00,
59.00,10,4.00,2,13,,,21.00,21.00,12,22.00,22.00,11.00,,,2.00,,,,,,,,,,,,,,,,,2,,,,,,,1202.94,3.00,54.68,1.00,5,,,,,,,,,,,,,,5.00,2.00,1.00,2.00,40.00,2.00,4.00,
60.00,20,4.00,3,,,,60.00,60.00,14,61.00,,12.00,,,,,,,,,,,,,,13.00,,,,,,,,,,6,,,2995.20,5.00,,,5,,,,,,,,,,,,,,5.00,2.00,1.00,1.00,60.00,3.00,4.00,
61.00,5,4.00,4,,,,60.00,60.00,14,61.00,,12.00,,1.00,,,,,,,,,,,,,,,,,1,,,,,,,,1310.40,3.00,,,4,,,,,,,,,,,,,,5.00,2.00,1.00,2.00,20.00,4.00,4.00,
62.00,14,4.00,3,,,,89.00,,14,90.00,,12.00,,1.00,2.00,,,,,,,,,,,,,,,,1,2,,,,,,,2620.80,5.00,,,4,,,,,,,,,,,,,,5.00,2.00,1.00,1.00,30.00,3.00,4.00,
63.00,2,2.00,3,,,,2.00,2.00,2,3.00,3.00,3.00,,1.00,,,,,,,,,,,,13.00,,,,,1,,,,,6,,,2405.89,5.00,801.96,7.00,5,,,,,,,,,,,,,,5.00,2.00,11.00,1.00,30.00,3.00,2.00,
64.00,2,2.00,2,1,3,2,89.00,,14,90.00,,12.00,,1.00,2.00,,,,,,,,,,,,,,,,1,2,,,,,,,2806.87,5.00,,,5,,,,,,,,,,,,,,5.00,2.00,9.00,2.00,20.00,2.00,2.00,
65.00,10,4.00,3,,,,59.00,59.00,13,60.00,60.00,11.00,,1.00,,3.00,,,,,,,,,,13.00,,,,,1,,3,,,6,,,2808.00,5.00,46.80,1.00,4,,,,,,,,,,,,,,5.00,2.00,1.00,2.00,20.00,3.00,4.00,
66.00,2,2.00,4,,,,240.00,,14,241.00,,13.00,,1.00,,3.00,,,,,,,,,,13.00,,,,,1,,3,,,6,,,3207.85,6.00,,,4,,,,,,,,,,,,,,5.00,2.00,1.00,1.00,20.00,4.00,2.00,
67.00,2,2.00,4,,,,89.00,,14,90.00,,12.00,,1.00,,,,,,,,,,,,,,,,,1,,,,,,,,1603.93,4.00,,,3,,,,,,,,,,,,,,5.00,2.00,9.00,1.00,30.00,4.00,2.00,
68.00,3,3.00,4,,,,330.00,,14,331.00,,13.00,,1.00,,3.00,,,,,,,,,,,,,,,1,,3,,,,,,3207.85,6.00,,,4,,,,,,,,,,,,,,5.00,2.00,1.00,2.00,20.00,4.00,3.00,
69.00,10,4.00,2,13,2,,120.00,,14,121.00,,13.00,,,2.00,,,,,,,,,,,,,,,,,2,,,,,,,6415.71,6.00,,,4,,,,,,,,,,,,,,5.00,2.00,2.00,1.00,30.00,2.00,4.00,
70.00,4,4.00,4,,,,120.00,,14,121.00,,13.00,,,,,,,,,,,,,,13.00,,,,,,,,,,6,,,3608.83,6.00,,,5,,,,,,,,,,,,,,5.00,2.00,2.00,1.00,20.00,4.00,4.00,
71.00,1,1.00,3,,,,89.00,,14,90.00,,12.00,,,,,,,,7.00,,,,,,,,,,,,,,,5,,,,2967.26,5.00,,,5,,,,,,,,,,,,,,5.00,2.00,2.00,1.00,30.00,3.00,1.00,
72.00,3,3.00,3,,,,24.00,24.00,12,25.00,25.00,11.00,,1.00,,,,,,7.00,,,,,,,,,,,1,,,,5,,,,2824.00,5.00,112.96,2.00,5,,,,,,,,,,,,,,5.00,2.00,4.00,1.00,30.00,3.00,3.00,
73.00,1,1.00,4,,,,90.00,,14,91.00,,13.00,,1.00,,,,,,,,9.00,,,,,,,,,1,,,,,6,,,5466.50,6.00,,,5,,,,,,,,,,,,,,5.00,2.00,97.00,1.00,20.00,4.00,1.00,
74.00,4,4.00,3,,,,40.00,40.00,13,41.00,41.00,11.00,,1.00,,,,,,,,,,,,,,,,,1,,,,,,,,1967.94,4.00,48.00,1.00,4,,,,,,,,,,,,,,5.00,2.00,12.00,1.00,20.00,3.00,4.00,
75.00,1,1.00,4,,,,90.00,,14,91.00,,13.00,,1.00,2.00,,,,,,,,,,,,,,,,1,2,,,,,,,5000.00,6.00,,,5,,,,,,,,,,,,,,5.00,2.00,97.00,2.00,20.00,4.00,1.00,
76.00,3,3.00,3,,,,90.00,,14,91.00,,13.00,,1.00,2.00,,,,,,,,,,,13.00,,,,,1,2,,,,6,,,3000.00,5.00,,,5,,,,,,,,,,,,,,5.00,2.00,13.00,2.00,30.00,3.00,3.00,
77.00,20,4.00,2,13,,,20.00,20.00,11,21.00,21.00,11.00,,1.00,2.00,,,,,,,,,,,,,,,,1,2,,,,,,,3000.00,5.00,142.86,2.00,5,,,,,,,,,,,,,,5.00,2.00,9.00,2.00,30.00,2.00,4.00,
78.00,2,2.00,2,13,,,60.00,60.00,14,61.00,,12.00,,1.00,,,,,,,,,,,,,,,,,1,,,,,,,,3207.85,6.00,,,4,,,,,,,,,,,,,,5.00,2.00,10.00,2.00,40.00,2.00,2.00,
79.00,2,2.00,4,,,,364.00,,14,365.00,,13.00,,,,,,,,,,,,11.00,,,,,,,,,,,,6,,,,98.00,,,5,,,,,,,,,,,,,,5.00,2.00,97.00,2.00,20.00,4.00,2.00,
80.00,10,4.00,3,,,,80.00,,14,81.00,,12.00,,,2.00,,,,,,,,,,,,,,,,,2,,,,,,,3207.85,6.00,,,4,,,,,,,,,,,,,,5.00,2.00,5.00,2.00,30.00,3.00,4.00,
81.00,1,1.00,3,,,,364.00,,14,365.00,,13.00,,1.00,,,,,,,,,,,,,,,,,1,,,,,,,,9623.56,6.00,,,4,,,,,,,,,,,,,,5.00,2.00,5.00,1.00,20.00,3.00,1.00,
82.00,1,1.00,3,,,,60.00,60.00,14,61.00,,12.00,,,,,,,,,,,10.00,,,,,,,,,,,,,6,,,2726.67,5.00,,,4,,,,,,,,,,,,,,5.00,2.00,12.00,1.00,30.00,3.00,1.00,
83.00,3,3.00,3,,,,88.00,,14,89.00,,12.00,,,2.00,,,,,,,,,,,,,,,,,2,,,,,,,7000.00,6.00,,,3,,,,,,,,,,,,,,5.00,2.00,1.00,1.00,40.00,3.00,3.00,
84.00,1,1.00,4,,,,150.00,,14,151.00,,13.00,,1.00,,,,,,,,,,,,13.00,,,,17.00,1,,,,,6,,8,6559.80,6.00,,,4,,,,,,,,,,,,,,5.00,2.00,13.00,2.00,20.00,4.00,1.00,
85.00,7,4.00,2,13,,,72.00,,14,73.00,,12.00,,1.00,2.00,,,,,,,,,,,,,,,,1,2,,,,,,,2186.60,5.00,,,5,,,,,,,,,,,,,,5.00,2.00,13.00,1.00,50.00,2.00,4.00,
86.00,1,1.00,3,,,,92.00,,14,93.00,,13.00,,1.00,,,,,,,,,,,,,,,,,1,,,,,,,,2500.00,5.00,,,5,,,,,,,,,,,,,,5.00,2.00,9.00,1.00,30.00,3.00,1.00,
87.00,3,3.00,2,13,,,350.00,,14,351.00,,13.00,,,,,,,,,,,,,,,,,16.00,,,,,,,,7,,1603.93,4.00,,,5,,,,,,,,,,,,,,5.00,2.00,97.00,1.00,50.00,2.00,3.00,
88.00,1,1.00,1,3,4,,89.00,,14,90.00,,12.00,,1.00,,,,,,,,9.00,,,,13.00,,15.00,16.00,17.00,1,,,,,6,7,8,,98.00,,,4,,,,,,,,,,,,,,5.00,2.00,97.00,1.00,40.00,1.00,1.00,
89.00,1,1.00,4,,,,120.00,,14,121.00,,13.00,,1.00,,,,,,,,,,,,,,,,,1,,,,,,,,2916.80,5.00,,,4,,,,,,,,,,,,,,5.00,2.00,97.00,1.00,20.00,4.00,1.00,
90.00,2,2.00,4,,,,60.00,60.00,14,61.00,,12.00,,1.00,,,,,,,,,,,,,,,,,1,,,,,,,,1872.00,4.00,,,3,,,,,,,,,,,,,,5.00,2.00,97.00,2.00,20.00,4.00,2.00,
91.00,2,2.00,2,2,11,,30.00,30.00,12,31.00,31.00,11.00,,1.00,,,,,,,,,,,,,,,,,1,,,,,,,,1603.93,4.00,51.74,1.00,5,,,,,,,,,,,,,,5.00,2.00,2.00,1.00,20.00,2.00,2.00,
92.00,6,4.00,2,2,1,,90.00,,14,91.00,,13.00,,,,,,,,,,,,,,,,,16.00,,,,,,,,7,,1603.93,4.00,,,5,,,,,,,,,,,,,,5.00,2.00,2.00,2.00,20.00,2.00,4.00,
93.00,2,2.00,2,10,8,4,56.00,56.00,13,57.00,57.00,11.00,,1.00,,,,,,,,,,,,,,,,,1,,,,,,,,5000.00,6.00,87.72,1.00,5,,,,,,,,,,,,,,5.00,2.00,9.00,1.00,20.00,2.00,2.00,
94.00,7,4.00,2,1,3,2,180.00,,14,181.00,,13.00,,1.00,,,,,,,,,10.00,,,13.00,,,,,1,,,,,6,,,1913.76,4.00,,,3,,,,,,,,,,,,,,5.00,2.00,10.00,2.00,30.00,2.00,4.00,
95.00,4,4.00,4,,,,180.00,,14,181.00,,13.00,,1.00,,,,,,,,,,,,,,,,,1,,,,,,,,,98.00,,,5,,,,,,,,,,,,,,5.00,2.00,5.00,2.00,20.00,4.00,4.00,
96.00,2,2.00,3,,,,180.00,,14,181.00,,13.00,,1.00,,3.00,,,,,,,,,,,,,,,1,,3,,,,,,3608.83,6.00,,,5,,,,,,,,,,,,,,5.00,2.00,5.00,1.00,20.00,3.00,2.00,
97.00,3,3.00,4,,,,90.00,,14,91.00,,13.00,,1.00,,,,,,,,,,,,,,,,,1,,,,,,,,2004.91,5.00,,,5,,,,,,,,,,,,,,5.00,2.00,5.00,1.00,20.00,4.00,3.00,
98.00,2,2.00,2,13,,,59.00,59.00,13,60.00,60.00,11.00,,,2.00,,,,,,,,,,,,,,,,,2,,,,,,,1404.00,3.00,23.40,1.00,5,,,,,,,,,,,,,,5.00,2.00,2.00,2.00,40.00,2.00,2.00,
99.00,6,4.00,1,2,1,13,59.00,59.00,13,60.00,60.00,11.00,,1.00,,3.00,,,,,,,,,,,,,,17.00,1,,3,,,,,8,7020.00,6.00,117.00,2.00,5,,,,,,,,,,,,,,5.00,2.00,2.00,2.00,30.00,1.00,4.00,
100.00,2,2.00,3,,,,19.00,19.00,11,20.00,20.00,11.00,,,2.00,,,,,,,,,,,,,,,,,2,,,,,,,1603.93,4.00,80.20,1.00,4,,,,,,,,,,,,,,5.00,2.00,6.00,1.00,30.00,3.00,2.00,
101.00,1,1.00,3,,,,364.00,,14,365.00,,13.00,,1.00,,,,,,,,,,11.00,,,,,,,1,,,,,6,,,,98.00,,,5,,,,,,,,,,,,,,5.00,2.00,9.00,2.00,30.00,3.00,1.00,
102.00,3,3.00,2,13,2,,89.00,,14,90.00,,12.00,,1.00,,,,,,,,,,,,,,,,,1,,,,,,,,2000.00,4.00,,,5,,,,,,,,,,,,,,5.00,2.00,9.00,2.00,50.00,2.00,3.00,
103.00,1,1.00,3,,,,364.00,,14,365.00,,13.00,,1.00,,,,,,,,,,,,,,,,,1,,,,,,,,,98.00,,,5,,,,,,,,,,,,,,5.00,2.00,9.00,1.00,40.00,3.00,1.00,
104.00,5,4.00,3,,,,89.00,,14,90.00,,12.00,,1.00,,3.00,,,,,,,,,,13.00,,,,17.00,1,,3,,,6,,8,10000.00,6.00,,,4,,,,,,,,,,,,,,5.00,2.00,9.00,2.00,30.00,3.00,4.00,
105.00,3,3.00,2,13,,,58.00,58.00,13,59.00,59.00,11.00,,1.00,2.00,,,,,,,,,,,,,,,,1,2,,,,,,,1800.00,4.00,30.51,1.00,4,,,,,,,,,,,,,,5.00,2.00,9.00,2.00,20.00,2.00,3.00,
106.00,10,4.00,3,,,,92.00,,14,93.00,,13.00,,,2.00,,,,,,,,,,,,,,,,,2,,,,,,,7488.00,6.00,,,5,,,,,,,,,,,,,,5.00,2.00,1.00,1.00,50.00,3.00,4.00,
107.00,7,4.00,3,,,,60.00,60.00,14,61.00,,12.00,,,2.00,,,,,,,,,,,,,,,,,2,,,,,,,7675.20,6.00,,,3,,,,,,,,,,,,,,5.00,2.00,1.00,1.00,30.00,3.00,4.00,
108.00,20,4.00,2,13,,,90.00,,14,91.00,,13.00,,1.00,,,,,,7.00,,,,,,,,,,,1,,,,5,,,,2806.87,5.00,,,5,,,,,,,,,,,,,,5.00,2.00,1.00,2.00,50.00,2.00,4.00,
109.00,10,4.00,3,,,,30.00,30.00,12,31.00,31.00,11.00,,1.00,,,,,,,,,,,,13.00,,,,,1,,,,,6,,,1764.32,4.00,56.91,1.00,4,,,,,,,,,,,,,,5.00,2.00,1.00,1.00,60.00,3.00,4.00,
110.00,6,4.00,4,,,,180.00,,14,181.00,,13.00,,1.00,,,,,,,,,,,,,,,,,1,,,,,,,,4009.82,6.00,,,5,,,,,,,,,,,,,,5.00,2.00,1.00,2.00,20.00,4.00,4.00,
111.00,8,4.00,2,13,,,48.00,48.00,13,49.00,49.00,11.00,,,,,4.00,,,,,,,,,,,,,,,,,4,,,,,1684.80,4.00,34.38,1.00,4,,,,,,,,,,,,,,5.00,2.00,1.00,2.00,40.00,2.00,4.00,
112.00,2,2.00,1,4,3,1,364.00,,14,365.00,,13.00,,1.00,2.00,3.00,,,,,8.00,,,,,,,,,,1,2,3,,5,,,,,98.00,,,5,,,,,,,,,,,,,,5.00,2.00,10.00,1.00,20.00,1.00,2.00,
113.00,3,3.00,2,3,4,1,119.00,,14,120.00,,13.00,,,,,,,,,,9.00,,,,,,,16.00,,,,,,,6,7,,4009.82,6.00,,,4,,,,,,,,,,,,,,5.00,2.00,13.00,1.00,60.00,2.00,3.00,
114.00,7,4.00,3,,,,364.00,,14,365.00,,13.00,,,,,,,,,,,,,,13.00,,,,,,,,,,6,,,5774.14,6.00,,,5,,,,,,,,,,,,,,5.00,2.00,1.00,2.00,40.00,3.00,4.00,
115.00,20,4.00,2,13,,,84.00,,14,85.00,,12.00,,,,,,,,,,,,,,,14.00,,,,,,,,,,7,,,98.00,,,5,,,,,,,,,,,,,,5.00,2.00,1.00,1.00,60.00,2.00,4.00,
116.00,4,4.00,3,,,,90.00,,14,91.00,,13.00,,,,,,,,,,,,,,,,,,17.00,,,,,,,,8,3744.00,6.00,,,5,,,,,,,,,,,,,,5.00,2.00,1.00,1.00,40.00,3.00,4.00,
117.00,3,3.00,4,,,,180.00,,14,181.00,,13.00,,1.00,2.00,,4.00,,,7.00,,,,,,13.00,,,,,1,2,,4,5,6,,,7862.40,6.00,,,4,,,,,,,,,,,,,,5.00,2.00,1.00,2.00,20.00,4.00,3.00,
118.00,10,4.00,3,,,,30.00,30.00,12,31.00,31.00,11.00,,,2.00,,,,,,,,,,,,,,,,,2,,,,,,,2433.60,5.00,78.50,1.00,4,,,,,,,,,,,,,,5.00,2.00,1.00,1.00,30.00,3.00,4.00,
119.00,4,4.00,3,,,,242.00,,14,243.00,,13.00,,1.00,2.00,,,,,,,,,,,,,,,,1,2,,,,,,,6000.00,6.00,,,5,,,,,,,,,,,,,,5.00,2.00,9.00,1.00,30.00,3.00,4.00,
120.00,8,4.00,2,13,,,55.00,55.00,13,56.00,56.00,11.00,,1.00,,,,,,,,,,,,,,,,,1,,,,,,,,2000.00,4.00,35.71,1.00,5,,,,,,,,,,,,,,5.00,2.00,9.00,1.00,40.00,2.00,4.00,
121.00,1,1.00,6,,,,20.00,20.00,11,21.00,21.00,11.00,,,,,,,,,,,,,,13.00,,,,,,,,,,6,,,3000.00,5.00,142.86,2.00,5,,,,,,,,,,,,,,5.00,2.00,17.00,1.00,20.00,6.00,1.00,
122.00,2,2.00,3,,,,97.00,,14,98.00,,13.00,,,2.00,,,,,,,,,,,,,,,,,2,,,,,,,2000.00,4.00,,,5,,,,,,,,,,,,,,5.00,2.00,17.00,1.00,20.00,3.00,2.00,
123.00,2,2.00,3,,,,19.00,19.00,11,20.00,20.00,11.00,,,,,,,,7.00,,,,,,,,,,,,,,,5,,,,1200.00,3.00,60.00,1.00,5,,,,,,,,,,,,,,5.00,2.00,17.00,1.00,30.00,3.00,2.00,
124.00,1,1.00,3,,,,300.00,,14,301.00,,13.00,,1.00,2.00,,,,,,,,,,,13.00,,,,,1,2,,,,6,,,10000.00,6.00,,,4,,,,,,,,,,,,,,6.00,2.00,9.00,2.00,20.00,3.00,1.00,
125.00,10,4.00,2,13,,,7.00,7.00,7,8.00,8.00,8.00,,1.00,,,,,,,,,,,,,,,,,1,,,,,,,,2000.00,4.00,250.00,3.00,5,,,,,,,,,,,,,,6.00,2.00,9.00,2.00,30.00,2.00,4.00,
126.00,4,4.00,4,,,,90.00,,14,91.00,,13.00,,1.00,2.00,,,,,,,,,,,,,,,,1,2,,,,,,,8000.00,6.00,,,5,,,,,,,,,,,,,,6.00,2.00,12.00,1.00,20.00,4.00,4.00,
127.00,5,4.00,3,,,,17.00,17.00,11,18.00,18.00,11.00,,,,,,,,,,,,,,13.00,,,,,,,,,,6,,,1300.00,3.00,72.22,1.00,5,,,,,,,,,,,,,,6.00,2.00,18.00,1.00,20.00,3.00,4.00,
128.00,2,2.00,3,,,,330.00,,14,331.00,,13.00,,,,,,,,7.00,,,,,,,,,,,,,,,5,,,,3000.00,5.00,,,5,,,,,,,,,,,,,,6.00,2.00,18.00,1.00,20.00,3.00,2.00,
129.00,7,4.00,4,,,,183.00,,14,184.00,,13.00,,1.00,,,,,,,,,,,,,,,,,1,,,,,,,,,98.00,,,4,,,,,,,,,,,,,,6.00,2.00,9.00,2.00,20.00,4.00,4.00,
130.00,4,4.00,2,13,,,176.00,,14,177.00,,13.00,,1.00,2.00,,,,,,,,,,,13.00,,,,,1,2,,,,6,,,5000.00,6.00,,,5,,,,,,,,,,,,,,6.00,2.00,9.00,1.00,40.00,2.00,4.00,
131.00,4,4.00,2,13,,,90.00,,14,91.00,,13.00,,,,,,,,7.00,,,,,,,,,,,,,,,5,,,,4400.00,6.00,,,3,,,,,,,,,,,,,,6.00,2.00,9.00,1.00,50.00,2.00,4.00,
132.00,3,3.00,2,2,1,,56.00,56.00,13,57.00,57.00,11.00,,,,,4.00,,,,,,,,,,,,,,,,,4,,,,,3000.00,5.00,52.63,1.00,5,,,,,,,,,,,,,,6.00,2.00,9.00,1.00,30.00,2.00,3.00,
133.00,10,4.00,3,,,,360.00,,14,361.00,,13.00,,,,,,,,,,,10.00,,,,,,,,,,,,,6,,,,98.00,,,4,,,,,,,,,,,,,,6.00,2.00,13.00,1.00,40.00,3.00,4.00,
134.00,2,2.00,3,,,,180.00,,14,181.00,,13.00,,1.00,,,,,,,,,,,,,,,,,1,,,,,,,,6002.45,6.00,,,5,,,,,,,,,,,,,,6.00,2.00,13.00,2.00,30.00,3.00,2.00,
135.00,1,1.00,1,1,2,3,90.00,,14,91.00,,13.00,,1.00,2.00,3.00,,,,,,,,,,,,,,17.00,1,2,3,,,,,8,6663.60,6.00,,,5,,,,,,,,,,,,,,6.00,2.00,13.00,2.00,20.00,1.00,1.00,
136.00,3,3.00,4,,,,364.00,,14,365.00,,13.00,,1.00,,,,,,,,,,,,,,,,,1,,,,,,,,,98.00,,,5,,,,,,,,,,,,,,6.00,2.00,9.00,2.00,20.00,4.00,3.00,
137.00,2,2.00,2,1,2,7,89.00,,14,90.00,,12.00,,1.00,2.00,3.00,,,,,,,,11.00,,,,,,,1,2,3,,,6,,,1110.60,3.00,,,5,,,,,,,,,,,,,,6.00,2.00,13.00,1.00,20.00,2.00,2.00,
138.00,1,1.00,3,,,,1.00,1.00,1,2.00,2.00,2.00,,,,3.00,,,,,,,,,,,,,,,,,3,,,,,,1100.00,3.00,550.00,6.00,5,,,,,,,,,,,,,,6.00,2.00,9.00,1.00,20.00,3.00,1.00,
139.00,3,3.00,2,3,4,7,179.00,,14,180.00,,13.00,,1.00,,,4.00,,,,,,,,,13.00,,,,,1,,,4,,6,,,4801.96,6.00,,,5,,,,,,,,,,,,,,6.00,2.00,13.00,1.00,20.00,2.00,3.00,
140.00,1,1.00,1,4,3,10,87.00,,14,88.00,,12.00,,1.00,,,,,,,,,10.00,,,13.00,,,,17.00,1,,,,,6,,8,9908.80,6.00,,,5,,,,,,,,,,,,,,6.00,2.00,11.00,2.00,30.00,1.00,1.00,
141.00,4,4.00,3,,,,364.00,,14,365.00,,13.00,,1.00,2.00,,,,,,,,,,,,,,,,1,2,,,,,,,8700.00,6.00,,,4,,,,,,,,,,,,,,6.00,2.00,9.00,2.00,50.00,3.00,4.00,
142.00,3,3.00,2,13,,,99.00,,14,100.00,,13.00,,1.00,2.00,3.00,,,,,,,,,,,,,,,1,2,3,,,,,,3200.00,6.00,,,5,,,,,,,,,,,,,,6.00,2.00,9.00,2.00,15.00,2.00,3.00,
143.00,1,1.00,3,,,,210.00,,14,211.00,,13.00,,,,3.00,,,,,,,,,,,,,,,,,3,,,,,,4001.63,6.00,,,5,,,,,,,,,,,,,,6.00,2.00,20.00,1.00,40.00,3.00,1.00,
144.00,4,4.00,2,13,,,242.00,,14,243.00,,13.00,,1.00,2.00,3.00,,,,,,,,,,,,,,,1,2,3,,,,,,4000.00,6.00,,,4,,,,,,,,,,,,,,6.00,2.00,9.00,1.00,40.00,2.00,4.00,
145.00,3,3.00,3,,,,180.00,,14,181.00,,13.00,,,2.00,,4.00,,,,,,,,,,,,,,,2,,4,,,,,5042.06,6.00,,,5,,,,,,,,,,,,,,6.00,2.00,20.00,2.00,20.00,3.00,3.00,
146.00,2,2.00,3,,,,300.00,,14,301.00,,13.00,,1.00,,,4.00,,,,,,,,,,,,,,1,,,4,,,,,4001.63,6.00,,,4,,,,,,,,,,,,,,6.00,2.00,20.00,1.00,20.00,3.00,2.00,
147.00,6,4.00,4,,,,92.00,,14,93.00,,13.00,,,2.00,,,,,,,,,,,,,,,,,2,,,,,,,8400.00,6.00,,,5,,,,,,,,,,,,,,6.00,2.00,2.00,2.00,20.00,4.00,4.00,
148.00,13,4.00,2,13,,,180.00,,14,181.00,,13.00,,1.00,2.00,,4.00,,,,,,,,,,,,,,1,2,,4,,,,,3000.00,5.00,,,4,,,,,,,,,,,,,,6.00,2.00,9.00,1.00,60.00,2.00,4.00,
149.00,9,4.00,2,13,,,72.00,,14,73.00,,12.00,,1.00,,,,,,,,,,,,,,,,,1,,,,,,,,2000.00,4.00,,,5,,,,,,,,,,,,,,6.00,2.00,9.00,1.00,20.00,2.00,4.00,
150.00,10,4.00,2,13,,,50.00,50.00,13,51.00,51.00,11.00,,1.00,,,,,,,,,,,,,,,,,1,,,,,,,,5000.00,6.00,98.04,1.00,5,,,,,,,,,,,,,,6.00,2.00,9.00,2.00,50.00,2.00,4.00,
151.00,15,4.00,4,,,,64.00,,14,65.00,,12.00,,,2.00,,,,,,,,,,,,,,,,,2,,,,,,,700.00,2.00,,,5,,,,,,,,,,,,,,6.00,2.00,3.00,1.00,30.00,4.00,4.00,
152.00,10,4.00,4,,,,360.00,,14,361.00,,13.00,,1.00,,,,,,7.00,,,,,,13.00,,,16.00,,1,,,,5,6,7,,9284.00,6.00,,,5,,,,,,,,,,,,,,6.00,2.00,1.00,2.00,20.00,4.00,4.00,
153.00,20,4.00,2,13,,,60.00,60.00,14,61.00,,12.00,,,,,,5.00,,,,,,,,,,,,,,,,,5,,,,3249.40,6.00,,,5,,,,,,,,,,,,,,6.00,2.00,1.00,2.00,50.00,2.00,4.00,
154.00,5,4.00,3,,,,60.00,60.00,14,61.00,,12.00,,,,,,,,,,,,,,,,15.00,,,,,,,,,7,,2599.52,5.00,,,4,,,,,,,,,,,,,,6.00,2.00,1.00,1.00,40.00,3.00,4.00,
155.00,7,4.00,3,,,,150.00,,14,151.00,,13.00,,,,,4.00,,,,,,,,,,,,,,,,,4,,,,,4241.73,6.00,,,4,,,,,,,,,,,,,,6.00,2.00,1.00,1.00,30.00,3.00,4.00,
156.00,10,4.00,4,,,,90.00,,14,91.00,,13.00,,1.00,,,,,,,,,,,,,,,,,1,,,,,,,,3713.60,6.00,,,5,,,,,,,,,,,,,,6.00,2.00,1.00,2.00,30.00,4.00,4.00,
157.00,5,4.00,4,,,,90.00,,14,91.00,,13.00,,1.00,2.00,,,,,,,,,,,,,,,,1,2,,,,,,,5202.12,6.00,,,4,,,,,,,,,,,,,,6.00,2.00,1.00,1.00,40.00,4.00,4.00,
158.00,20,4.00,2,13,,,180.00,,14,181.00,,13.00,,,,3.00,,,,,,,,,,,,,,,,,3,,,,,,6402.61,6.00,,,5,,,,,,,,,,,,,,6.00,2.00,2.00,1.00,20.00,2.00,4.00,
159.00,6,4.00,3,,,,30.00,30.00,12,31.00,31.00,11.00,,,,,,,,,,,,,,13.00,,,,,,,,,,6,,,3900.00,6.00,125.81,2.00,5,,,,,,,,,,,,,,6.00,2.00,97.00,1.00,40.00,3.00,4.00,
160.00,1,1.00,3,,,,21.00,21.00,12,22.00,22.00,11.00,,,,,,,,7.00,,,,,,,,,,,,,,,5,,,,4001.63,6.00,181.89,2.00,4,,,,,,,,,,,,,,6.00,2.00,97.00,1.00,50.00,3.00,1.00,
161.00,2,2.00,3,,,,364.00,,14,365.00,,13.00,,1.00,2.00,,4.00,,,,,,,,,13.00,,,,17.00,1,2,,4,,6,,8,,98.00,,,5,,,,,,,,,,,,,,6.00,2.00,9.00,2.00,20.00,3.00,2.00,
162.00,3,3.00,3,,,,90.00,,14,91.00,,13.00,,,,,,,,,,,,,,13.00,,,,,,,,,,6,,,3601.47,6.00,,,5,,,,,,,,,,,,,,6.00,2.00,9.00,2.00,30.00,3.00,3.00,
163.00,6,4.00,6,,,,60.00,60.00,14,61.00,,12.00,,1.00,,,,,,,,,,,,,,,,,1,,,,,,,,8003.27,6.00,,,5,,,,,,,,,,,,,,6.00,2.00,9.00,2.00,40.00,6.00,4.00,
164.00,2,2.00,3,,,,120.00,,14,121.00,,13.00,,1.00,2.00,,,,,,,,,,,,,,,,1,2,,,,,,,8000.00,6.00,,,5,,,,,,,,,,,,,,6.00,2.00,9.00,1.00,30.00,3.00,2.00,
165.00,3,3.00,4,,,,360.00,,14,361.00,,13.00,,1.00,2.00,,4.00,,,,,,,,12.00,13.00,,,,,1,2,,4,,6,,,,98.00,,,5,,,,,,,,,,,,,,6.00,2.00,9.00,1.00,20.00,4.00,3.00,
166.00,2,2.00,2,13,,,44.00,44.00,13,45.00,45.00,11.00,,1.00,,,,,,,,,,,,,,,,,1,,,,,,,,4401.80,6.00,97.82,1.00,5,,,,,,,,,,,,,,6.00,2.00,7.00,1.00,20.00,2.00,2.00,
167.00,10,4.00,3,,,,2.00,2.00,2,3.00,3.00,3.00,,1.00,,3.00,,,,,,,,,,,,,,,1,,3,,,,,,1110.60,3.00,370.20,4.00,4,,,,,,,,,,,,,,6.00,2.00,97.00,1.00,40.00,3.00,4.00,
168.00,40,4.00,2,13,,,150.00,,14,151.00,,13.00,,1.00,,,,,,,,9.00,,,12.00,13.00,,,,,1,,,,,6,,,6663.60,6.00,,,5,,,,,,,,,,,,,,6.00,2.00,12.00,1.00,30.00,2.00,4.00,
169.00,22,4.00,3,,,,14.00,14.00,11,15.00,15.00,11.00,,1.00,,,,,,,,9.00,,,,,,,,,1,,,,,6,,,3331.80,6.00,222.12,3.00,4,,,,,,,,,,,,,,6.00,2.00,12.00,1.00,40.00,3.00,4.00,
170.00,2,2.00,1,4,3,1,159.00,,14,160.00,,13.00,,1.00,,3.00,,,,,,,,,,13.00,,,,,1,,3,,,6,,,,98.00,,,5,,,,,,,,,,,,,,6.00,2.00,2.00,2.00,20.00,1.00,2.00,
171.00,20,4.00,2,1,2,4,149.00,,14,150.00,,13.00,,1.00,2.00,3.00,4.00,,,,,,,,,,,,,,1,2,3,4,,,,,,98.00,,,4,,,,,,,,,,,,,,6.00,2.00,2.00,1.00,30.00,2.00,4.00,
172.00,5,4.00,2,13,,,89.00,,14,90.00,,12.00,,,2.00,,,,,,,,,,,,,,,,,2,,,,,,,,98.00,,,5,,,,,,,,,,,,,,6.00,2.00,2.00,2.00,30.00,2.00,4.00,
173.00,10,4.00,2,1,7,10,149.00,,14,150.00,,13.00,,1.00,2.00,3.00,,,,,,,,,,,,,,,1,2,3,,,,,,2721.11,5.00,,,4,,,,,,,,,,,,,,6.00,2.00,2.00,1.00,20.00,2.00,4.00,
174.00,2,2.00,4,,,,89.00,,14,90.00,,12.00,,1.00,2.00,3.00,,,,,,,,,,13.00,,,,,1,2,3,,,6,,,1400.00,3.00,,,5,,,,,,,,,,,,,,6.00,2.00,2.00,2.00,20.00,4.00,2.00,
175.00,2,2.00,2,2,1,,149.00,,14,150.00,,13.00,,1.00,,,,,,,,,,,,,,,,,1,,,,,,,,2961.21,5.00,,,5,,,,,,,,,,,,,,6.00,2.00,2.00,1.00,50.00,2.00,2.00,
176.00,9,4.00,4,,,,59.00,59.00,13,60.00,60.00,11.00,,,,,,,,,,,,11.00,,,,,,,,,,,,6,,,7202.94,6.00,120.05,2.00,5,,,,,,,,,,,,,,6.00,2.00,2.00,2.00,40.00,4.00,4.00,
177.00,15,4.00,2,2,11,10,179.00,,14,180.00,,13.00,,1.00,2.00,,,,,,,,,,,,,,,,1,2,,,,,,,8003.27,6.00,,,5,,,,,,,,,,,,,,6.00,2.00,2.00,1.00,40.00,2.00,4.00,
178.00,4,4.00,4,,,,89.00,,14,90.00,,12.00,,,2.00,,,,,,,,,,,,,,,,,2,,,,,,,3500.00,6.00,,,4,,,,,,,,,,,,,,6.00,2.00,2.00,2.00,20.00,4.00,4.00,
179.00,3,3.00,4,,,,179.00,,14,180.00,,13.00,,,,,,,,,,,,,,13.00,,,,17.00,,,,,,6,,8,4401.80,6.00,,,4,,,,,,,,,,,,,,6.00,2.00,2.00,1.00,30.00,4.00,3.00,
180.00,1,1.00,4,,,,269.00,,14,270.00,,13.00,,1.00,,,,5.00,,,,,,,,,,,,,1,,,,5,,,,4801.96,6.00,,,3,,,,,,,,,,,,,,6.00,2.00,2.00,2.00,20.00,4.00,1.00,
181.00,2,2.00,4,,,,119.00,,14,120.00,,13.00,,1.00,,,,,,,,,,,12.00,13.00,,,,,1,,,,,6,,,3360.00,6.00,,,4,,,,,,,,,,,,,,6.00,2.00,2.00,1.00,30.00,4.00,2.00,
182.00,1,1.00,4,,,,119.00,,14,120.00,,13.00,,1.00,,3.00,,,,,,,,,,13.00,,,,,1,,3,,,6,,,5000.00,6.00,,,5,,,,,,,,,,,,,,6.00,2.00,10.00,2.00,20.00,4.00,1.00,
183.00,3,3.00,1,3,1,,89.00,,14,90.00,,12.00,,1.00,,,,,,,,,,,,,,,,,1,,,,,,,,6000.00,6.00,,,5,,,,,,,,,,,,,,6.00,2.00,9.00,1.00,20.00,1.00,3.00,
184.00,11,4.00,4,,,,240.00,,14,241.00,,13.00,,1.00,,,,,,,,,,,,,,,,,1,,,,,,,,,98.00,,,5,,,,,,,,,,,,,,6.00,2.00,13.00,2.00,20.00,4.00,4.00,
185.00,5,4.00,4,,,,120.00,,14,121.00,,13.00,,1.00,,,,,,,,,,,,,,,,,1,,,,,,,,1000.00,2.00,,,5,,,,,,,,,,,,,,6.00,2.00,16.00,1.00,20.00,4.00,4.00,
186.00,6,4.00,3,,,,34.00,34.00,13,35.00,35.00,11.00,,,,,4.00,,,,,,10.00,,,,,,,,,,,4,,6,,,1360.56,3.00,38.87,1.00,4,,,,,,,,,,,,,,6.00,2.00,6.00,1.00,30.00,3.00,4.00,
187.00,1,1.00,2,13,,,180.00,,14,181.00,,13.00,,,,3.00,,,,,,,,,,,,,,,,,3,,,,,,3201.31,6.00,,,5,,,,,,,,,,,,,,6.00,2.00,6.00,2.00,40.00,2.00,1.00,
188.00,2,2.00,3,,,,4.00,4.00,4,5.00,5.00,5.00,,,,,,,,7.00,,,,,,,,,,,,,,,5,,,,800.00,2.00,160.00,2.00,4,,,,,,,,,,,,,,6.00,2.00,9.00,1.00,40.00,3.00,2.00,
189.00,2,2.00,1,3,2,1,120.00,,14,121.00,,13.00,,1.00,2.00,,4.00,,,,,,,,,13.00,,,16.00,17.00,1,2,,4,,6,7,8,7200.00,6.00,,,5,,,,,,,,,,,,,,6.00,2.00,9.00,1.00,20.00,1.00,2.00,
190.00,1,1.00,4,,,,360.00,,14,361.00,,13.00,,1.00,,,,,,,,,,,,,,,,,1,,,,,,,,,98.00,,,5,,,,,,,,,,,,,,6.00,2.00,9.00,2.00,30.00,4.00,1.00,
191.00,1,1.00,4,,,,2.00,2.00,2,3.00,3.00,3.00,,,,,,,,,,,,,,13.00,,,,,,,,,,6,,,557.04,2.00,185.68,2.00,5,,,,,,,,,,,,,,6.00,2.00,1.00,1.00,60.00,4.00,1.00,
192.00,10,4.00,4,,,,60.00,60.00,14,61.00,,12.00,,1.00,,,4.00,,,,,,,,,,,,,,1,,,4,,,,,1114.08,3.00,,,4,,,,,,,,,,,,,,6.00,2.00,1.00,1.00,40.00,4.00,4.00,
193.00,3,3.00,4,,,,90.00,,14,91.00,,13.00,,1.00,,,,,,,,,,,,,,,,,1,,,,,,,,4000.00,6.00,,,4,,,,,,,,,,,,,,6.00,2.00,9.00,1.00,30.00,4.00,3.00,
194.00,2,2.00,4,,,,49.00,49.00,13,50.00,50.00,11.00,,,,,,,,,,,10.00,,,,,,,,,,,,,6,,,9284.00,6.00,185.68,2.00,5,,,,,,,,,,,,,,6.00,2.00,1.00,1.00,30.00,4.00,2.00,
195.00,10,4.00,2,13,,,180.00,,14,181.00,,13.00,,,,,,,,,,,,,,13.00,,,,,,,,,,6,,,1392.60,3.00,,,5,,,,,,,,,,,,,,6.00,2.00,1.00,2.00,50.00,2.00,4.00,
196.00,10,4.00,4,,,,60.00,60.00,14,61.00,,12.00,,,2.00,,,,,,,,,,,,,,,,,2,,,,,,,3527.92,6.00,,,4,,,,,,,,,,,,,,6.00,2.00,1.00,1.00,40.00,4.00,4.00,
197.00,2,2.00,4,,,,364.00,,14,365.00,,13.00,,1.00,2.00,3.00,4.00,,,,,,,,,13.00,,,,17.00,1,2,3,4,,6,,8,,98.00,,,5,,,,,,,,,,,,,,6.00,2.00,13.00,2.00,30.00,4.00,2.00,
198.00,3,3.00,4,,,,120.00,,14,121.00,,13.00,,1.00,2.00,,,,,,,,,,,,,,,,1,2,,,,,,,6082.48,6.00,,,4,,,,,,,,,,,,,,6.00,2.00,13.00,2.00,20.00,4.00,3.00,
199.00,2,2.00,4,,,,364.00,,14,365.00,,13.00,,1.00,2.00,3.00,4.00,,,,,,,,,,,,,,1,2,3,4,,,,,7431.60,6.00,,,4,,,,,,,,,,,,,,6.00,2.00,11.00,1.00,20.00,4.00,2.00,
200.00,5,4.00,2,13,,,100.00,,14,101.00,,13.00,,,,,,,,7.00,,,,,,,,,,,,,,,5,,,,5200.00,6.00,,,5,,,,,,,,,,,,,,6.00,2.00,9.00,2.00,40.00,2.00,4.00,
201.00,3,3.00,3,,,,50.00,50.00,13,51.00,51.00,11.00,,,,,,,,,8.00,,,,,,,,,,,,,,5,,,,6000.00,6.00,117.65,2.00,4,,,,,,,,,,,,,,6.00,2.00,12.00,1.00,30.00,3.00,3.00,
202.00,2,2.00,4,,,,364.00,,14,365.00,,13.00,,1.00,,3.00,,,,,,,,,,13.00,,,,17.00,1,,3,,,6,,8,2000.00,4.00,,,5,,,,,,,,,,,,,,6.00,2.00,9.00,2.00,20.00,4.00,2.00,
203.00,2,2.00,4,,,,120.00,,14,121.00,,13.00,,1.00,2.00,,,,,,,,,,,,,,,,1,2,,,,,,,5500.00,6.00,,,5,,,,,,,,,,,,,,6.00,2.00,12.00,2.00,20.00,4.00,2.00,
204.00,1,1.00,4,,,,120.00,,14,121.00,,13.00,,1.00,,,,,,,,,,,,13.00,,,,17.00,1,,,,,6,,8,7774.20,6.00,,,5,,,,,,,,,,,,,,6.00,2.00,12.00,1.00,20.00,4.00,1.00,
205.00,10,4.00,2,13,,,90.00,,14,91.00,,13.00,,,,,,5.00,,,,,,,,,,,,,,,,,5,,,,2400.98,5.00,,,4,,,,,,,,,,,,,,6.00,2.00,2.00,2.00,50.00,2.00,4.00,
206.00,5,4.00,4,,,,60.00,60.00,14,61.00,,12.00,,,,,,,,,,,,,,13.00,,,,,,,,,,6,,,2321.00,5.00,,,5,,,,,,,,,,,,,,6.00,2.00,1.00,1.00,30.00,4.00,4.00,
207.00,10,4.00,2,13,,,180.00,,14,181.00,,13.00,,,,,,,6.00,,,,,,,,,,,,,,,,5,,,,1600.65,4.00,,,5,,,,,,,,,,,,,,6.00,2.00,1.00,2.00,50.00,2.00,4.00,
208.00,4,4.00,4,,,,120.00,,14,121.00,,13.00,,,,,,,,,,,,,12.00,,,,,,,,,,,6,,,3601.47,6.00,,,4,,,,,,,,,,,,,,6.00,2.00,2.00,1.00,40.00,4.00,4.00,
209.00,3,3.00,6,,,,150.00,,14,151.00,,13.00,,1.00,,,,,,,,,,,,,,,,,1,,,,,,,,,98.00,,,4,,,,,,,,,,,,,,6.00,2.00,2.00,2.00,30.00,6.00,3.00,
210.00,3,3.00,4,,,,90.00,,14,91.00,,13.00,,,,,4.00,,,,,,,,,,,,,,,,,4,,,,,2000.82,5.00,,,4,,,,,,,,,,,,,,6.00,2.00,1.00,1.00,20.00,4.00,3.00,
211.00,9,4.00,4,,,,364.00,,14,365.00,,13.00,,1.00,2.00,,,,,,,,,,,,,,,,1,2,,,,,,,,98.00,,,5,,,,,,,,,,,,,,6.00,2.00,1.00,2.00,20.00,4.00,4.00,
212.00,5,4.00,4,,,,180.00,,14,181.00,,13.00,,1.00,,,,,,,,,,,,,,,,,1,,,,,,,,9284.00,6.00,,,4,,,,,,,,,,,,,,6.00,2.00,1.00,2.00,20.00,4.00,4.00,
213.00,10,4.00,4,,,,90.00,,14,91.00,,13.00,,1.00,,3.00,4.00,,,,,,,,,,,,,17.00,1,,3,4,,,,8,5202.12,6.00,,,5,,,,,,,,,,,,,,6.00,2.00,1.00,2.00,20.00,4.00,4.00,
214.00,1,1.00,4,,,,120.00,,14,121.00,,13.00,,1.00,2.00,,4.00,,,,,,,,,13.00,,,,,1,2,,4,,6,,,5000.00,6.00,,,5,,,,,,,,,,,,,,6.00,2.00,10.00,2.00,20.00,4.00,1.00,
215.00,5,4.00,3,,,,150.00,,14,151.00,,13.00,,,2.00,,,,,,,,,,,,,,,,,2,,,,,,,,98.00,,,4,,,,,,,,,,,,,,6.00,2.00,17.00,1.00,30.00,3.00,4.00,
216.00,2,2.00,4,,,,364.00,,14,365.00,,13.00,,1.00,2.00,3.00,4.00,,,,,,,,,13.00,,,16.00,17.00,1,2,3,4,,6,7,8,,98.00,,,5,,,,,,,,,,,,,,6.00,2.00,9.00,1.00,30.00,4.00,2.00,
217.00,2,2.00,2,13,,,90.00,,14,91.00,,13.00,,,2.00,,,,,,,,,,,,,,,,,2,,,,,,,3000.00,5.00,,,5,,,,,,,,,,,,,,6.00,2.00,9.00,1.00,30.00,2.00,2.00,
218.00,1,1.00,4,,,,210.00,,14,211.00,,13.00,,1.00,,,,,,,,,,,,,,,,,1,,,,,,,,8003.27,6.00,,,4,,,,,,,,,,,,,,6.00,2.00,15.00,2.00,20.00,4.00,1.00,
219.00,10,4.00,4,,,,90.00,,14,91.00,,13.00,,,2.00,,,,,,,,,,,,,,,,,2,,,,,,,2000.00,4.00,,,5,,,,,,,,,,,,,,6.00,2.00,15.00,1.00,40.00,4.00,4.00,
220.00,1,1.00,4,,,,120.00,,14,121.00,,13.00,,1.00,2.00,,,,,,,,,,,,,,,17.00,1,2,,,,,,8,3200.00,6.00,,,5,,,,,,,,,,,,,,6.00,2.00,12.00,1.00,20.00,4.00,1.00,
221.00,1,1.00,4,,,,120.00,,14,121.00,,13.00,,1.00,2.00,,4.00,,,,,,,,,,,,,,1,2,,4,,,,,4220.28,6.00,,,5,,,,,,,,,,,,,,6.00,2.00,12.00,2.00,20.00,4.00,1.00,
222.00,1,1.00,4,,,,270.00,,14,271.00,,13.00,,1.00,,,,,,,,,,11.00,,13.00,,,,,1,,,,,6,,,,98.00,,,4,,,,,,,,,,,,,,6.00,2.00,15.00,2.00,20.00,4.00,1.00,
223.00,1,1.00,4,,,,150.00,,14,151.00,,13.00,,1.00,,,,,,,,,,,,,,,,,1,,,,,,,,9106.92,6.00,,,5,,,,,,,,,,,,,,6.00,2.00,97.00,2.00,20.00,4.00,1.00,
224.00,20,4.00,4,,,,20.00,20.00,11,21.00,21.00,11.00,,,,,,,,,,,,,,13.00,,,,,,,,,,6,,,640.26,2.00,30.49,1.00,5,,,,,,,,,,,,,,6.00,2.00,97.00,1.00,40.00,4.00,4.00,
225.00,10,4.00,4,,,,30.00,30.00,12,31.00,31.00,11.00,,,,,,,6.00,7.00,,,,,,,,,,,,,,,5,,,,1518.00,4.00,48.97,1.00,4,,,,,,,,,,,,,,6.00,2.00,16.00,1.00,40.00,4.00,4.00,
226.00,1,1.00,4,,,,120.00,,14,121.00,,13.00,,1.00,,,,,,7.00,,,,11.00,12.00,13.00,,,,17.00,1,,,,5,6,,8,4109.22,6.00,,,5,,,,,,,,,,,,,,6.00,2.00,13.00,2.00,20.00,4.00,1.00,
227.00,1,1.00,4,,,,150.00,,14,151.00,,13.00,,1.00,2.00,3.00,4.00,5.00,,,,9.00,,,,13.00,14.00,,,,1,2,3,4,5,6,7,,3664.98,6.00,,,4,,,,,,,,,,,,,,6.00,2.00,13.00,2.00,20.00,4.00,1.00,
228.00,1,1.00,4,,,,120.00,,14,121.00,,13.00,,1.00,,,,,,,,,,,,,,,,,1,,,,,,,,3601.47,6.00,,,4,,,,,,,,,,,,,,6.00,2.00,97.00,2.00,20.00,4.00,1.00,
229.00,1,1.00,4,,,,120.00,,14,121.00,,13.00,,1.00,2.00,,4.00,,,,,,,,,,,,,,1,2,,4,,,,,2400.98,5.00,,,5,,,,,,,,,,,,,,6.00,2.00,97.00,2.00,20.00,4.00,1.00,
230.00,3,3.00,3,,,,50.00,50.00,13,51.00,51.00,11.00,,,,,,5.00,,,,,,,,,,,,,,,,,5,,,,4442.40,6.00,87.11,1.00,4,,,,,,,,,,,,,,6.00,2.00,13.00,1.00,40.00,3.00,3.00,
231.00,1,1.00,1,3,1,,120.00,,14,121.00,,13.00,,1.00,,,,,,,,,10.00,,,,,,,,1,,,,,6,,,1621.20,4.00,,,4,,,,,,,,,,,,,,6.00,2.00,7.00,1.00,20.00,1.00,1.00,
232.00,5,4.00,3,,,,149.00,,14,150.00,,13.00,,1.00,,,,,,,,,,,,,,,,,1,,,,,,,,,98.00,,,5,,,,,,,,,,,,,,6.00,2.00,9.00,1.00,50.00,3.00,4.00,
233.00,1,1.00,3,,,,364.00,,14,365.00,,13.00,,1.00,2.00,3.00,,,,,,,,11.00,,,14.00,,,17.00,1,2,3,,,6,7,8,6402.61,6.00,,,5,,,,,,,,,,,,,,6.00,2.00,9.00,2.00,30.00,3.00,1.00,
234.00,10,4.00,4,,,,300.00,,14,301.00,,13.00,,1.00,,,,,,,,,,,,,,,,,1,,,,,,,,880.36,2.00,,,4,,,,,,,,,,,,,,6.00,2.00,5.00,2.00,20.00,4.00,4.00,
235.00,1,1.00,3,,,,364.00,,14,365.00,,13.00,,1.00,2.00,3.00,,5.00,,,,9.00,,11.00,,,14.00,,,,1,2,3,,5,6,7,,,98.00,,,5,,,,,,,,,,,,,,6.00,2.00,9.00,1.00,20.00,3.00,1.00,
236.00,10,4.00,3,,,,180.00,,14,181.00,,13.00,,1.00,,,,,,,,,,,,13.00,,,,,1,,,,,6,,,5013.36,6.00,,,5,,,,,,,,,,,,,,6.00,2.00,1.00,2.00,30.00,3.00,4.00,
237.00,1,1.00,3,,,,364.00,,14,365.00,,13.00,,1.00,2.00,3.00,4.00,,6.00,7.00,,,,11.00,,13.00,,,,,1,2,3,4,5,6,,,,98.00,,,5,,,,,,,,,,,,,,6.00,2.00,9.00,1.00,20.00,3.00,1.00,
238.00,9,4.00,2,4,3,12,119.00,,14,120.00,,13.00,,1.00,2.00,3.00,,5.00,,,,,,,,,,,,17.00,1,2,3,,5,,,8,7000.00,6.00,,,5,,,,,,,,,,,,,,6.00,2.00,9.00,2.00,40.00,2.00,4.00,
239.00,1,1.00,4,,,,364.00,,14,365.00,,13.00,,1.00,2.00,3.00,4.00,,,,,,,11.00,12.00,13.00,14.00,,,,1,2,3,4,,6,7,,,98.00,,,4,,,,,,,,,,,,,,6.00,2.00,97.00,2.00,20.00,4.00,1.00,
240.00,6,4.00,4,,,,179.00,,14,180.00,,13.00,,1.00,,,,,,,,,,,,,,,,,1,,,,,,,,5202.12,6.00,,,5,,,,,,,,,,,,,,6.00,2.00,6.00,2.00,30.00,4.00,4.00,
241.00,2,2.00,3,,,,4.00,4.00,4,5.00,5.00,5.00,,1.00,,,,,,,,,,,,,,,,,1,,,,,,,,1999.08,4.00,399.82,4.00,5,,,,,,,,,,,,,,6.00,2.00,12.00,1.00,30.00,3.00,2.00,
242.00,4,4.00,2,13,,,240.00,,14,241.00,,13.00,,1.00,,3.00,4.00,,,,,,,,,,,,,,1,,3,4,,,,,3201.31,6.00,,,4,,,,,,,,,,,,,,6.00,2.00,18.00,2.00,40.00,2.00,4.00,
243.00,3,3.00,4,,,,270.00,,14,271.00,,13.00,,1.00,2.00,,4.00,,,,,,,,,,,,,,1,2,,4,,,,,1440.59,3.00,,,5,,,,,,,,,,,,,,6.00,2.00,18.00,2.00,20.00,4.00,3.00,
244.00,4,4.00,3,,,,30.00,30.00,12,31.00,31.00,11.00,,1.00,,,,,,,,,,,,,,,,,1,,,,,,,,874.32,2.00,28.20,1.00,4,,,,,,,,,,,,,,6.00,2.00,10.00,2.00,30.00,3.00,4.00,
245.00,1,1.00,4,,,,150.00,,14,151.00,,13.00,,1.00,,3.00,,,,,,,,,,13.00,,,,,1,,3,,,6,,,3000.00,5.00,,,5,,,,,,,,,,,,,,6.00,2.00,9.00,1.00,20.00,4.00,1.00,
246.00,5,4.00,2,13,,,300.00,,14,301.00,,13.00,,,2.00,,,,,,,,,,,,,,,,,2,,,,,,,1600.65,4.00,,,5,,,,,,,,,,,,,,6.00,2.00,19.00,2.00,30.00,2.00,4.00,
247.00,10,4.00,2,13,,,90.00,,14,91.00,,13.00,,1.00,,,,,,,,,,,,,,,,,1,,,,,,,,5202.12,6.00,,,5,,,,,,,,,,,,,,6.00,2.00,1.00,2.00,30.00,2.00,4.00,
248.00,20,4.00,4,,,,30.00,30.00,12,31.00,31.00,11.00,,1.00,,3.00,,,,,,,,,,,,,,,1,,3,,,,,,2599.52,5.00,83.86,1.00,4,,,,,,,,,,,,,,6.00,2.00,1.00,1.00,50.00,4.00,4.00,
249.00,6,4.00,2,13,,,90.00,,14,91.00,,13.00,,,,,,,,7.00,,,,,,,,,,,,,,,5,,,,1392.60,3.00,,,4,,,,,,,,,,,,,,6.00,2.00,1.00,2.00,50.00,2.00,4.00,
250.00,3,3.00,4,,,,180.00,,14,181.00,,13.00,,1.00,,,,5.00,,,,,,,,,,,,,1,,,,5,,,,8440.56,6.00,,,5,,,,,,,,,,,,,,6.00,2.00,13.00,1.00,40.00,4.00,3.00,
251.00,1,1.00,3,,,,300.00,,14,301.00,,13.00,,1.00,2.00,,4.00,,,,,9.00,10.00,,12.00,13.00,,,,17.00,1,2,,4,,6,,8,,98.00,,,5,,,,,,,,,,,,,,6.00,2.00,13.00,2.00,20.00,3.00,1.00,
252.00,1,1.00,4,,,,364.00,,14,365.00,,13.00,,1.00,,,,,,,,,,,,,,,,,1,,,,,,,,8358.00,6.00,,,5,,,,,,,,,,,,,,6.00,2.00,17.00,2.00,20.00,4.00,1.00,
253.00,1,1.00,4,,,,364.00,,14,365.00,,13.00,,,,,,,,,,,,11.00,,,,,,,,,,,,6,,,4001.63,6.00,,,4,,,,,,,,,,,,,,6.00,2.00,17.00,2.00,20.00,4.00,1.00,
254.00,1,1.00,3,,,,90.00,,14,91.00,,13.00,,1.00,,,,,,,,,,,,,,,,,1,,,,,,,,2487.50,5.00,,,4,,,,,,,,,,,,,,6.00,2.00,17.00,1.00,40.00,3.00,1.00,
255.00,3,3.00,3,,,,90.00,,14,91.00,,13.00,,1.00,2.00,,,,,,,,,,,,,,,,1,2,,,,,,,6000.00,6.00,,,4,,,,,,,,,,,,,,6.00,2.00,9.00,2.00,40.00,3.00,3.00,
256.00,6,4.00,2,13,,,60.00,60.00,14,61.00,,12.00,,1.00,2.00,,,,,,,,,,,,,,,,1,2,,,,,,,4735.90,6.00,,,5,,,,,,,,,,,,,,6.00,2.00,10.00,2.00,60.00,2.00,4.00,
257.00,4,4.00,3,,,,50.00,50.00,13,51.00,51.00,11.00,,1.00,2.00,3.00,,,,,,,,,,,,,,17.00,1,2,3,,,,,8,8000.00,6.00,156.86,2.00,5,,,,,,,,,,,,,,6.00,2.00,9.00,1.00,60.00,3.00,4.00,
258.00,10,4.00,4,,,,120.00,,14,121.00,,13.00,,1.00,,,,,,,,,,,,,,,,17.00,1,,,,,,,8,2800.00,5.00,,,4,,,,,,,,,,,,,,6.00,2.00,2.00,2.00,20.00,4.00,4.00,
259.00,5,4.00,2,1,2,11,180.00,,14,181.00,,13.00,,1.00,,,,,,,,,,,,,,,,,1,,,,,,,,1200.49,3.00,,,4,,,,,,,,,,,,,,6.00,2.00,2.00,1.00,20.00,2.00,4.00,
260.00,1,1.00,4,,,,270.00,,14,271.00,,13.00,,1.00,2.00,,4.00,,,,,,,,,,,,,,1,2,,4,,,,,7560.00,6.00,,,4,,,,,,,,,,,,,,6.00,2.00,2.00,1.00,20.00,4.00,1.00,
261.00,5,4.00,3,,,,60.00,60.00,14,61.00,,12.00,,,2.00,,,,,,,,,,,,,,,,,2,,,,,,,360.15,1.00,,,4,,,,,,,,,,,,,,6.00,2.00,2.00,1.00,30.00,3.00,4.00,
262.00,2,2.00,3,,,,364.00,,14,365.00,,13.00,,1.00,2.00,,,,,,,,,,,13.00,14.00,,,17.00,1,2,,,,6,7,8,10000.00,6.00,,,5,,,,,,,,,,,,,,6.00,2.00,9.00,2.00,40.00,3.00,2.00,
263.00,10,4.00,3,,,,364.00,,14,365.00,,13.00,,,,,,5.00,6.00,,,,,,,,,,,,,,,,5,,,,,98.00,,,5,,,,,,,,,,,,,,6.00,2.00,9.00,2.00,20.00,3.00,4.00,
264.00,5,4.00,2,6,10,1,162.00,,14,163.00,,13.00,,1.00,,,,,,,,,,,,,,,,,1,,,,,,,,1092.90,3.00,,,4,,,,,,,,,,,,,,6.00,2.00,10.00,2.00,20.00,2.00,4.00,
265.00,1,1.00,4,,,,120.00,,14,121.00,,13.00,,1.00,,,,,,,,,,,,,,,,,1,,,,,,,,2400.98,5.00,,,4,,,,,,,,,,,,,,6.00,2.00,12.00,1.00,20.00,4.00,1.00,
266.00,1,1.00,4,,,,300.00,,14,301.00,,13.00,,,,,,,,,,,,,,13.00,,,,,,,,,,6,,,555.30,2.00,,,5,,,,,,,,,,,,,,6.00,2.00,97.00,1.00,20.00,4.00,1.00,
267.00,3,3.00,3,,,,90.00,,14,91.00,,13.00,,1.00,2.00,,,,,,,,,,,,,,,,1,2,,,,,,,900.00,2.00,,,4,,,,,,,,,,,,,,6.00,2.00,97.00,1.00,30.00,3.00,3.00,
268.00,1,1.00,4,,,,300.00,,14,301.00,,13.00,,1.00,,,,,,,,,,,,,,,,,1,,,,,,,,7431.60,6.00,,,5,,,,,,,,,,,,,,6.00,2.00,11.00,1.00,20.00,4.00,1.00,
269.00,1,1.00,2,13,,,360.00,,14,361.00,,13.00,,1.00,,,4.00,,,,,,,,,13.00,,,,,1,,,4,,6,,,8000.00,6.00,,,5,,,,,,,,,,,,,,6.00,2.00,9.00,2.00,40.00,2.00,1.00,
270.00,1,1.00,3,,,,89.00,,14,90.00,,12.00,,,,,,,,7.00,,,,,,,,,,,,,,,5,,,,9000.00,6.00,,,5,,,,,,,,,,,,,,6.00,2.00,9.00,1.00,40.00,3.00,1.00,
271.00,10,4.00,4,,,,40.00,40.00,13,41.00,41.00,11.00,,1.00,,,4.00,,,,,,,,,,,,,,1,,,4,,,,,4500.00,6.00,109.76,2.00,5,,,,,,,,,,,,,,6.00,2.00,9.00,1.00,40.00,4.00,4.00,
272.00,3,3.00,3,,,,150.00,,14,151.00,,13.00,,,,,,,,,,,,,,13.00,,,,,,,,,,6,,,7218.90,6.00,,,5,,,,,,,,,,,,,,6.00,2.00,12.00,2.00,60.00,3.00,3.00,
273.00,5,4.00,3,,,,90.00,,14,91.00,,13.00,,1.00,,,,,,,,,,,,,,,,,1,,,,,,,,2800.00,5.00,,,4,,,,,,,,,,,,,,6.00,2.00,9.00,1.00,30.00,3.00,4.00,
274.00,2,2.00,2,13,,,90.00,,14,91.00,,13.00,,1.00,,,,,,,,,,,,,,,,,1,,,,,,,,5602.29,6.00,,,5,,,,,,,,,,,,,,6.00,2.00,12.00,1.00,30.00,2.00,2.00,
275.00,1,1.00,4,,,,364.00,,14,365.00,,13.00,,1.00,,,,,,,,,,,,,,,,,1,,,,,,,,6402.61,6.00,,,5,,,,,,,,,,,,,,6.00,2.00,13.00,2.00,20.00,4.00,1.00,
276.00,4,4.00,4,,,,180.00,,14,181.00,,13.00,,1.00,,,,,,,,,,,,,,,,,1,,,,,,,,4000.00,6.00,,,5,,,,,,,,,,,,,,6.00,2.00,9.00,2.00,20.00,4.00,4.00,
277.00,5,4.00,2,13,,,30.00,30.00,12,31.00,31.00,11.00,,1.00,2.00,,,,,,,,,,,,,,,,1,2,,,,,,,800.33,2.00,25.82,1.00,5,,,,,,,,,,,,,,6.00,2.00,15.00,2.00,40.00,2.00,4.00,
278.00,2,2.00,4,,,,300.00,,14,301.00,,13.00,,1.00,,3.00,4.00,,,,,,,,,,,,,,1,,3,4,,,,,4401.80,6.00,,,4,,,,,,,,,,,,,,6.00,2.00,15.00,2.00,20.00,4.00,2.00,
279.00,3,3.00,1,12,1,8,90.00,,14,91.00,,13.00,,1.00,2.00,,4.00,,,7.00,,,,,,,,,,,1,2,,4,5,,,,,98.00,,,5,,,,,,,,,,,,,,6.00,2.00,13.00,2.00,50.00,1.00,3.00,
280.00,2,2.00,4,,,,180.00,,14,181.00,,13.00,,1.00,2.00,,,,,,,,,,,13.00,,,,,1,2,,,,6,,,4401.80,6.00,,,5,,,,,,,,,,,,,,6.00,2.00,10.00,1.00,30.00,4.00,2.00,
281.00,10,4.00,4,,,,120.00,,14,121.00,,13.00,,1.00,,,4.00,,,,,,,,,,,,,,1,,,4,,,,,4642.00,6.00,,,5,,,,,,,,,,,,,,6.00,2.00,1.00,2.00,30.00,4.00,4.00,
282.00,1,1.00,3,,,,210.00,,14,211.00,,13.00,,,,,,,,,,,,11.00,,,,,,,,,,,,6,,,3201.31,6.00,,,5,,,,,,,,,,,,,,6.00,2.00,17.00,1.00,20.00,3.00,1.00,
283.00,5,4.00,3,,,,240.00,,14,241.00,,13.00,,1.00,,,,,,,,,,,,,,,,,1,,,,,,,,9284.00,6.00,,,4,,,,,,,,,,,,,,6.00,2.00,1.00,1.00,40.00,3.00,4.00,
284.00,10,4.00,2,13,,,30.00,30.00,12,31.00,31.00,11.00,,1.00,,,,,,,,,,,,,,,,,1,,,,,,,,4001.63,6.00,129.08,2.00,5,,,,,,,,,,,,,,6.00,2.00,9.00,2.00,60.00,2.00,4.00,
285.00,1,1.00,4,,,,150.00,,14,151.00,,13.00,,1.00,2.00,,,,,,,,,,,,,,,,1,2,,,,,,,3360.90,6.00,,,5,,,,,,,,,,,,,,7.00,3.00,12.00,2.00,20.00,4.00,1.00,
286.00,2,2.00,3,,,,17.00,17.00,11,18.00,18.00,11.00,,,,,,,,7.00,,,,,,,,,,,,,,,5,,,,1568.42,4.00,87.13,1.00,4,,,,,,,,,,,,,,7.00,3.00,12.00,1.00,40.00,3.00,2.00,
287.00,5,4.00,3,,,,20.00,20.00,11,21.00,21.00,11.00,,1.00,,,4.00,,,,,,,,,,,,,,1,,,4,,,,,2240.60,5.00,106.70,2.00,4,,,,,,,,,,,,,,7.00,3.00,12.00,1.00,50.00,3.00,4.00,
288.00,1,1.00,4,,,,150.00,,14,151.00,,13.00,,1.00,,,,,,,,,,,,13.00,,,,17.00,1,,,,,6,,8,2694.85,5.00,,,5,,,,,,,,,,,,,,7.00,3.00,12.00,1.00,20.00,4.00,1.00,
289.00,3,3.00,4,,,,150.00,,14,151.00,,13.00,,1.00,,,,,,,,,,,,,,,,,1,,,,,,,,4899.72,6.00,,,4,,,,,,,,,,,,,,7.00,3.00,9.00,1.00,20.00,4.00,3.00,
290.00,20,4.00,3,,,,20.00,20.00,11,21.00,21.00,11.00,,1.00,,,,,,,,,10.00,,,,,,,,1,,,,,6,,,4000.00,6.00,190.48,2.00,4,,,,,,,,,,,,,,7.00,3.00,4.00,1.00,50.00,3.00,4.00,
291.00,3,3.00,2,13,,,29.00,29.00,12,30.00,30.00,11.00,,1.00,,,,,6.00,,,,,,,,,,,,1,,,,5,,,,979.94,2.00,32.66,1.00,5,,,,,,,,,,,,,,7.00,3.00,10.00,1.00,20.00,2.00,3.00,
292.00,5,4.00,2,13,,,40.00,40.00,13,41.00,41.00,11.00,,,,,,,,7.00,,,,,,,,,,,,,,,5,,,,2000.00,4.00,48.78,1.00,4,,,,,,,,,,,,,,7.00,3.00,9.00,2.00,30.00,2.00,4.00,
293.00,1,1.00,1,1,5,13,152.00,,14,153.00,,13.00,,1.00,2.00,,4.00,,,,,,,,,,,,,,1,2,,4,,,,,8166.20,6.00,,,4,,,,,,,,,,,,,,7.00,3.00,97.00,2.00,20.00,1.00,1.00,
294.00,6,4.00,2,13,,,91.00,,14,92.00,,13.00,,1.00,2.00,,,,,,,,,,,,,,,,1,2,,,,,,,2449.86,5.00,,,5,,,,,,,,,,,,,,7.00,3.00,9.00,2.00,40.00,2.00,4.00,
295.00,2,2.00,4,,,,150.00,,14,151.00,,13.00,,1.00,,,4.00,,,,,,10.00,,,,,,,,1,,,4,,6,,,4083.10,6.00,,,5,,,,,,,,,,,,,,7.00,3.00,1.00,2.00,20.00,4.00,2.00,
296.00,2,2.00,4,,,,136.00,,14,137.00,,13.00,,1.00,,,,,,,,,,,12.00,13.00,,,,17.00,1,,,,,6,,8,3360.90,6.00,,,5,,,,,,,,,,,,,,7.00,3.00,13.00,2.00,20.00,4.00,2.00,
297.00,1,1.00,1,1,4,7,89.00,,14,90.00,,12.00,,1.00,2.00,,,,,,,,,,,13.00,,,,,1,2,,,,6,,,7000.00,6.00,,,5,,,,,,,,,,,,,,7.00,3.00,13.00,1.00,20.00,1.00,1.00,
298.00,3,3.00,4,,,,325.00,,14,326.00,,13.00,,1.00,2.00,3.00,4.00,,,,,,,,,,14.00,,,17.00,1,2,3,4,,,7,8,,98.00,,,5,,,,,,,,,,,,,,7.00,3.00,13.00,1.00,20.00,4.00,3.00,
299.00,1,1.00,4,,,,300.00,,14,301.00,,13.00,,1.00,2.00,3.00,,,,,,,,11.00,,13.00,,,,17.00,1,2,3,,,6,,8,8962.40,6.00,,,5,,,,,,,,,,,,,,7.00,3.00,13.00,1.00,20.00,4.00,1.00,
300.00,2,2.00,1,8,,,21.00,21.00,12,22.00,22.00,11.00,,1.00,,3.00,,,,,,,,,,,,,,,1,,3,,,,,,10000.00,6.00,454.55,5.00,5,,,,,,,,,,,,,,7.00,3.00,9.00,1.00,20.00,1.00,2.00,
301.00,5,4.00,4,,,,150.00,,14,151.00,,13.00,,,,,,,,,,,,11.00,12.00,,,,,,,,,,,6,,,6532.96,6.00,,,3,,,,,,,,,,,,,,7.00,3.00,97.00,2.00,30.00,4.00,4.00,
302.00,1,1.00,2,13,,,62.00,,14,63.00,,12.00,,1.00,2.00,,,,,,,,,,,,,,,,1,2,,,,,,,5000.00,6.00,,,5,,,,,,,,,,,,,,7.00,3.00,9.00,2.00,15.00,2.00,1.00,
303.00,10,4.00,2,8,,,60.00,60.00,14,61.00,,12.00,,1.00,,,,,,,,,,,,,,,,,1,,,,,,,,,98.00,,,5,,,,,,,,,,,,,,7.00,3.00,9.00,2.00,50.00,2.00,4.00,
304.00,10,4.00,3,,,,3.00,3.00,3,4.00,4.00,4.00,,,,,,,,7.00,,,,,,,,,,,,,,,5,,,,465.05,1.00,116.26,2.00,5,,,,,,,,,,,,,,7.00,3.00,1.00,1.00,50.00,3.00,4.00,
305.00,2,2.00,2,13,,,17.00,17.00,11,18.00,18.00,11.00,,1.00,2.00,,,,,,,,,,,,,,,,1,2,,,,,,,5000.00,6.00,277.78,3.00,5,,,,,,,,,,,,,,7.00,3.00,9.00,2.00,20.00,2.00,2.00,
306.00,5,4.00,3,,,,30.00,30.00,12,31.00,31.00,11.00,,1.00,,,,,,,,,,,,,,,,,1,,,,,,,,1116.12,3.00,36.00,1.00,5,,,,,,,,,,,,,,7.00,3.00,1.00,1.00,30.00,3.00,4.00,
307.00,30,4.00,3,,,,120.00,,14,121.00,,13.00,,,,,,5.00,,,,,,,,,,,,,,,,,5,,,,3720.40,6.00,,,4,,,,,,,,,,,,,,7.00,3.00,1.00,1.00,40.00,3.00,4.00,
308.00,6,4.00,3,,,,40.00,40.00,13,41.00,41.00,11.00,,,,,,,,,,,,,,13.00,,,,,,,,,,6,,,3348.36,6.00,81.67,1.00,4,,,,,,,,,,,,,,7.00,3.00,1.00,1.00,40.00,3.00,4.00,
309.00,2,2.00,3,,,,180.00,,14,181.00,,13.00,,,,,,,6.00,,,,,,,,,,,,,,,,5,,,,4200.00,6.00,,,4,,,,,,,,,,,,,,7.00,3.00,13.00,1.00,30.00,3.00,2.00,
310.00,4,4.00,3,,,,360.00,,14,361.00,,13.00,,1.00,2.00,,,,,,,,,,,13.00,,,,17.00,1,2,,,,6,,8,8166.20,6.00,,,5,,,,,,,,,,,,,,7.00,3.00,9.00,1.00,30.00,3.00,4.00,
311.00,1,1.00,2,13,,,60.00,60.00,14,61.00,,12.00,,1.00,2.00,,,,,,,,,,,,,,,,1,2,,,,,,,7000.00,6.00,,,5,,,,,,,,,,,,,,7.00,3.00,9.00,2.00,20.00,2.00,1.00,
312.00,6,4.00,4,,,,150.00,,14,151.00,,13.00,,1.00,,,,,,,,,,,,,,15.00,,,1,,,,,,7,,4899.72,6.00,,,5,,,,,,,,,,,,,,7.00,3.00,2.00,2.00,20.00,4.00,4.00,
313.00,5,4.00,4,,,,120.00,,14,121.00,,13.00,,1.00,,,,,,,,,,,,,,,,,1,,,,,,,,7075.00,6.00,,,4,,,,,,,,,,,,,,7.00,3.00,2.00,1.00,20.00,4.00,4.00,
314.00,2,2.00,2,5,4,1,150.00,,14,151.00,,13.00,,,,,,,,,,,,,,13.00,,,,,,,,,,6,,,3537.50,6.00,,,4,,,,,,,,,,,,,,7.00,3.00,2.00,1.00,20.00,2.00,2.00,
315.00,1,1.00,3,,,,60.00,60.00,14,61.00,,12.00,,,,,,,,,,,,,,,14.00,,,,,,,,,,7,,8490.00,6.00,,,4,,,,,,,,,,,,,,7.00,3.00,2.00,1.00,20.00,3.00,1.00,
316.00,10,4.00,3,,,,364.00,,14,365.00,,13.00,,1.00,,,,,,,,,,,,,,,,,1,,,,,,,,6532.96,6.00,,,4,,,,,,,,,,,,,,7.00,3.00,2.00,1.00,30.00,3.00,4.00,
317.00,6,4.00,3,,,,90.00,,14,91.00,,13.00,,,2.00,,,,,,,,,,,,,15.00,,,,2,,,,,7,,1981.00,4.00,,,5,,,,,,,,,,,,,,7.00,3.00,2.00,1.00,20.00,3.00,4.00,
318.00,8,4.00,4,,,,90.00,,14,91.00,,13.00,,,,,,,6.00,,,,,,,,,,,,,,,,5,,,,3266.48,6.00,,,4,,,,,,,,,,,,,,7.00,3.00,2.00,2.00,20.00,4.00,4.00,
319.00,3,3.00,1,1,2,5,179.00,,14,180.00,,13.00,,1.00,2.00,3.00,,,,,,,,,,,,,,,1,2,3,,,,,,4952.50,6.00,,,4,,,,,,,,,,,,,,7.00,3.00,2.00,2.00,20.00,1.00,3.00,
320.00,20,4.00,2,2,13,,179.00,,14,180.00,,13.00,,,,,,,,,,,,11.00,,,,,,,,,,,,6,,,4899.72,6.00,,,4,,,,,,,,,,,,,,7.00,3.00,2.00,2.00,50.00,2.00,4.00,
321.00,5,4.00,1,3,2,10,119.00,,14,120.00,,13.00,,1.00,,,,,,,,,,,,,,,,,1,,,,,,,,,98.00,,,5,,,,,,,,,,,,,,7.00,3.00,2.00,1.00,20.00,1.00,4.00,
322.00,1,1.00,3,,,,43.00,43.00,13,44.00,44.00,11.00,,,,,,,,,,,10.00,,,,,,,,,,,,,6,,,4245.00,6.00,96.48,1.00,5,,,,,,,,,,,,,,7.00,3.00,2.00,1.00,20.00,3.00,1.00,
323.00,3,3.00,1,2,,,89.00,,14,90.00,,12.00,,1.00,,3.00,,,,,,,,,,,,,,,1,,3,,,,,,,98.00,,,5,,,,,,,,,,,,,,7.00,3.00,2.00,1.00,50.00,1.00,3.00,
324.00,10,4.00,1,2,,,89.00,,14,90.00,,12.00,,1.00,,3.00,,,,,,,,,,,,,,,1,,3,,,,,,2858.17,5.00,,,5,,,,,,,,,,,,,,7.00,3.00,2.00,1.00,40.00,1.00,4.00,
325.00,20,4.00,4,,,,149.00,,14,150.00,,13.00,,1.00,,,,,,,,,,,,,,,,,1,,,,,,,,,98.00,,,4,,,,,,,,,,,,,,7.00,3.00,2.00,2.00,20.00,4.00,4.00,
326.00,3,3.00,4,,,,269.00,,14,270.00,,13.00,,1.00,2.00,3.00,,,,,,,,,,13.00,,,,17.00,1,2,3,,,6,,8,,98.00,,,5,,,,,,,,,,,,,,7.00,3.00,2.00,1.00,20.00,4.00,3.00,
327.00,4,4.00,1,2,12,,150.00,,14,151.00,,13.00,,1.00,,3.00,,,,,,,,,,,,,,,1,,3,,,,,,,98.00,,,4,,,,,,,,,,,,,,7.00,3.00,2.00,1.00,30.00,1.00,4.00,
328.00,3,3.00,3,,,,35.00,35.00,13,36.00,36.00,11.00,,,,3.00,,,,,,,,11.00,,,14.00,,,,,,3,,,6,7,,2912.78,5.00,80.91,1.00,5,,,,,,,,,,,,,,7.00,3.00,12.00,1.00,30.00,3.00,3.00,
329.00,2,2.00,4,,,,150.00,,14,151.00,,13.00,,1.00,,3.00,4.00,,,,,,,,,13.00,,,,,1,,3,4,,6,,,6532.96,6.00,,,4,,,,,,,,,,,,,,7.00,3.00,6.00,2.00,20.00,4.00,2.00,
330.00,10,4.00,1,6,13,,63.00,,14,64.00,,12.00,,1.00,,,,,,,,,,,,,,,,,1,,,,,,,,5716.34,6.00,,,4,,,,,,,,,,,,,,7.00,3.00,7.00,2.00,30.00,1.00,4.00,
331.00,2,2.00,1,4,9,7,122.00,,14,123.00,,13.00,,1.00,,,,,,,,,,,,13.00,,,,,1,,,,,6,,,8166.20,6.00,,,4,,,,,,,,,,,,,,7.00,3.00,9.00,1.00,20.00,1.00,2.00,
332.00,4,4.00,3,,,,90.00,,14,91.00,,13.00,,1.00,2.00,,,,,,,,,,,,,,,,1,2,,,,,,,5580.60,6.00,,,4,,,,,,,,,,,,,,7.00,3.00,1.00,2.00,20.00,3.00,4.00,
333.00,2,2.00,3,,,,40.00,40.00,13,41.00,41.00,11.00,,,,,,,,,,,,,,13.00,,,,,,,,,,6,,,450.00,1.00,10.98,1.00,5,,,,,,,,,,,,,,7.00,3.00,9.00,1.00,40.00,3.00,2.00,
334.00,10,4.00,3,,,,60.00,60.00,14,61.00,,12.00,,,,,,5.00,,,,,,,,,,,,,,,,,5,,,,2613.18,5.00,,,5,,,,,,,,,,,,,,7.00,3.00,6.00,1.00,30.00,3.00,4.00,
335.00,1,1.00,4,,,,180.00,,14,181.00,,13.00,,1.00,,,,,,,,,,,,13.00,,,,,1,,,,,6,,,3000.00,5.00,,,5,,,,,,,,,,,,,,7.00,3.00,9.00,2.00,20.00,4.00,1.00,
336.00,3,3.00,2,13,,,150.00,,14,151.00,,13.00,,1.00,2.00,,,,,,,,,,,,,,,,1,2,,,,,,,2041.55,5.00,,,4,,,,,,,,,,,,,,7.00,3.00,15.00,2.00,30.00,2.00,3.00,
337.00,1,1.00,4,,,,300.00,,14,301.00,,13.00,,1.00,2.00,,4.00,,,,,,,,,13.00,,,,,1,2,,4,,6,,,2200.00,5.00,,,5,,,,,,,,,,,,,,7.00,3.00,9.00,2.00,20.00,4.00,1.00,
338.00,4,4.00,3,,,,21.00,21.00,12,22.00,22.00,11.00,,1.00,,,4.00,,,,,,,,,,,,,,1,,,4,,,,,2240.60,5.00,101.85,2.00,4,,,,,,,,,,,,,,7.00,3.00,12.00,1.00,40.00,3.00,4.00,
339.00,5,4.00,4,,,,180.00,,14,181.00,,13.00,,1.00,2.00,3.00,,,,,,,,,,,,,,,1,2,3,,,,,,489.97,1.00,,,4,,,,,,,,,,,,,,7.00,3.00,2.00,2.00,20.00,4.00,4.00,
340.00,6,4.00,3,,,,20.00,20.00,11,21.00,21.00,11.00,,,2.00,,,,,,,,,,,,,,,,,2,,,,,,,816.62,2.00,38.89,1.00,5,,,,,,,,,,,,,,7.00,3.00,2.00,1.00,30.00,3.00,4.00,
341.00,1,1.00,1,4,3,6,150.00,,14,151.00,,13.00,,1.00,2.00,,4.00,,,,,,,,,13.00,14.00,,16.00,17.00,1,2,,4,,6,7,8,4416.60,6.00,,,5,,,,,,,,,,,,,,7.00,3.00,10.00,2.00,20.00,1.00,1.00,
342.00,3,3.00,3,,,,15.00,15.00,11,16.00,16.00,11.00,,1.00,,,4.00,,,,,,,,,,,,,,1,,,4,,,,,1104.15,3.00,69.01,1.00,4,,,,,,,,,,,,,,7.00,3.00,10.00,1.00,30.00,3.00,3.00,
343.00,5,4.00,2,13,,,30.00,30.00,12,31.00,31.00,11.00,,1.00,,,,,,,,,,,,,,,,,1,,,,,,,,2000.00,4.00,64.52,1.00,4,,,,,,,,,,,,,,7.00,3.00,9.00,2.00,50.00,2.00,4.00,
344.00,1,1.00,3,,,,25.00,25.00,12,26.00,26.00,11.00,,,,,,,,,,,,,,,,15.00,,,,,,,,,7,,2976.32,5.00,114.47,2.00,5,,,,,,,,,,,,,,7.00,3.00,1.00,1.00,30.00,3.00,1.00,
345.00,1,1.00,3,,,,360.00,,14,361.00,,13.00,,1.00,,,,,,,,,,,,13.00,,,,,1,,,,,6,,,6768.00,6.00,,,5,,,,,,,,,,,,,,7.00,3.00,14.00,2.00,20.00,3.00,1.00,
346.00,3,3.00,4,,,,180.00,,14,181.00,,13.00,,1.00,2.00,,,,,,,,,,,13.00,,,,,1,2,,,,6,,,3919.78,6.00,,,4,,,,,,,,,,,,,,7.00,3.00,14.00,1.00,20.00,4.00,3.00,
347.00,5,4.00,3,,,,300.00,,14,301.00,,13.00,,,,,,,,,,9.00,,,,,,,,,,,,,,6,,,7440.80,6.00,,,4,,,,,,,,,,,,,,7.00,3.00,1.00,1.00,40.00,3.00,4.00,
348.00,1,1.00,4,,,,180.00,,14,181.00,,13.00,,1.00,,,,5.00,,,,,,,,,,,,,1,,,,5,,,,4230.00,6.00,,,5,,,,,,,,,,,,,,7.00,3.00,14.00,1.00,20.00,4.00,1.00,
349.00,1,1.00,4,,,,150.00,,14,151.00,,13.00,,1.00,,,,,,,,,,,,,,,,,1,,,,,,,,2858.17,5.00,,,5,,,,,,,,,,,,,,7.00,3.00,14.00,2.00,20.00,4.00,1.00,
350.00,10,4.00,2,13,,,150.00,,14,151.00,,13.00,,1.00,,,,,,,,,,,,,,,,,1,,,,,,,,2449.86,5.00,,,5,,,,,,,,,,,,,,7.00,3.00,1.00,2.00,40.00,2.00,4.00,
351.00,6,4.00,3,,,,90.00,,14,91.00,,13.00,,,,,,,,,,,10.00,,,,,,,,,,,,,6,,,3162.34,6.00,,,4,,,,,,,,,,,,,,7.00,3.00,1.00,1.00,30.00,3.00,4.00,
352.00,1,1.00,4,,,,150.00,,14,151.00,,13.00,,1.00,2.00,,,5.00,,,,,,,,13.00,,,,17.00,1,2,,,5,6,,8,9799.44,6.00,,,5,,,,,,,,,,,,,,7.00,3.00,14.00,2.00,20.00,4.00,1.00,
353.00,1,1.00,1,3,7,12,181.00,,14,182.00,,13.00,,,,,,,,,,,,,,13.00,14.00,,,,,,,,,6,7,,,98.00,,,5,,,,,,,,,,,,,,7.00,3.00,14.00,2.00,30.00,1.00,1.00,
354.00,3,3.00,4,,,,350.00,,14,351.00,,13.00,,1.00,,,,5.00,,,,9.00,,11.00,12.00,13.00,,,,,1,,,,5,6,,,8166.20,6.00,,,5,,,,,,,,,,,,,,7.00,3.00,14.00,2.00,20.00,4.00,3.00,
355.00,5,4.00,2,2,5,7,178.00,,14,179.00,,13.00,,,,,,,,,,,10.00,,,13.00,,,,,,,,,,6,,,3266.48,6.00,,,5,,,,,,,,,,,,,,7.00,3.00,14.00,2.00,20.00,2.00,4.00,
356.00,2,2.00,4,,,,169.00,,14,170.00,,13.00,,1.00,2.00,3.00,,,,,,,,,,13.00,,,,,1,2,3,,,6,,,1800.00,4.00,,,5,,,,,,,,,,,,,,7.00,3.00,14.00,2.00,20.00,4.00,2.00,
357.00,1,1.00,2,13,,,300.00,,14,301.00,,13.00,,1.00,,,,,,,,9.00,10.00,,,13.00,,15.00,,,1,,,,,6,7,,700.00,2.00,,,5,,,,,,,,,,,,,,7.00,3.00,14.00,2.00,20.00,2.00,1.00,
358.00,2,2.00,4,,,,334.00,,14,335.00,,13.00,,1.00,,3.00,4.00,,,,,9.00,,11.00,,13.00,,,16.00,17.00,1,,3,4,,6,7,8,8962.40,6.00,,,5,,,,,,,,,,,,,,7.00,3.00,97.00,2.00,20.00,4.00,2.00,
359.00,1,1.00,4,,,,180.00,,14,181.00,,13.00,,1.00,,,,,,,,,,,12.00,13.00,,,,,1,,,,,6,,,2449.86,5.00,,,5,,,,,,,,,,,,,,7.00,3.00,14.00,1.00,30.00,4.00,1.00,
360.00,1,1.00,4,,,,62.00,,14,63.00,,12.00,,1.00,,,,,,,,,,,,,,,,,1,,,,,,,,10000.00,6.00,,,5,,,,,,,,,,,,,,7.00,3.00,9.00,2.00,15.00,4.00,1.00,
361.00,4,4.00,3,,,,364.00,,14,365.00,,13.00,,1.00,,3.00,,,,,,,,11.00,,13.00,14.00,,,,1,,3,,,6,7,,,98.00,,,5,,,,,,,,,,,,,,7.00,3.00,9.00,1.00,60.00,3.00,4.00,
362.00,6,4.00,2,13,,,30.00,30.00,12,31.00,31.00,11.00,,,,,,,,,,,,,,13.00,,,,,,,,,,6,,,,98.00,,,4,,,,,,,,,,,,,,7.00,3.00,8.00,1.00,30.00,2.00,4.00,
363.00,2,2.00,2,6,10,1,119.00,,14,120.00,,13.00,,1.00,,3.00,,,,,,,,,,,,,,17.00,1,,3,,,,,8,1619.42,4.00,,,5,,,,,,,,,,,,,,7.00,3.00,10.00,2.00,20.00,2.00,2.00,
364.00,2,2.00,4,,,,180.00,,14,181.00,,13.00,,,2.00,,,,,,,,,,,,,,,,,2,,,,,,,4952.50,6.00,,,5,,,,,,,,,,,,,,7.00,3.00,2.00,2.00,20.00,4.00,2.00,
365.00,2,2.00,4,,,,120.00,,14,121.00,,13.00,,1.00,,,,,,,,,,,,,,,,,1,,,,,,,,7668.69,6.00,,,4,,,,,,,,,,,,,,7.00,3.00,4.00,2.00,20.00,4.00,2.00,
366.00,2,2.00,2,1,,,150.00,,14,151.00,,13.00,,1.00,,3.00,,,,,,,,,,,,,,,1,,3,,,,,,,98.00,,,5,,,,,,,,,,,,,,7.00,3.00,14.00,2.00,20.00,2.00,2.00,
367.00,1,1.00,2,9,4,12,364.00,,14,365.00,,13.00,,1.00,,3.00,,,,,,9.00,,,,,,,,,1,,3,,,6,,,,98.00,,,5,,,,,,,,,,,,,,7.00,3.00,9.00,1.00,20.00,2.00,1.00,
368.00,2,2.00,4,,,,364.00,,14,365.00,,13.00,,1.00,2.00,3.00,,,,,,,,11.00,,,,,,,1,2,3,,,6,,,,98.00,,,5,,,,,,,,,,,,,,7.00,3.00,9.00,2.00,20.00,4.00,2.00,
369.00,2,2.00,4,,,,343.00,,14,344.00,,13.00,,1.00,,3.00,,,,,,9.00,,,,13.00,,,,,1,,3,,,6,,,7842.10,6.00,,,5,,,,,,,,,,,,,,7.00,3.00,97.00,2.00,20.00,4.00,2.00,
370.00,4,4.00,2,13,,,330.00,,14,331.00,,13.00,,1.00,2.00,,,,,7.00,,,,,,,,,16.00,,1,2,,,5,,7,,7349.58,6.00,,,5,,,,,,,,,,,,,,7.00,3.00,97.00,2.00,50.00,2.00,4.00,
371.00,14,4.00,2,13,,,46.00,46.00,13,47.00,47.00,11.00,,1.00,,,,,,,,,,,,,,,,,1,,,,,,,,3000.00,5.00,63.83,1.00,3,,,,,,,,,,,,,,7.00,3.00,9.00,2.00,30.00,2.00,4.00,
372.00,6,4.00,2,13,,,30.00,30.00,12,31.00,31.00,11.00,,1.00,2.00,,,,,,,,,,,,,,,,1,2,,,,,,,3266.48,6.00,105.37,2.00,4,,,,,,,,,,,,,,7.00,3.00,8.00,1.00,30.00,2.00,4.00,
373.00,6,4.00,3,,,,32.00,32.00,13,33.00,33.00,11.00,,1.00,,,,,,,,,,,,,,,,,1,,,,,,,,4000.00,6.00,121.21,2.00,5,,,,,,,,,,,,,,7.00,3.00,10.00,2.00,30.00,3.00,4.00,
374.00,15,4.00,3,,,,100.00,,14,101.00,,13.00,,,,,4.00,,,,,,,,,,,,,,,,,4,,,,,,98.00,,,5,,,,,,,,,,,,,,7.00,3.00,4.00,1.00,40.00,3.00,4.00,
375.00,3,3.00,2,13,,,123.00,,14,124.00,,13.00,,,,,,,,,,,10.00,,,13.00,,,,,,,,,,6,,,4000.00,6.00,,,5,,,,,,,,,,,,,,7.00,3.00,9.00,2.00,30.00,2.00,3.00,
376.00,2,2.00,3,,,,122.00,,14,123.00,,13.00,,1.00,2.00,,,,,,,,,,,,,,,,1,2,,,,,,,4083.10,6.00,,,5,,,,,,,,,,,,,,7.00,3.00,7.00,1.00,20.00,3.00,2.00,
377.00,2,2.00,1,10,7,13,89.00,,14,90.00,,12.00,,1.00,2.00,3.00,,,,,,,,,,,,,,,1,2,3,,,,,,5716.34,6.00,,,5,,,,,,,,,,,,,,7.00,3.00,9.00,1.00,20.00,1.00,2.00,
378.00,1,1.00,4,,,,119.00,,14,120.00,,13.00,,1.00,2.00,,,,,,,9.00,,,,13.00,,,,,1,2,,,,6,,,10000.00,6.00,,,5,,,,,,,,,,,,,,7.00,3.00,14.00,2.00,20.00,4.00,1.00,
379.00,1,1.00,4,,,,150.00,,14,151.00,,13.00,,1.00,,,,,,,,,,,,13.00,14.00,,16.00,17.00,1,,,,,6,7,8,7842.10,6.00,,,5,,,,,,,,,,,,,,7.00,3.00,13.00,1.00,20.00,4.00,1.00,
380.00,1,1.00,2,13,,,29.00,29.00,12,30.00,30.00,11.00,,,,,,,6.00,,,,,,,,,,,,,,,,5,,,,1500.00,3.00,50.00,1.00,5,,,,,,,,,,,,,,7.00,3.00,14.00,1.00,20.00,2.00,1.00,
381.00,3,3.00,1,3,1,4,150.00,,14,151.00,,13.00,,,,3.00,,,,,8.00,,,,,,,,,17.00,,,3,,5,,,8,6721.80,6.00,,,5,,,,,,,,,,,,,,7.00,3.00,13.00,2.00,20.00,1.00,3.00,
382.00,1,1.00,4,,,,150.00,,14,151.00,,13.00,,1.00,2.00,,,,,,,,10.00,,,13.00,,,,17.00,1,2,,,,6,,8,,98.00,,,5,,,,,,,,,,,,,,7.00,3.00,13.00,2.00,20.00,4.00,1.00,
383.00,4,4.00,3,,,,30.00,30.00,12,31.00,31.00,11.00,,,,,,,,,,,,,,,,15.00,,,,,,,,,7,,2800.00,5.00,90.32,1.00,4,,,,,,,,,,,,,,7.00,3.00,97.00,1.00,40.00,3.00,4.00,
384.00,2,2.00,4,,,,180.00,,14,181.00,,13.00,,,,,,,,,,,,,,13.00,,,,,,,,,,6,,,3266.48,6.00,,,5,,,,,,,,,,,,,,7.00,3.00,97.00,1.00,40.00,4.00,2.00,
385.00,10,4.00,3,,,,180.00,,14,181.00,,13.00,,1.00,,3.00,,5.00,,,,,,11.00,12.00,13.00,,,,,1,,3,,5,6,,,7200.00,6.00,,,4,,,,,,,,,,,,,,7.00,3.00,97.00,1.00,40.00,3.00,4.00,
386.00,2,2.00,3,,,,45.00,45.00,13,46.00,46.00,11.00,,,2.00,,,,,,,,,,,,,,,,,2,,,,,,,4818.06,6.00,104.74,2.00,5,,,,,,,,,,,,,,7.00,3.00,15.00,1.00,60.00,3.00,2.00,
387.00,5,4.00,3,,,,80.00,,14,81.00,,12.00,,,,,,,,,,,,,,,14.00,,,,,,,,,,7,,6700.00,6.00,,,4,,,,,,,,,,,,,,7.00,3.00,97.00,1.00,50.00,3.00,4.00,
388.00,4,4.00,3,,,,30.00,30.00,12,31.00,31.00,11.00,,,,,4.00,,,,,,,,,,,,,,,,,4,,,,,1900.00,4.00,61.29,1.00,5,,,,,,,,,,,,,,7.00,3.00,15.00,1.00,40.00,3.00,4.00,
389.00,2,2.00,4,,,,180.00,,14,181.00,,13.00,,1.00,,,,,,,,,,,12.00,13.00,,,16.00,,1,,,,,6,7,,6443.13,6.00,,,4,,,,,,,,,,,,,,7.00,3.00,97.00,2.00,20.00,4.00,2.00,
390.00,10,4.00,2,13,,,40.00,40.00,13,41.00,41.00,11.00,,,,,,,,,,9.00,,,,,,,,,,,,,,6,,,1792.48,4.00,43.72,1.00,4,,,,,,,,,,,,,,7.00,3.00,97.00,1.00,60.00,2.00,4.00,
391.00,1,1.00,4,,,,150.00,,14,151.00,,13.00,,1.00,,,4.00,,,,,9.00,10.00,,,13.00,,,16.00,17.00,1,,,4,,6,7,8,8833.20,6.00,,,5,,,,,,,,,,,,,,7.00,3.00,10.00,1.00,20.00,4.00,1.00,
392.00,2,2.00,3,,,,35.00,35.00,13,36.00,36.00,11.00,,1.00,,,,,,,,9.00,,,,,,,,,1,,,,,6,,,5000.00,6.00,138.89,2.00,5,,,,,,,,,,,,,,7.00,3.00,9.00,1.00,30.00,3.00,2.00,
393.00,10,4.00,2,13,,,60.00,60.00,14,61.00,,12.00,,,2.00,,,,,,,,,,,,,,,,,2,,,,,,,186.02,1.00,,,5,,,,,,,,,,,,,,7.00,3.00,1.00,2.00,30.00,2.00,4.00,
394.00,10,4.00,4,,,,5.00,5.00,5,6.00,6.00,6.00,,,,,,,,,,,,,,,,,16.00,,,,,,,,7,,1395.15,3.00,232.53,3.00,5,,,,,,,,,,,,,,7.00,3.00,1.00,1.00,30.00,4.00,4.00,
395.00,10,4.00,4,,,,21.00,21.00,12,22.00,22.00,11.00,,,,,,,,,,,,,,13.00,,,,,,,,,,6,,,232.53,1.00,10.57,1.00,5,,,,,,,,,,,,,,7.00,3.00,1.00,1.00,50.00,4.00,4.00,
396.00,20,4.00,1,6,1,2,30.00,30.00,12,31.00,31.00,11.00,,1.00,,,,,,,,,,,,,,,,,1,,,,,,,,2790.30,5.00,90.01,1.00,5,,,,,,,,,,,,,,7.00,3.00,1.00,2.00,50.00,1.00,4.00,
397.00,10,4.00,4,,,,40.00,40.00,13,41.00,41.00,11.00,,,2.00,,,,,,,,,,,,,,,,,2,,,,,,,6510.70,6.00,158.80,2.00,4,,,,,,,,,,,,,,7.00,3.00,1.00,1.00,40.00,4.00,4.00,
398.00,7,4.00,3,,,,180.00,,14,181.00,,13.00,,1.00,,3.00,,,,7.00,,,,11.00,,13.00,,,16.00,,1,,3,,5,6,7,,,98.00,,,5,,,,,,,,,,,,,,7.00,3.00,9.00,1.00,30.00,3.00,4.00,
399.00,2,2.00,3,,,,30.00,30.00,12,31.00,31.00,11.00,,,,,,,6.00,,,,,,,,,,,,,,,,5,,,,1456.39,3.00,46.98,1.00,4,,,,,,,,,,,,,,7.00,3.00,13.00,1.00,30.00,3.00,2.00,
400.00,1,1.00,1,1,4,3,120.00,,14,121.00,,13.00,,1.00,,,,,,,,,,,,13.00,,,,,1,,,,,6,,,3248.87,6.00,,,4,,,,,,,,,,,,,,7.00,3.00,12.00,1.00,30.00,1.00,1.00,
401.00,15,4.00,2,13,,,50.00,50.00,13,51.00,51.00,11.00,,,,,,,,,,,,,,13.00,,,,,,,,,,6,,,4000.00,6.00,78.43,1.00,5,,,,,,,,,,,,,,7.00,3.00,9.00,2.00,40.00,2.00,4.00,
402.00,2,2.00,4,,,,360.00,,14,361.00,,13.00,,1.00,2.00,,4.00,,6.00,7.00,,,,,,13.00,,,,,1,2,,4,5,6,,,6721.80,6.00,,,4,,,,,,,,,,,,,,7.00,3.00,12.00,2.00,20.00,4.00,2.00,
403.00,1,1.00,4,,,,150.00,,14,151.00,,13.00,,1.00,,,4.00,,,,,,,,,13.00,,,,,1,,,4,,6,,,2500.00,5.00,,,5,,,,,,,,,,,,,,7.00,3.00,9.00,2.00,20.00,4.00,1.00,
404.00,5,4.00,4,,,,150.00,,14,151.00,,13.00,,1.00,2.00,,4.00,,,,,,,,,,,,,,1,2,,4,,,,,2449.86,5.00,,,4,,,,,,,,,,,,,,7.00,3.00,2.00,1.00,20.00,4.00,4.00,
405.00,2,2.00,3,,,,29.00,29.00,12,30.00,30.00,11.00,,1.00,2.00,,,,6.00,,,,,,,,,,,,1,2,,,5,,,,2240.60,5.00,74.69,1.00,4,,,,,,,,,,,,,,7.00,3.00,12.00,1.00,30.00,3.00,2.00,
406.00,3,3.00,2,13,,,30.00,30.00,12,31.00,31.00,11.00,,,,,4.00,,,,,,,,,,,,,,,,,4,,,,,2000.00,4.00,64.52,1.00,5,,,,,,,,,,,,,,7.00,3.00,9.00,2.00,50.00,2.00,3.00,
407.00,1,1.00,4,,,,300.00,,14,301.00,,13.00,,1.00,2.00,,,,,,,,,,,13.00,,,,,1,2,,,,6,,,4083.10,6.00,,,4,,,,,,,,,,,,,,7.00,3.00,10.00,2.00,20.00,4.00,1.00,
408.00,5,4.00,3,,,,40.00,40.00,13,41.00,41.00,11.00,,1.00,2.00,,4.00,,,,,,,,,,,,,,1,2,,4,,,,,1693.03,4.00,41.29,1.00,4,,,,,,,,,,,,,,7.00,3.00,10.00,1.00,30.00,3.00,4.00,
409.00,6,4.00,3,,,,35.00,35.00,13,36.00,36.00,11.00,,,,,,5.00,,,,,,,,,,,,,,,,,5,,,,4092.44,6.00,113.68,2.00,4,,,,,,,,,,,,,,7.00,3.00,1.00,1.00,40.00,3.00,4.00,
410.00,10,4.00,2,13,,,60.00,60.00,14,61.00,,12.00,,1.00,,,,,,,,,,,,,,,,,1,,,,,,,,3255.35,6.00,,,5,,,,,,,,,,,,,,7.00,3.00,1.00,2.00,40.00,2.00,4.00,
411.00,2,2.00,3,,,,20.00,20.00,11,21.00,21.00,11.00,,,,3.00,,,,,,,,,,,,,,,,,3,,,,,,2600.00,5.00,123.81,2.00,4,,,,,,,,,,,,,,7.00,3.00,9.00,1.00,40.00,3.00,2.00,
412.00,10,4.00,3,,,,30.00,30.00,12,31.00,31.00,11.00,,1.00,,,,,,,,,,,,,,,,,1,,,,,,,,1246.20,3.00,40.20,1.00,5,,,,,,,,,,,,,,7.00,3.00,17.00,1.00,40.00,3.00,4.00,
413.00,2,2.00,4,,,,120.00,,14,121.00,,13.00,,1.00,2.00,,,,,,,,,,,,,,,,1,2,,,,,,,5000.00,6.00,,,5,,,,,,,,,,,,,,7.00,3.00,9.00,2.00,20.00,4.00,2.00,
414.00,4,4.00,3,,,,21.00,21.00,12,22.00,22.00,11.00,,,,,,,,,,,10.00,,,,,,,,,,,,,6,,,4300.00,6.00,195.45,2.00,4,,,,,,,,,,,,,,7.00,3.00,9.00,1.00,40.00,3.00,4.00,
415.00,1,1.00,4,,,,180.00,,14,181.00,,13.00,,1.00,2.00,,4.00,,,,,,,,,,,,16.00,,1,2,,4,,,7,,2400.00,5.00,,,5,,,,,,,,,,,,,,7.00,3.00,9.00,2.00,20.00,4.00,1.00,
416.00,2,2.00,4,,,,120.00,,14,121.00,,13.00,,1.00,,,4.00,,,,,,,,,,,,,,1,,,4,,,,,1900.00,4.00,,,4,,,,,,,,,,,,,,7.00,3.00,12.00,1.00,20.00,4.00,2.00,
417.00,5,4.00,2,13,,,180.00,,14,181.00,,13.00,,,2.00,,,,,,,,,,,,,,,,,2,,,,,,,2449.86,5.00,,,5,,,,,,,,,,,,,,7.00,3.00,15.00,2.00,40.00,2.00,4.00,
418.00,1,1.00,4,,,,150.00,,14,151.00,,13.00,,1.00,,,4.00,,,,,,,,,13.00,,,,17.00,1,,,4,,6,,8,7361.00,6.00,,,5,,,,,,,,,,,,,,7.00,3.00,10.00,2.00,20.00,4.00,1.00,
419.00,1,1.00,4,,,,140.00,,14,141.00,,13.00,,1.00,,,4.00,,,,,,,,,13.00,,,,,1,,,4,,6,,,5888.80,6.00,,,4,,,,,,,,,,,,,,7.00,3.00,10.00,2.00,20.00,4.00,1.00,
420.00,3,3.00,3,,,,28.00,28.00,12,29.00,29.00,11.00,,1.00,,,,,,,,,,,,,14.00,,,,1,,,,,,7,,2208.30,5.00,76.15,1.00,4,,,,,,,,,,,,,,7.00,3.00,10.00,1.00,30.00,3.00,3.00,
421.00,2,2.00,2,13,,,60.00,60.00,14,61.00,,12.00,,,,,4.00,,,,,,,,,,,,,,,,,4,,,,,1800.00,4.00,,,5,,,,,,,,,,,,,,7.00,3.00,9.00,1.00,30.00,2.00,2.00,
422.00,1,1.00,4,,,,360.00,,14,361.00,,13.00,,1.00,2.00,,4.00,,,,,,,,,13.00,,,16.00,17.00,1,2,,4,,6,7,8,6000.00,6.00,,,4,,,,,,,,,,,,,,7.00,3.00,9.00,2.00,20.00,4.00,1.00,
423.00,1,1.00,4,,,,355.00,,14,356.00,,13.00,,1.00,2.00,,,,,,,,,,,13.00,14.00,15.00,16.00,17.00,1,2,,,,6,7,8,,98.00,,,4,,,,,,,,,,,,,,7.00,3.00,9.00,2.00,20.00,4.00,1.00,
424.00,10,4.00,2,13,,,20.00,20.00,11,21.00,21.00,11.00,,1.00,2.00,3.00,,,,,,,,,,,,,,,1,2,3,,,,,,2449.86,5.00,116.66,2.00,5,,,,,,,,,,,,,,7.00,3.00,9.00,1.00,40.00,2.00,4.00,
425.00,3,3.00,1,13,1,4,153.00,,14,154.00,,13.00,,1.00,,,,,,,,,,,,,,,,,1,,,,,,,,1633.24,4.00,,,5,,,,,,,,,,,,,,7.00,3.00,9.00,1.00,20.00,1.00,3.00,
426.00,6,4.00,1,13,,,152.00,,14,153.00,,13.00,,1.00,,3.00,,,,,,,,,,13.00,,,,17.00,1,,3,,,6,,8,5000.00,6.00,,,4,,,,,,,,,,,,,,7.00,3.00,8.00,1.00,40.00,1.00,4.00,
427.00,15,4.00,2,13,,,21.00,21.00,12,22.00,22.00,11.00,,1.00,,,,,,,,,,,,,,,,,1,,,,,,,,10000.00,6.00,454.55,5.00,4,,,,,,,,,,,,,,7.00,3.00,10.00,2.00,30.00,2.00,4.00,
428.00,3,3.00,2,13,,,150.00,,14,151.00,,13.00,,1.00,2.00,3.00,4.00,5.00,6.00,7.00,8.00,9.00,10.00,11.00,,13.00,,15.00,,,1,2,3,4,5,6,7,,9000.00,6.00,,,5,,,,,,,,,,,,,,7.00,3.00,8.00,1.00,20.00,2.00,3.00,
429.00,15,4.00,2,13,,,30.00,30.00,12,31.00,31.00,11.00,,1.00,,,4.00,,,,,,,,,,,,,,1,,,4,,,,,3266.48,6.00,105.37,2.00,4,,,,,,,,,,,,,,7.00,3.00,1.00,2.00,30.00,2.00,4.00,
430.00,1,1.00,3,,,,28.00,28.00,12,29.00,29.00,11.00,,1.00,,,,,,,,,,,,,,,,,1,,,,,,,,3101.25,6.00,106.94,2.00,4,,,,,,,,,,,,,,7.00,3.00,11.00,2.00,60.00,3.00,1.00,
431.00,3,3.00,2,13,,,92.00,,14,93.00,,13.00,,,2.00,,,,,,,,,,,,,,,,,2,,,,,,,3000.00,5.00,,,5,,,,,,,,,,,,,,7.00,3.00,9.00,1.00,20.00,2.00,3.00,
432.00,1,1.00,4,,,,180.00,,14,181.00,,13.00,,1.00,2.00,3.00,,,,,,,,,,,,,,,1,2,3,,,,,,4899.72,6.00,,,5,,,,,,,,,,,,,,7.00,3.00,2.00,2.00,20.00,4.00,1.00,
433.00,1,1.00,3,,,,360.00,,14,361.00,,13.00,,1.00,2.00,,,,,,,,,,,13.00,14.00,15.00,16.00,17.00,1,2,,,,6,7,8,10000.00,6.00,,,5,,,,,,,,,,,,,,7.00,3.00,10.00,1.00,20.00,3.00,1.00,
434.00,2,2.00,1,11,12,4,180.00,,14,181.00,,13.00,,1.00,,,,,,,,,,,,,,,,,1,,,,,,,,2613.18,5.00,,,4,,,,,,,,,,,,,,7.00,3.00,2.00,1.00,30.00,1.00,2.00,
435.00,10,4.00,2,13,,,364.00,,14,365.00,,13.00,,,2.00,,,,,,,,,,,,,,,,,2,,,,,,,,98.00,,,4,,,,,,,,,,,,,,7.00,3.00,2.00,2.00,30.00,2.00,4.00,
436.00,1,1.00,4,,,,150.00,,14,151.00,,13.00,,,2.00,,,,,,,,,,,,,,,,,2,,,,,,,5000.00,6.00,,,4,,,,,,,,,,,,,,7.00,3.00,97.00,2.00,20.00,4.00,1.00,
437.00,1,1.00,4,,,,180.00,,14,181.00,,13.00,,,,,,,,7.00,,,,,,,,,,,,,,,5,,,,5660.00,6.00,,,4,,,,,,,,,,,,,,7.00,3.00,2.00,1.00,20.00,4.00,1.00,
438.00,8,4.00,2,13,,,180.00,,14,181.00,,13.00,,,2.00,,,,,,,,,,,,,,,,,2,,,,,,,2830.00,5.00,,,5,,,,,,,,,,,,,,7.00,3.00,2.00,1.00,20.00,2.00,4.00,
439.00,20,4.00,4,,,,120.00,,14,121.00,,13.00,,1.00,,,4.00,,,,,,,,,,,,,,1,,,4,,,,,5660.00,6.00,,,3,,,,,,,,,,,,,,7.00,3.00,2.00,1.00,20.00,4.00,4.00,
440.00,3,3.00,2,13,,,180.00,,14,181.00,,13.00,,1.00,,,,,,,,,,,,,,,,,1,,,,,,,,6532.96,6.00,,,4,,,,,,,,,,,,,,7.00,3.00,2.00,1.00,20.00,2.00,3.00,
441.00,20,4.00,3,,,,180.00,,14,181.00,,13.00,,1.00,,,,,,,,,,,,,,,,17.00,1,,,,,,,8,,98.00,,,4,,,,,,,,,,,,,,7.00,3.00,2.00,2.00,20.00,3.00,4.00,
442.00,3,3.00,4,,,,300.00,,14,301.00,,13.00,,1.00,,,4.00,,,,,,,,,13.00,,15.00,,,1,,,4,,6,7,,,98.00,,,4,,,,,,,,,,,,,,7.00,3.00,2.00,2.00,20.00,4.00,3.00,
443.00,6,4.00,4,,,,150.00,,14,151.00,,13.00,,1.00,,,,,,,,,,,,,,,,,1,,,,,,,,4245.00,6.00,,,4,,,,,,,,,,,,,,7.00,3.00,2.00,2.00,20.00,4.00,4.00,
444.00,5,4.00,2,13,,,180.00,,14,181.00,,13.00,,1.00,,,,5.00,,,,,,,,,,,,,1,,,,5,,,,5000.00,6.00,,,5,,,,,,,,,,,,,,7.00,3.00,97.00,1.00,40.00,2.00,4.00,
445.00,1,1.00,4,,,,150.00,,14,151.00,,13.00,,1.00,,3.00,4.00,,,,,9.00,10.00,,,13.00,14.00,,,,1,,3,4,,6,7,,4481.20,6.00,,,5,,,,,,,,,,,,,,7.00,3.00,97.00,1.00,20.00,4.00,1.00,
446.00,3,3.00,4,,,,175.00,,14,176.00,,13.00,,1.00,2.00,,4.00,,,,,9.00,,,,13.00,,,,,1,2,,4,,6,,,4899.72,6.00,,,5,,,,,,,,,,,,,,7.00,3.00,11.00,2.00,30.00,4.00,3.00,
447.00,1,1.00,4,,,,4.00,4.00,4,5.00,5.00,5.00,,1.00,,,,,,,,,,,,,,,,,1,,,,,,,,5601.50,6.00,1120.30,8.00,5,,,,,,,,,,,,,,7.00,3.00,97.00,1.00,30.00,4.00,1.00,
448.00,1,1.00,1,7,4,1,120.00,,14,121.00,,13.00,,1.00,,3.00,,,,,,,,,,,,,,,1,,3,,,,,,5000.00,6.00,,,3,,,,,,,,,,,,,,7.00,3.00,20.00,1.00,30.00,1.00,1.00,
449.00,9,4.00,2,13,,,89.00,,14,90.00,,12.00,,1.00,,,,,,,,,,,,,,15.00,,,1,,,,,,7,,1633.24,4.00,,,5,,,,,,,,,,,,,,7.00,3.00,20.00,1.00,20.00,2.00,4.00,
450.00,4,4.00,1,13,,,210.00,,14,211.00,,13.00,,1.00,2.00,,,,,,,,,,,,,,,,1,2,,,,,,,2449.86,5.00,,,5,,,,,,,,,,,,,,7.00,3.00,20.00,1.00,50.00,1.00,4.00,
451.00,10,4.00,4,,,,20.00,20.00,11,21.00,21.00,11.00,,,,3.00,,,,,,,,,,13.00,,,16.00,,,,3,,,6,7,,1700.00,4.00,80.95,1.00,5,,,,,,,,,,,,,,7.00,3.00,97.00,1.00,30.00,4.00,4.00,
452.00,4,4.00,5,,,,62.00,,14,63.00,,12.00,,,2.00,,,,,,,,10.00,,,13.00,,,,,,2,,,,6,,,326.65,1.00,,,3,,,,,,,,,,,,,,7.00,3.00,97.00,1.00,40.00,5.00,4.00,
453.00,3,3.00,2,13,,,152.00,,14,153.00,,13.00,,,2.00,,,,,,,,,,,,,,,,,2,,,,,,,2000.00,4.00,,,5,,,,,,,,,,,,,,7.00,3.00,6.00,2.00,40.00,2.00,3.00,
454.00,10,4.00,3,,,,18.00,18.00,11,19.00,19.00,11.00,,1.00,,,,,,,,,,,,,,,,,1,,,,,,,,816.62,2.00,42.98,1.00,4,,,,,,,,,,,,,,7.00,3.00,1.00,1.00,60.00,3.00,4.00,
455.00,5,4.00,3,,,,30.00,30.00,12,31.00,31.00,11.00,,,,,4.00,,,,,,,,,,,,,,,,,4,,,,,3756.45,6.00,121.18,2.00,5,,,,,,,,,,,,,,7.00,3.00,1.00,1.00,40.00,3.00,4.00,
456.00,20,4.00,2,13,,,60.00,60.00,14,61.00,,12.00,,,2.00,,,,,,,,,,,,,,,,,2,,,,,,,2790.30,5.00,,,5,,,,,,,,,,,,,,7.00,3.00,1.00,2.00,50.00,2.00,4.00,
457.00,5,4.00,3,,,,120.00,,14,121.00,,13.00,,1.00,,,,,,,,,,,,,,,,,1,,,,,,,,6000.00,6.00,,,4,,,,,,,,,,,,,,7.00,3.00,9.00,1.00,40.00,3.00,4.00,
458.00,2,2.00,3,,,,90.00,,14,91.00,,13.00,,,,,,,,,,,,,,13.00,,,,,,,,,,6,,,8200.00,6.00,,,5,,,,,,,,,,,,,,7.00,3.00,9.00,1.00,40.00,3.00,2.00,
459.00,1,1.00,4,,,,180.00,,14,181.00,,13.00,,1.00,2.00,3.00,,,,,,,,,,,,,,,1,2,3,,,,,,7453.68,6.00,,,5,,,,,,,,,,,,,,7.00,3.00,4.00,1.00,20.00,4.00,1.00,
460.00,1,1.00,4,,,,150.00,,14,151.00,,13.00,,1.00,2.00,,,,,,,,,,,13.00,,,,,1,2,,,,6,,,4800.00,6.00,,,5,,,,,,,,,,,,,,7.00,3.00,9.00,2.00,40.00,4.00,1.00,
461.00,5,4.00,3,,,,29.00,29.00,12,30.00,30.00,11.00,,1.00,,,,5.00,,,,,,,,,,,,,1,,,,5,,,,1500.00,3.00,50.00,1.00,4,,,,,,,,,,,,,,7.00,3.00,9.00,1.00,40.00,3.00,4.00,
462.00,3,3.00,2,13,,,45.00,45.00,13,46.00,46.00,11.00,,1.00,,,,,,,,,,,,,,,,,1,,,,,,,,3000.00,5.00,65.22,1.00,4,,,,,,,,,,,,,,7.00,3.00,9.00,1.00,20.00,2.00,3.00,
463.00,10,4.00,3,,,,80.00,,14,81.00,,12.00,,1.00,,3.00,,,,,,,,,,,,,,,1,,3,,,,,,3000.00,5.00,,,4,,,,,,,,,,,,,,7.00,3.00,9.00,1.00,60.00,3.00,4.00,
464.00,5,4.00,2,13,,,180.00,,14,181.00,,13.00,,1.00,,,,,,,,,,,,,,,,,1,,,,,,,,2776.51,5.00,,,5,,,,,,,,,,,,,,7.00,3.00,2.00,2.00,20.00,2.00,4.00,
465.00,2,2.00,4,,,,180.00,,14,181.00,,13.00,,1.00,,,,,,,,,,,,,,,,,1,,,,,,,,5308.03,6.00,,,4,,,,,,,,,,,,,,7.00,3.00,10.00,1.00,20.00,4.00,2.00,
466.00,3,3.00,3,,,,40.00,40.00,13,41.00,41.00,11.00,,1.00,2.00,,,,,,,,,,,,,,,,1,2,,,,,,,1003.38,3.00,24.47,1.00,5,,,,,,,,,,,,,,7.00,3.00,4.00,1.00,40.00,3.00,3.00,
467.00,9,4.00,2,1,3,4,41.00,41.00,13,42.00,42.00,11.00,,1.00,,,4.00,,,,,,,,,,,,,,1,,,4,,,,,958.05,2.00,22.81,1.00,5,,,,,,,,,,,,,,4.00,2.00,12.00,1.00,20.00,2.00,4.00,
468.00,2,2.00,1,3,1,11,87.00,,14,88.00,,12.00,,1.00,2.00,,,,,,,,,,,,,,,,1,2,,,,,,,4000.00,6.00,,,4,,,,,,,,,,,,,,4.00,2.00,9.00,1.00,30.00,1.00,2.00,
469.00,4,4.00,2,3,7,13,62.00,,14,63.00,,12.00,,1.00,,3.00,,,,,,,,,,13.00,,,,,1,,3,,,6,,,3818.76,6.00,,,4,,,,,,,,,,,,,,4.00,2.00,12.00,2.00,20.00,2.00,4.00,
470.00,2,2.00,1,3,4,6,32.00,32.00,13,33.00,33.00,11.00,,1.00,,,,,,,,,,,,,,,,,1,,,,,,,,3829.70,6.00,116.05,2.00,5,,,,,,,,,,,,,,4.00,2.00,12.00,2.00,20.00,1.00,2.00,
471.00,1,1.00,4,,,,48.00,48.00,13,49.00,49.00,11.00,,1.00,,,,,,,,,,,,,,,,,1,,,,,,,,9580.53,6.00,195.52,2.00,5,,,,,,,,,,,,,,4.00,2.00,12.00,2.00,20.00,4.00,1.00,
472.00,1,1.00,3,,,,250.00,,14,251.00,,13.00,,1.00,2.00,3.00,4.00,5.00,,,,,,,,,,,,17.00,1,2,3,4,5,,,8,6402.61,6.00,,,5,,,,,,,,,,,,,,6.00,2.00,9.00,2.00,20.00,3.00,1.00,
473.00,10,4.00,3,,,,300.00,,14,301.00,,13.00,,1.00,2.00,3.00,4.00,,6.00,,,,,,,13.00,,,,17.00,1,2,3,4,5,6,,8,9041.44,6.00,,,5,1,2,3,4,13,5,6,8,9,10,11,12,,8.00,3.00,9.00,1.00,30.00,3.00,4.00,
474.00,1,1.00,2,13,,,41.00,41.00,13,42.00,42.00,11.00,1,1.00,2.00,,,,,,,,,,,,,,,,1,2,,,,,,,3534.38,6.00,84.15,1.00,4,4,3,,,,,,,,,,,,8.00,3.00,9.00,1.00,30.00,2.00,1.00,1.00
475.00,3,3.00,3,,,,364.00,,14,365.00,,13.00,,1.00,,3.00,,,,,,,,,,,,15.00,,17.00,1,,3,,,,7,8,4109.75,6.00,,,5,5,2,3,4,5,6,7,8,9,10,11,13,,8.00,3.00,9.00,2.00,20.00,3.00,3.00,
476.00,2,2.00,3,,,,364.00,,14,365.00,,13.00,,1.00,,,,,,,,,,,,13.00,,,16.00,,1,,,,,6,7,,,98.00,,,4,4,2,4,6,13,,,,,,,,,8.00,3.00,9.00,1.00,40.00,3.00,2.00,
477.00,5,4.00,2,13,,,20.00,20.00,11,21.00,21.00,11.00,1,1.00,,3.00,,,,,,,,,,,,,,,1,,3,,,,,,1643.90,4.00,78.28,1.00,5,5,2,12,16,,,,,,,,,,8.00,3.00,11.00,1.00,30.00,2.00,4.00,1.00
478.00,3,3.00,3,,,,21.00,21.00,12,22.00,22.00,11.00,2,1.00,,,,5.00,,,,,,,,,,,,,1,,,,5,,,,2465.85,5.00,112.08,2.00,5,2,13,14,,,,,,,,,,,8.00,3.00,11.00,1.00,30.00,3.00,3.00,2.00
479.00,3,3.00,1,13,,,22.00,22.00,12,23.00,23.00,11.00,1,1.00,,,,,,,,,,,,,,,,,1,,,,,,,,2876.82,5.00,125.08,2.00,2,3,1,,,,,,,,,,,,8.00,3.00,11.00,2.00,20.00,1.00,3.00,1.00
480.00,3,3.00,2,13,,,30.00,30.00,12,31.00,31.00,11.00,1,1.00,,,,,,,,9.00,,,,,,,,,1,,,,,6,,,4000.00,6.00,129.03,2.00,5,5,1,2,3,16,,,,,,,,,8.00,3.00,9.00,1.00,20.00,2.00,3.00,1.00
481.00,5,4.00,2,13,,,90.00,,14,91.00,,13.00,1,,2.00,,,,,,,,,,,,,,,,,2,,,,,,,3800.00,6.00,,,5,5,2,1,,,,,,,,,,,8.00,3.00,9.00,2.00,50.00,2.00,4.00,1.00
482.00,6,4.00,2,13,,,30.00,30.00,12,31.00,31.00,11.00,1,1.00,,,,,,,,,,,,,,,,,1,,,,,,,,2000.00,4.00,64.52,1.00,5,5,1,16,,,,,,,,,,,8.00,3.00,9.00,1.00,30.00,2.00,4.00,1.00
483.00,3,3.00,3,,,,152.00,,14,153.00,,13.00,,,2.00,,,,,,,9.00,,,,,,,,,,2,,,,6,,,3000.00,5.00,,,5,5,3,4,5,6,8,13,,,,,,,8.00,3.00,16.00,1.00,30.00,3.00,3.00,
484.00,4,4.00,4,,,,359.00,,14,360.00,,13.00,,1.00,,,,,,,,,,,,,,,,,1,,,,,,,,10000.00,6.00,,,5,3,1,2,4,14,,,,,,,,,8.00,3.00,15.00,1.00,20.00,4.00,4.00,
485.00,5,4.00,2,13,,,240.00,,14,241.00,,13.00,,1.00,,,,,,,,,,,,,,,,,1,,,,,,,,2054.87,5.00,,,5,5,1,2,3,4,6,,,,,,,,8.00,3.00,2.00,2.00,20.00,2.00,4.00,
486.00,3,3.00,2,13,,,215.00,,14,216.00,,13.00,,,2.00,3.00,,,,,,,,,,,,,,,,2,3,,,,,,2465.85,5.00,,,3,3,2,3,11,12,,,,,,,,,8.00,3.00,2.00,2.00,20.00,2.00,3.00,
487.00,1,1.00,3,,,,350.00,,14,351.00,,13.00,,1.00,2.00,,,,,,,,,,,13.00,,15.00,,,1,2,,,,6,7,,7000.00,6.00,,,5,5,2,3,6,10,12,,,,,,,,8.00,3.00,9.00,2.00,20.00,3.00,1.00,
488.00,20,4.00,2,13,,,92.00,,14,93.00,,13.00,1,1.00,2.00,,,,,,,,,,,,,,,,1,2,,,,,,,2700.00,5.00,,,4,5,1,2,,,,,,,,,,,8.00,3.00,9.00,1.00,60.00,2.00,4.00,1.00
489.00,4,4.00,4,,,,364.00,,14,365.00,,13.00,,1.00,2.00,3.00,4.00,,,,,,,,,13.00,,,,,1,2,3,4,,6,,,,98.00,,,4,4,1,2,3,5,6,14,,,,,,,8.00,3.00,1.00,1.00,20.00,4.00,4.00,
490.00,10,4.00,3,,,,180.00,,14,181.00,,13.00,,1.00,,,,5.00,,,,,,,,,,,,,1,,,,5,,,,4523.04,6.00,,,4,3,13,2,,,,,,,,,,,8.00,3.00,1.00,2.00,30.00,3.00,4.00,
491.00,2,2.00,4,,,,210.00,,14,211.00,,13.00,,1.00,,,,,,,,,,,,13.00,,,,,1,,,,,6,,,6596.10,6.00,,,4,4,1,2,3,4,6,10,14,,,,,,8.00,3.00,1.00,2.00,20.00,4.00,2.00,
492.00,10,4.00,2,13,,,90.00,,14,91.00,,13.00,1,,,,,,,,,,,,12.00,,,,,,,,,,,6,,,2811.07,5.00,,,5,5,1,2,3,,,,,,,,,,8.00,3.00,9.00,1.00,50.00,2.00,4.00,1.00
493.00,2,2.00,4,,,,300.00,,14,301.00,,13.00,,1.00,,,,,,,,,,,,,,15.00,16.00,,1,,,,,,7,,6986.57,6.00,,,5,5,1,2,9,10,11,13,,,,,,,8.00,3.00,6.00,2.00,30.00,4.00,2.00,
494.00,3,3.00,3,,,,60.00,60.00,14,61.00,,12.00,1,1.00,2.00,3.00,,,,,,,,,,,,,,,1,2,3,,,,,,5507.06,6.00,,,4,3,2,13,,,,,,,,,,,8.00,3.00,9.00,1.00,40.00,3.00,3.00,1.00
495.00,2,2.00,3,,,,40.00,40.00,13,41.00,41.00,11.00,1,,,,,,6.00,,,,,,,,,,,,,,,,5,,,,5000.00,6.00,121.95,2.00,4,4,1,2,13,,,,,,,,,,8.00,3.00,9.00,2.00,30.00,3.00,2.00,1.00
496.00,3,3.00,4,,,,300.00,,14,301.00,,13.00,,1.00,2.00,,4.00,,,,,,,,,13.00,,,,,1,2,,4,,6,,,3000.00,5.00,,,4,3,1,2,3,12,,,,,,,,,8.00,3.00,9.00,1.00,30.00,4.00,3.00,
497.00,5,4.00,2,13,,,120.00,,14,121.00,,13.00,1,1.00,,,,,,,,,,,,,,,,,1,,,,,,,,3800.00,6.00,,,5,5,1,2,3,11,,,,,,,,,8.00,3.00,9.00,2.00,40.00,2.00,4.00,1.00
498.00,1,1.00,3,,,,360.00,,14,361.00,,13.00,,1.00,,,,,,,,,,,,,,,,,1,,,,,,,,,98.00,,,4,4,2,10,11,14,,,,,,,,,8.00,3.00,9.00,2.00,20.00,3.00,1.00,
499.00,2,2.00,4,,,,179.00,,14,180.00,,13.00,,1.00,,,,,,,,,,,,13.00,,,,17.00,1,,,,,6,,8,5753.65,6.00,,,2,4,3,4,5,6,14,,,,,,,,8.00,3.00,12.00,1.00,20.00,4.00,2.00,
500.00,10,4.00,1,2,10,3,149.00,,14,150.00,,13.00,,1.00,,,,,,,,,,,,,,,,,1,,,,,,,,1431.00,3.00,,,4,4,1,2,3,12,,,,,,,,,8.00,3.00,2.00,1.00,20.00,1.00,4.00,
501.00,1,1.00,3,,,,89.00,,14,90.00,,12.00,1,,,,,,,,,,,,,,,15.00,,,,,,,,,7,,2468.40,5.00,,,4,4,1,2,13,,,,,,,,,,8.00,3.00,4.00,1.00,20.00,3.00,1.00,1.00
502.00,2,2.00,1,1,2,5,89.00,,14,90.00,,12.00,1,1.00,,,,,,,,,,,,,,,,,1,,,,,,,,1700.00,4.00,,,4,4,1,2,7,,,,,,,,,,8.00,3.00,5.00,2.00,20.00,1.00,2.00,1.00
503.00,1,1.00,3,,,,14.00,14.00,11,15.00,15.00,11.00,2,,2.00,3.00,,,,,,,,,,13.00,,15.00,,,,2,3,,,6,7,,3000.00,5.00,200.00,2.00,5,4,1,2,13,15,,,,,,,,,8.00,3.00,9.00,1.00,30.00,3.00,1.00,2.00
504.00,1,1.00,3,,,,45.00,45.00,13,46.00,46.00,11.00,1,1.00,,,,,,,,,,,,,,,,,1,,,,,,,,6000.00,6.00,130.43,2.00,5,5,10,13,,,,,,,,,,,8.00,3.00,9.00,1.00,30.00,3.00,1.00,1.00
505.00,7,4.00,3,,,,7.00,7.00,7,8.00,8.00,8.00,2,1.00,,,,,,,,,,,,,,,,,1,,,,,,,,5862.50,6.00,732.81,7.00,5,5,13,,,,,,,,,,,,8.00,3.00,12.00,1.00,50.00,3.00,4.00,2.00
506.00,15,4.00,2,13,,,62.00,,14,63.00,,12.00,1,,,,,,,,,,10.00,,,,,,,,,,,,,6,,,1800.00,4.00,,,4,5,16,,,,,,,,,,,,8.00,3.00,10.00,1.00,20.00,2.00,4.00,1.00
507.00,8,4.00,3,,,,43.00,43.00,13,44.00,44.00,11.00,2,,,,,,,,,,,,12.00,,,,,,,,,,,6,,,7397.54,6.00,168.13,2.00,5,3,2,13,,,,,,,,,,,8.00,3.00,6.00,1.00,50.00,3.00,4.00,2.00
508.00,19,4.00,3,,,,77.00,,14,78.00,,12.00,2,1.00,,,,,,,,,10.00,,12.00,,,,,,1,,,,,6,,,6000.00,6.00,,,5,5,13,15,,,,,,,,,,,8.00,3.00,97.00,1.00,60.00,3.00,4.00,2.00
509.00,10,4.00,3,,,,40.00,40.00,13,41.00,41.00,11.00,1,1.00,,,,,,,,,,,,,,,,,1,,,,,,,,2630.24,5.00,64.15,1.00,4,3,13,,,,,,,,,,,,8.00,3.00,1.00,1.00,40.00,3.00,4.00,1.00
510.00,4,4.00,4,,,,180.00,,14,181.00,,13.00,,1.00,2.00,,4.00,,,,,,,,,,,,,,1,2,,4,,,,,7067.25,6.00,,,5,4,5,1,2,3,4,14,,,,,,,8.00,3.00,1.00,2.00,20.00,4.00,4.00,
511.00,2,2.00,4,,,,364.00,,14,365.00,,13.00,,1.00,2.00,,4.00,,,,,,,,,13.00,,,,17.00,1,2,,4,,6,,8,7561.93,6.00,,,5,4,1,2,3,4,7,8,10,12,14,,,,8.00,3.00,1.00,1.00,20.00,4.00,2.00,
512.00,2,2.00,4,,,,300.00,,14,301.00,,13.00,,1.00,2.00,,,,,,,,,,,,,,,,1,2,,,,,,,,98.00,,,5,5,1,2,3,4,10,14,,,,,,,8.00,3.00,11.00,2.00,20.00,4.00,2.00,
513.00,5,4.00,2,13,,,50.00,50.00,13,51.00,51.00,11.00,1,,,,,,,,,,,11.00,,,,,,,,,,,,6,,,4400.00,6.00,86.27,1.00,5,5,2,,,,,,,,,,,,8.00,3.00,9.00,2.00,50.00,2.00,4.00,1.00
514.00,3,3.00,3,,,,80.00,,14,81.00,,12.00,1,,,,,,,,,,,,,,,,16.00,,,,,,,,7,,6000.00,6.00,,,4,3,13,,,,,,,,,,,,8.00,3.00,9.00,1.00,50.00,3.00,3.00,1.00
515.00,1,1.00,4,,,,270.00,,14,271.00,,13.00,,1.00,2.00,,,,,,,,,,,,,,,,1,2,,,,,,,,98.00,,,5,4,1,2,12,,,,,,,,,,8.00,3.00,9.00,1.00,20.00,4.00,1.00,
516.00,1,1.00,3,,,,13.00,13.00,11,14.00,14.00,11.00,2,1.00,,,,,,,,,,,,,,,,,1,,,,,,,,1431.00,3.00,102.21,2.00,4,4,1,2,13,,,,,,,,,,8.00,3.00,2.00,1.00,40.00,3.00,1.00,2.00
517.00,20,4.00,2,1,2,,179.00,,14,180.00,,13.00,,1.00,,,,,,,,,,,,,,,,,1,,,,,,,,,98.00,,,3,4,1,2,3,,,,,,,,,,8.00,3.00,2.00,1.00,30.00,2.00,4.00,
518.00,1,1.00,4,,,,270.00,,14,271.00,,13.00,,1.00,,,,,,,,,,,,,,,,,1,,,,,,,,9444.60,6.00,,,4,4,1,2,3,6,,,,,,,,,8.00,3.00,2.00,2.00,20.00,4.00,1.00,
519.00,10,4.00,2,13,,,210.00,,14,211.00,,13.00,,1.00,,,,,,,,,,,,,,,,,1,,,,,,,,8586.00,6.00,,,4,4,1,2,,,,,,,,,,,8.00,3.00,2.00,1.00,30.00,2.00,4.00,
520.00,6,4.00,2,1,2,,210.00,,14,211.00,,13.00,,1.00,,,,,,,,,,,,,,,,,1,,,,,,,,4931.70,6.00,,,4,4,1,2,,,,,,,,,,,8.00,3.00,2.00,1.00,20.00,2.00,4.00,
521.00,4,4.00,2,2,1,,180.00,,14,181.00,,13.00,,,2.00,,4.00,,,,,,,,,,,,,,,2,,4,,,,,7397.54,6.00,,,4,4,1,2,3,,,,,,,,,,8.00,3.00,2.00,2.00,20.00,2.00,4.00,
522.00,2,2.00,3,,,,7.00,7.00,7,8.00,8.00,8.00,2,,2.00,,,,,,,,,,,,,,,,,2,,,,,,,429.30,1.00,53.66,1.00,5,4,1,13,,,,,,,,,,,8.00,3.00,2.00,1.00,30.00,3.00,2.00,2.00
523.00,6,4.00,2,5,1,,180.00,,14,181.00,,13.00,,1.00,2.00,,,,,,,,,,,,,,,,1,2,,,,,,,3148.20,6.00,,,4,4,1,,,,,,,,,,,,8.00,3.00,2.00,1.00,20.00,2.00,4.00,
524.00,4,4.00,2,1,3,,180.00,,14,181.00,,13.00,,1.00,,,,,,,,,,,,,,,,,1,,,,,,,,2959.02,5.00,,,4,4,1,,,,,,,,,,,,8.00,3.00,2.00,1.00,20.00,2.00,4.00,
525.00,1,1.00,4,,,,364.00,,14,365.00,,13.00,,,,,,,,,,,,,,,,,16.00,17.00,,,,,,,7,8,6010.20,6.00,,,5,4,1,2,3,10,,,,,,,,,8.00,3.00,2.00,2.00,20.00,4.00,1.00,
526.00,10,4.00,4,,,,180.00,,14,181.00,,13.00,,1.00,,,,,,,,,,,,,,,,,1,,,,,,,,9863.39,6.00,,,4,3,1,2,7,8,11,,,,,,,,8.00,3.00,2.00,2.00,20.00,4.00,4.00,
527.00,10,4.00,2,1,2,3,29.00,29.00,12,30.00,30.00,11.00,1,1.00,,,,,,,,,,,,,,,,,1,,,,,,,,1643.90,4.00,54.80,1.00,4,4,1,2,3,,,,,,,,,,8.00,3.00,2.00,1.00,40.00,2.00,4.00,1.00
528.00,5,4.00,4,,,,180.00,,14,181.00,,13.00,,1.00,,,,,,,,,,,,,,,,,1,,,,,,,,6575.59,6.00,,,4,4,1,,,,,,,,,,,,8.00,3.00,2.00,2.00,20.00,4.00,4.00,
529.00,3,3.00,2,13,,,240.00,,14,241.00,,13.00,,1.00,2.00,3.00,,,,,,,,,,,,,,,1,2,3,,,,,,6575.59,6.00,,,4,5,1,2,,,,,,,,,,,8.00,3.00,2.00,2.00,20.00,2.00,3.00,
530.00,1,1.00,4,,,,150.00,,14,151.00,,13.00,1,1.00,,,,,,,,,,,,,,,,,1,,,,,,,,4293.00,6.00,,,5,4,1,2,3,,,,,,,,,,8.00,3.00,2.00,2.00,20.00,4.00,1.00,1.00
531.00,2,2.00,3,,,,95.00,,14,96.00,,13.00,1,1.00,,,,5.00,,7.00,,,,,,,,,,,1,,,,5,,,,,98.00,,,5,5,1,2,3,13,4,,,,,,,,8.00,3.00,2.00,1.00,30.00,3.00,2.00,1.00
532.00,5,4.00,4,,,,180.00,,14,181.00,,13.00,,1.00,2.00,,,,,,,,,,,,,,,,1,2,,,,,,,8219.49,6.00,,,4,4,11,1,2,3,,,,,,,,,8.00,3.00,2.00,2.00,20.00,4.00,4.00,
533.00,6,4.00,3,,,,9.00,9.00,9,10.00,10.00,10.00,2,,,,4.00,,,,,,,,,,,,,,,,,4,,,,,2862.00,5.00,286.20,3.00,4,4,1,2,13,,,,,,,,,,8.00,3.00,2.00,1.00,30.00,3.00,4.00,2.00
534.00,2,2.00,3,,,,180.00,,14,181.00,,13.00,,1.00,2.00,,,,,7.00,,,10.00,,,13.00,,,,,1,2,,,5,6,,,,98.00,,,4,5,3,4,13,,,,,,,,,,8.00,3.00,11.00,1.00,30.00,3.00,2.00,
535.00,1,1.00,3,,,,62.00,,14,63.00,,12.00,1,,,,,,,,,,,,,,,15.00,,,,,,,,,7,,10000.00,6.00,,,5,5,1,2,13,,,,,,,,,,8.00,3.00,9.00,1.00,30.00,3.00,1.00,1.00
536.00,4,4.00,3,,,,32.00,32.00,13,33.00,33.00,11.00,2,,2.00,,,,,,,,,,,,,,,,,2,,,,,,,3287.80,6.00,99.63,1.00,5,5,13,,,,,,,,,,,,8.00,3.00,12.00,1.00,40.00,3.00,4.00,2.00
537.00,1,1.00,4,,,,184.00,,14,185.00,,13.00,,1.00,,,,,,,,,,,,13.00,,,,17.00,1,,,,,6,,8,,98.00,,,4,5,14,1,2,3,4,10,,,,,,,8.00,3.00,97.00,1.00,20.00,4.00,1.00,
538.00,2,2.00,4,,,,300.00,,14,301.00,,13.00,,1.00,2.00,3.00,,,,,,,,,,,,,,,1,2,3,,,,,,6575.59,6.00,,,4,4,1,2,3,14,4,5,6,8,,,,,8.00,3.00,2.00,2.00,20.00,4.00,2.00,
539.00,5,4.00,2,13,,,82.00,,14,83.00,,12.00,1,1.00,,,,,,,,,,,,,,,,,1,,,,,,,,3500.00,6.00,,,5,5,16,,,,,,,,,,,,8.00,3.00,9.00,1.00,20.00,2.00,4.00,1.00
540.00,1,1.00,3,,,,360.00,,14,361.00,,13.00,,1.00,2.00,3.00,,,,,,,,,,13.00,,,,,1,2,3,,,6,,,4109.75,6.00,,,5,5,3,4,5,7,13,,,,,,,,8.00,3.00,9.00,2.00,20.00,3.00,1.00,
541.00,2,2.00,3,,,,21.00,21.00,12,22.00,22.00,11.00,2,1.00,,,,,6.00,,,,,,,,,,,,1,,,,5,,,,5862.50,6.00,266.48,3.00,4,3,1,13,,,,,,,,,,,8.00,3.00,12.00,1.00,40.00,3.00,2.00,2.00
542.00,5,4.00,2,13,,,150.00,,14,151.00,,13.00,,1.00,2.00,,4.00,,,,,,,,,,,,,,1,2,,4,,,,,8000.00,6.00,,,5,5,2,11,,,,,,,,,,,8.00,3.00,9.00,2.00,40.00,2.00,4.00,
543.00,1,1.00,4,,,,270.00,,14,271.00,,13.00,,1.00,,,4.00,,,,,,,,,13.00,,,,,1,,,4,,6,,,,98.00,,,5,3,1,2,3,10,12,,,,,,,,8.00,3.00,9.00,1.00,20.00,4.00,1.00,
544.00,3,3.00,4,,,,300.00,,14,301.00,,13.00,,1.00,2.00,,,,,,,,,11.00,,,14.00,,,,1,2,,,,6,7,,5808.00,6.00,,,5,5,1,2,3,4,7,11,,,,,,,8.00,3.00,4.00,2.00,20.00,4.00,3.00,
545.00,2,2.00,4,,,,240.00,,14,241.00,,13.00,,1.00,2.00,,,,,,,,,,,,,,,,1,2,,,,,,,4500.00,6.00,,,4,4,2,7,11,12,,,,,,,,,8.00,3.00,9.00,2.00,20.00,4.00,2.00,
546.00,10,4.00,3,,,,53.00,53.00,13,54.00,54.00,11.00,1,,,,,,,,,,10.00,,12.00,,,,,,,,,,,6,,,3041.21,6.00,56.32,1.00,4,3,13,,,,,,,,,,,,8.00,3.00,1.00,1.00,40.00,3.00,4.00,1.00
547.00,3,3.00,4,,,,180.00,,14,181.00,,13.00,,1.00,2.00,3.00,4.00,,,,,,,,,13.00,,,,,1,2,3,4,,6,,,4899.96,6.00,,,5,5,1,2,3,5,6,7,8,10,14,,,,8.00,3.00,1.00,2.00,20.00,4.00,3.00,
548.00,2,2.00,3,,,,40.00,40.00,13,41.00,41.00,11.00,1,,,,,,,,,,,,,,14.00,,,,,,,,,,7,,6100.00,6.00,148.78,2.00,3,3,13,,,,,,,,,,,,8.00,3.00,12.00,1.00,30.00,3.00,2.00,1.00
549.00,10,4.00,3,,,,60.00,60.00,14,61.00,,12.00,1,1.00,,3.00,,,,,,,,,,,,,,,1,,3,,,,,,2732.67,5.00,,,4,4,13,,,,,,,,,,,,8.00,3.00,1.00,1.00,30.00,3.00,4.00,1.00
550.00,2,2.00,4,,,,360.00,,14,361.00,,13.00,,1.00,,3.00,,5.00,,,,,,,12.00,,,,,,1,,3,,5,6,,,9863.39,6.00,,,4,3,1,2,3,4,6,7,8,9,10,14,,,8.00,3.00,9.00,2.00,20.00,4.00,2.00,
551.00,3,3.00,3,,,,60.00,60.00,14,61.00,,12.00,1,1.00,,,4.00,,,,,,,,,,,,,,1,,,4,,,,,,98.00,,,4,2,1,13,,,,,,,,,,,8.00,3.00,12.00,1.00,40.00,3.00,3.00,1.00
552.00,1,1.00,3,,,,90.00,,14,91.00,,13.00,1,1.00,2.00,3.00,,,,,,,,,,,,,,,1,2,3,,,,,,9380.00,6.00,,,5,4,1,2,3,13,,,,,,,,,8.00,3.00,12.00,2.00,30.00,3.00,1.00,1.00
553.00,2,2.00,2,13,,,180.00,,14,181.00,,13.00,,1.00,2.00,,,,,,,,,,,,,,,17.00,1,2,,,,,,8,4109.75,6.00,,,5,5,1,2,3,7,12,,,,,,,,8.00,3.00,12.00,1.00,20.00,2.00,2.00,
554.00,2,2.00,2,13,,,210.00,,14,211.00,,13.00,,1.00,2.00,3.00,4.00,,,,,,,,,,,,,,1,2,3,4,,,,,,98.00,,,4,4,1,3,10,12,,,,,,,,,8.00,3.00,13.00,1.00,30.00,2.00,2.00,
555.00,1,1.00,4,,,,300.00,,14,301.00,,13.00,,1.00,2.00,,4.00,,,,,,,,,13.00,,,,,1,2,,4,,6,,,4931.70,6.00,,,5,3,1,2,3,11,12,14,,,,,,,8.00,3.00,18.00,2.00,20.00,4.00,1.00,
556.00,1,1.00,4,,,,270.00,,14,271.00,,13.00,,1.00,2.00,,,,,,,,,,,,,,,,1,2,,,,,,,5583.00,6.00,,,5,5,11,14,2,,,,,,,,,,8.00,3.00,10.00,2.00,20.00,4.00,1.00,
557.00,2,2.00,3,,,,28.00,28.00,12,29.00,29.00,11.00,1,,2.00,,,,,,,,,,,,,,,,,2,,,,,,,5300.00,6.00,182.76,2.00,4,4,13,,,,,,,,,,,,8.00,3.00,15.00,1.00,30.00,3.00,2.00,1.00
558.00,2,2.00,4,,,,180.00,,14,181.00,,13.00,,1.00,,3.00,,,,,,,,,,13.00,,,,17.00,1,,3,,,6,,8,,98.00,,,5,3,1,2,3,4,14,,,,,,,,8.00,3.00,13.00,2.00,20.00,4.00,2.00,
559.00,10,4.00,3,,,,10.00,10.00,10,11.00,11.00,11.00,2,,,,,,,,,,,,12.00,,,,,,,,,,,6,,,2850.00,5.00,259.09,3.00,3,3,13,,,,,,,,,,,,8.00,3.00,15.00,1.00,40.00,3.00,4.00,2.00
560.00,1,1.00,4,,,,364.00,,14,365.00,,13.00,,1.00,2.00,,,,,,,9.00,,,,13.00,14.00,,,,1,2,,,,6,7,,9863.39,6.00,,,5,1,1,2,3,4,5,6,7,9,10,12,14,,8.00,3.00,15.00,2.00,20.00,4.00,1.00,
561.00,10,4.00,3,,,,30.00,30.00,12,31.00,31.00,11.00,1,1.00,,,,,,,,,,,,,,,,,1,,,,,,,,2712.43,5.00,87.50,1.00,5,4,14,,,,,,,,,,,,8.00,3.00,15.00,1.00,30.00,3.00,4.00,1.00
562.00,5,4.00,3,,,,21.00,21.00,12,22.00,22.00,11.00,2,,,,,5.00,,,,,,,,,,,,,,,,,5,,,,1758.75,4.00,79.94,1.00,5,2,3,13,,,,,,,,,,,8.00,3.00,13.00,1.00,50.00,3.00,4.00,2.00
563.00,10,4.00,3,,,,40.00,40.00,13,41.00,41.00,11.00,1,,2.00,,,,,,,,,,,,,,,,,2,,,,,,,4000.00,6.00,97.56,1.00,4,5,12,,,,,,,,,,,,8.00,3.00,9.00,1.00,50.00,3.00,4.00,1.00
564.00,2,2.00,3,,,,62.00,,14,63.00,,12.00,1,,,,,,,,,,10.00,,,,,,,,,,,,,6,,,2465.85,5.00,,,4,5,13,15,,,,,,,,,,,8.00,3.00,11.00,1.00,30.00,3.00,2.00,1.00
565.00,3,3.00,3,,,,30.00,30.00,12,31.00,31.00,11.00,1,,2.00,,,,,,,,,,,,,,,,,2,,,,,,,2000.00,4.00,64.52,1.00,5,5,13,,,,,,,,,,,,8.00,3.00,9.00,1.00,40.00,3.00,3.00,1.00
566.00,2,2.00,4,,,,155.00,,14,156.00,,13.00,,1.00,,,,,,,,,,,,13.00,,,,,1,,,,,6,,,2465.85,5.00,,,4,5,2,3,4,5,14,,,,,,,,8.00,3.00,97.00,1.00,20.00,4.00,2.00,
567.00,2,2.00,3,,,,42.00,42.00,13,43.00,43.00,11.00,2,1.00,,,,,,,,,,,,,,,,,1,,,,,,,,2300.00,5.00,53.49,1.00,5,5,13,,,,,,,,,,,,8.00,3.00,9.00,1.00,40.00,3.00,2.00,2.00
568.00,2,2.00,3,,,,50.00,50.00,13,51.00,51.00,11.00,1,1.00,2.00,,,,,,,,,,,,,,,,1,2,,,,,,,4400.00,6.00,86.27,1.00,4,3,13,,,,,,,,,,,,8.00,3.00,9.00,1.00,30.00,3.00,2.00,1.00
569.00,2,2.00,4,,,,180.00,,14,181.00,,13.00,,1.00,2.00,,4.00,,,,,,,,,13.00,,,,,1,2,,4,,6,,,9100.00,6.00,,,5,4,1,2,3,4,6,7,10,14,,,,,8.00,3.00,9.00,2.00,20.00,4.00,2.00,
570.00,10,4.00,3,,,,20.00,20.00,11,21.00,21.00,11.00,1,,,,,,,,,,,,,13.00,,,,,,,,,,6,,,1884.60,4.00,89.74,1.00,4,5,13,,,,,,,,,,,,8.00,3.00,1.00,1.00,60.00,3.00,4.00,1.00
571.00,5,4.00,3,,,,50.00,50.00,13,51.00,51.00,11.00,1,,,,,,,,,,10.00,,,,,,,,,,,,,6,,,3957.66,6.00,77.60,1.00,4,4,1,13,,,,,,,,,,,8.00,3.00,1.00,1.00,30.00,3.00,4.00,1.00
572.00,10,4.00,4,,,,270.00,,14,271.00,,13.00,,1.00,,,,,,,,,,,,,,,,,1,,,,,,,,4711.50,6.00,,,5,1,1,2,14,,,,,,,,,,8.00,3.00,1.00,2.00,20.00,4.00,4.00,
573.00,4,4.00,4,,,,180.00,,14,181.00,,13.00,,1.00,,,,5.00,,,,,,,,,,,,,1,,,,5,,,,5842.26,6.00,,,5,4,1,2,14,,,,,,,,,,8.00,3.00,1.00,2.00,20.00,4.00,4.00,
574.00,3,3.00,4,,,,300.00,,14,301.00,,13.00,,1.00,2.00,3.00,4.00,,,,,,,,,13.00,,,,,1,2,3,4,,6,,,,98.00,,,4,4,1,2,3,5,14,,,,,,,,8.00,3.00,1.00,2.00,20.00,4.00,3.00,
575.00,10,4.00,3,,,,30.00,30.00,12,31.00,31.00,11.00,1,,,,,,,,8.00,,,,,,,,,,,,,,5,,,,1978.83,4.00,63.83,1.00,3,3,13,,,,,,,,,,,,8.00,3.00,1.00,1.00,40.00,3.00,4.00,1.00
576.00,4,4.00,3,,,,60.00,60.00,14,61.00,,12.00,1,,,,,,,7.00,,,,,,,,,,,,,,,5,,,,7000.00,6.00,,,4,5,13,2,,,,,,,,,,,8.00,3.00,9.00,1.00,30.00,3.00,4.00,1.00
577.00,1,1.00,2,5,3,1,210.00,,14,211.00,,13.00,,1.00,,3.00,,,,,,,,,,13.00,14.00,,,,1,,3,,,6,7,,9041.44,6.00,,,5,5,1,2,3,5,10,,,,,,,,8.00,3.00,14.00,1.00,20.00,2.00,1.00,
578.00,2,2.00,3,,,,364.00,,14,365.00,,13.00,,1.00,,3.00,,,,,,,,,,13.00,,,,,1,,3,,,6,,,4931.70,6.00,,,5,5,1,2,3,4,5,6,8,9,10,13,14,,8.00,3.00,9.00,2.00,20.00,3.00,2.00,
579.00,1,1.00,2,1,2,3,364.00,,14,365.00,,13.00,,1.00,,,,,,,,,,11.00,,13.00,,,,,1,,,,,6,,,,98.00,,,5,3,1,2,3,,,,,,,,,,8.00,3.00,14.00,2.00,20.00,2.00,1.00,
580.00,1,1.00,3,,,,180.00,,14,181.00,,13.00,,,,,,,,,,,,,,,,15.00,,,,,,,,,7,,1500.00,3.00,,,5,4,13,1,2,,,,,,,,,,8.00,3.00,9.00,2.00,30.00,3.00,1.00,
581.00,1,1.00,2,1,2,3,364.00,,14,365.00,,13.00,,1.00,2.00,,4.00,,,,,9.00,,,,13.00,,15.00,,,1,2,,4,,6,7,,,98.00,,,5,4,1,2,3,,,,,,,,,,8.00,3.00,14.00,1.00,30.00,2.00,1.00,
582.00,2,2.00,3,,,,364.00,,14,365.00,,13.00,,1.00,,,,,,,,,,,12.00,13.00,,,,,1,,,,,6,,,4931.70,6.00,,,5,5,2,3,5,9,12,13,,,,,,,8.00,3.00,10.00,1.00,20.00,3.00,2.00,
583.00,1,1.00,4,,,,29.00,29.00,12,30.00,30.00,11.00,1,,,3.00,,,,,,,,,,,,,,,,,3,,,,,,1726.09,4.00,57.54,1.00,5,5,2,,,,,,,,,,,,8.00,3.00,9.00,2.00,15.00,4.00,1.00,1.00
584.00,2,2.00,4,,,,183.00,,14,184.00,,13.00,,1.00,2.00,,4.00,,,,,,,,,,,,,17.00,1,2,,4,,,,8,10000.00,6.00,,,5,5,3,4,6,10,14,,,,,,,,8.00,3.00,97.00,2.00,20.00,4.00,2.00,
585.00,3,3.00,3,,,,22.00,22.00,12,23.00,23.00,11.00,2,,,3.00,,,,,,,,,12.00,,,,,,,,3,,,6,,,,98.00,,,4,5,5,13,,,,,,,,,,,8.00,3.00,9.00,1.00,40.00,3.00,3.00,2.00
586.00,1,1.00,3,,,,30.00,30.00,12,31.00,31.00,11.00,1,,,,,,,,,,,,,13.00,,,,,,,,,,6,,,5000.00,6.00,161.29,2.00,5,5,2,13,,,,,,,,,,,8.00,3.00,9.00,2.00,30.00,3.00,1.00,1.00
587.00,1,1.00,1,3,4,10,210.00,,14,211.00,,13.00,,,,,,,,,,,,,,13.00,,,,,,,,,,6,,,3000.00,5.00,,,5,4,1,2,4,8,,,,,,,,,8.00,3.00,14.00,2.00,30.00,1.00,1.00,
588.00,1,1.00,1,8,,,116.00,,14,117.00,,13.00,1,1.00,,3.00,,,,,,,,,,,,,,,1,,3,,,,,,8219.49,6.00,,,5,3,11,2,,,,,,,,,,,8.00,3.00,14.00,2.00,40.00,1.00,1.00,1.00
589.00,8,4.00,3,,,,32.00,32.00,13,33.00,33.00,11.00,1,,2.00,,,,,,,,10.00,,,,,,,,,2,,,,6,,,2000.00,4.00,60.61,1.00,5,5,13,,,,,,,,,,,,8.00,3.00,9.00,2.00,40.00,3.00,4.00,1.00
590.00,12,4.00,3,,,,31.00,31.00,13,32.00,32.00,11.00,1,,2.00,,,,,,,,,,,,,,,,,2,,,,,,,2465.85,5.00,77.06,1.00,5,5,13,,,,,,,,,,,,8.00,3.00,9.00,1.00,50.00,3.00,4.00,1.00
591.00,2,2.00,3,,,,90.00,,14,91.00,,13.00,1,,,3.00,,,,,,,,,,,,,,,,,3,,,,,,1643.90,4.00,,,4,4,13,1,2,3,,,,,,,,,8.00,3.00,14.00,2.00,30.00,3.00,2.00,1.00
592.00,1,1.00,6,,,,21.00,21.00,12,22.00,22.00,11.00,1,1.00,,,,,,,,,,,,,,,,,1,,,,,,,,2605.40,5.00,118.43,2.00,5,5,16,,,,,,,,,,,,8.00,3.00,10.00,2.00,40.00,6.00,1.00,1.00
593.00,1,1.00,3,,,,330.00,,14,331.00,,13.00,,1.00,2.00,,4.00,,,,,,,,,,14.00,15.00,,,1,2,,4,,,7,,9863.39,6.00,,,5,5,1,2,3,4,5,6,7,10,12,13,,,8.00,3.00,11.00,2.00,20.00,3.00,1.00,
594.00,1,1.00,4,,,,28.00,28.00,12,29.00,29.00,11.00,1,1.00,,3.00,,,,,,,,,,,,,,,1,,3,,,,,,4000.00,6.00,137.93,2.00,4,5,2,4,14,,,,,,,,,,8.00,3.00,9.00,2.00,20.00,4.00,1.00,1.00
595.00,1,1.00,3,,,,35.00,35.00,13,36.00,36.00,11.00,2,,2.00,,,,,,,,,,,,,,,,,2,,,,,,,2931.25,5.00,81.42,1.00,4,4,13,,,,,,,,,,,,8.00,3.00,13.00,1.00,40.00,3.00,1.00,2.00
596.00,1,1.00,3,,,,30.00,30.00,12,31.00,31.00,11.00,1,1.00,,,,,,,,,,,,,,,,,1,,,,,,,,2500.00,5.00,80.65,1.00,5,4,2,13,,,,,,,,,,,8.00,3.00,9.00,2.00,30.00,3.00,1.00,1.00
597.00,1,1.00,4,,,,180.00,,14,181.00,,13.00,,1.00,,,,,,,,,,,,13.00,,,,17.00,1,,,,,6,,8,3945.36,6.00,,,5,5,1,2,3,4,10,11,14,,,,,,8.00,3.00,97.00,1.00,20.00,4.00,1.00,
598.00,3,3.00,4,,,,180.00,,14,181.00,,13.00,,1.00,2.00,,,,,,,,,,,,,,,,1,2,,,,,,,4109.75,6.00,,,5,3,1,2,7,10,14,,,,,,,,8.00,3.00,7.00,2.00,20.00,4.00,3.00,
599.00,39,4.00,3,,,,85.00,,14,86.00,,12.00,1,,2.00,,,,,,,,,,,,,,,,,2,,,,,,,4711.50,6.00,,,5,5,13,,,,,,,,,,,,8.00,3.00,1.00,1.00,50.00,3.00,4.00,1.00
600.00,30,4.00,3,,,,60.00,60.00,14,61.00,,12.00,1,,,,,,,,,,,,,13.00,14.00,15.00,16.00,,,,,,,6,7,,4334.58,6.00,,,3,3,13,,,,,,,,,,,,8.00,3.00,1.00,1.00,40.00,3.00,4.00,1.00
601.00,10,4.00,3,,,,60.00,60.00,14,61.00,,12.00,1,,,,,,6.00,,,,,,,,,,,,,,,,5,,,,3769.20,6.00,,,5,1,13,2,,,,,,,,,,,8.00,3.00,1.00,1.00,30.00,3.00,4.00,1.00
602.00,5,4.00,2,13,,,90.00,,14,91.00,,13.00,1,1.00,,,,,,,,,,,,,,,,,1,,,,,,,,6124.95,6.00,,,4,4,2,,,,,,,,,,,,8.00,3.00,1.00,2.00,30.00,2.00,4.00,1.00
603.00,4,4.00,4,,,,364.00,,14,365.00,,13.00,,1.00,2.00,,4.00,,,,,,,,,,,,,,1,2,,4,,,,,3674.97,6.00,,,5,5,1,2,5,10,14,,,,,,,,8.00,3.00,1.00,2.00,20.00,4.00,4.00,
604.00,2,2.00,2,13,,,150.00,,14,151.00,,13.00,,,,,,,,,,9.00,,,,,,,,,,,,,,6,,,2054.87,5.00,,,5,5,1,2,,,,,,,,,,,8.00,3.00,17.00,2.00,40.00,2.00,2.00,
605.00,15,4.00,2,13,,,90.00,,14,91.00,,13.00,1,1.00,,,,,,,,,,,,,,,,,1,,,,,,,,3906.60,6.00,,,5,5,2,6,,,,,,,,,,,8.00,3.00,11.00,1.00,20.00,2.00,4.00,1.00
606.00,2,2.00,4,,,,359.00,,14,360.00,,13.00,,1.00,,,,5.00,,,,,,,,,,,,,1,,,,5,,,,5753.65,6.00,,,5,3,2,3,4,14,,,,,,,,,8.00,3.00,97.00,1.00,20.00,4.00,2.00,
607.00,34,4.00,3,,,,21.00,21.00,12,22.00,22.00,11.00,2,,,,,,,,,,,,12.00,,,,,,,,,,,6,,,3287.80,6.00,149.45,2.00,2,3,13,,,,,,,,,,,,8.00,3.00,12.00,1.00,60.00,3.00,4.00,2.00
608.00,3,3.00,2,13,,,215.00,,14,216.00,,13.00,,1.00,2.00,,4.00,,,,,,,,,,,,,,1,2,,4,,,,,4931.70,6.00,,,4,5,1,2,3,8,,,,,,,,,8.00,3.00,2.00,1.00,30.00,2.00,3.00,
609.00,2,2.00,3,,,,132.00,,14,133.00,,13.00,1,1.00,,,,,,7.00,,,,,,,,,,,1,,,,5,,,,4109.75,6.00,,,5,5,2,4,10,13,,,,,,,,,8.00,3.00,2.00,2.00,20.00,3.00,2.00,1.00
610.00,2,2.00,4,,,,180.00,,14,181.00,,13.00,,1.00,2.00,3.00,,,,,,,,,,13.00,,,,17.00,1,2,3,,,6,,8,5500.00,6.00,,,4,4,2,3,4,5,6,8,14,,,,,,8.00,3.00,2.00,1.00,20.00,4.00,2.00,
611.00,1,1.00,4,,,,163.00,,14,164.00,,13.00,,1.00,,,,,,,,,,,,,,,,,1,,,,,,,,6575.59,6.00,,,4,5,2,3,4,5,6,7,8,14,,,,,8.00,3.00,7.00,2.00,20.00,4.00,1.00,
612.00,1,1.00,1,1,5,7,30.00,30.00,12,31.00,31.00,11.00,1,1.00,,,,5.00,,,,,10.00,11.00,,13.00,,,16.00,,1,,,,5,6,7,,1643.90,4.00,53.03,1.00,4,5,1,3,4,,,,,,,,,,8.00,3.00,7.00,1.00,30.00,1.00,1.00,1.00
613.00,1,1.00,4,,,,242.00,,14,243.00,,13.00,,1.00,,,4.00,,,,,,,,,13.00,,,,,1,,,4,,6,,,8522.40,6.00,,,4,5,2,3,5,6,7,10,14,,,,,,8.00,3.00,8.00,2.00,20.00,4.00,1.00,
614.00,2,2.00,4,,,,180.00,,14,181.00,,13.00,,1.00,,,,,,,,,,,,13.00,,,,,1,,,,,6,,,,98.00,,,3,5,2,3,4,6,7,10,14,,,,,,8.00,3.00,4.00,2.00,20.00,4.00,2.00,
615.00,2,2.00,4,,,,219.00,,14,220.00,,13.00,,1.00,,,4.00,,,,,,,,,,,,,,1,,,4,,,,,4931.70,6.00,,,4,4,2,3,4,14,,,,,,,,,8.00,3.00,5.00,2.00,20.00,4.00,2.00,
616.00,1,1.00,3,,,,36.00,36.00,13,37.00,37.00,11.00,1,,2.00,,,,,,,,,,,,,,,,,2,,,,,,,5600.00,6.00,151.35,2.00,4,4,13,,,,,,,,,,,,8.00,3.00,9.00,2.00,30.00,3.00,1.00,1.00
617.00,4,4.00,2,13,,,150.00,,14,151.00,,13.00,1,1.00,2.00,,4.00,,,,,,,,,,,,,,1,2,,4,,,,,3287.80,6.00,,,5,5,1,2,3,10,11,12,,,,,,,8.00,3.00,9.00,2.00,40.00,2.00,4.00,1.00
618.00,3,3.00,4,,,,180.00,,14,181.00,,13.00,,1.00,2.00,,,,,,,,,,,,,,,,1,2,,,,,,,4438.53,6.00,,,4,4,1,2,4,11,14,,,,,,,,8.00,3.00,2.00,2.00,20.00,4.00,3.00,
619.00,1,1.00,2,13,,,210.00,,14,211.00,,13.00,,,,,4.00,,,,,,,,,,,,,,,,,4,,,,,2876.82,5.00,,,5,5,2,3,,,,,,,,,,,8.00,3.00,6.00,2.00,20.00,2.00,1.00,
620.00,1,1.00,4,,,,180.00,,14,181.00,,13.00,,1.00,,,,,6.00,7.00,,,,,,,,,,,1,,,,5,,,,5955.20,6.00,,,4,3,1,2,3,7,14,,,,,,,,8.00,3.00,10.00,2.00,20.00,4.00,1.00,
621.00,2,2.00,2,13,,,35.00,35.00,13,36.00,36.00,11.00,1,,,3.00,,,,,,,,,,,,,,,,,3,,,,,,6000.00,6.00,166.67,2.00,5,5,16,,,,,,,,,,,,8.00,3.00,9.00,2.00,50.00,2.00,2.00,1.00
622.00,10,4.00,4,,,,364.00,,14,365.00,,13.00,,1.00,,,,,,,,,,,,13.00,,,,,1,,,,,6,,,5653.80,6.00,,,4,5,1,2,3,4,6,7,10,,,,,,8.00,3.00,1.00,2.00,20.00,4.00,4.00,
623.00,4,4.00,3,,,,180.00,,14,181.00,,13.00,,1.00,2.00,,,,,,,,,,,,,,,,1,2,,,,,,,8219.49,6.00,,,5,5,2,13,,,,,,,,,,,8.00,3.00,2.00,2.00,30.00,3.00,4.00,
624.00,3,3.00,4,,,,180.00,,14,181.00,,13.00,,1.00,,,,,,,,,,,,,,,,,1,,,,,,,,3698.77,6.00,,,4,4,2,14,10,,,,,,,,,,8.00,3.00,1.00,2.00,20.00,4.00,3.00,
625.00,10,4.00,3,,,,14.00,14.00,11,15.00,15.00,11.00,2,,,,,,,,,,,,,13.00,,,,,,,,,,6,,,2544.21,5.00,169.61,2.00,4,4,13,,,,,,,,,,,,8.00,3.00,1.00,1.00,50.00,3.00,4.00,2.00
626.00,2,2.00,4,,,,300.00,,14,301.00,,13.00,,1.00,,,,5.00,,,,,,,,,,,,,1,,,,5,,,,,98.00,,,4,2,1,2,3,4,5,6,7,8,9,10,11,14,8.00,3.00,2.00,2.00,20.00,4.00,2.00,
627.00,5,4.00,2,13,,,90.00,,14,91.00,,13.00,1,,,,,,,,,9.00,,,,,,,,,,,,,,6,,,5000.00,6.00,,,5,5,2,,,,,,,,,,,,8.00,3.00,9.00,2.00,60.00,2.00,4.00,1.00
628.00,2,2.00,2,13,,,180.00,,14,181.00,,13.00,,,,,,,,,,,,,,,14.00,,,,,,,,,,7,,2054.87,5.00,,,5,5,2,,,,,,,,,,,,8.00,3.00,17.00,2.00,30.00,2.00,2.00,
629.00,2,2.00,3,,,,45.00,45.00,13,46.00,46.00,11.00,1,1.00,2.00,,,,,,,,,,,,,,,,1,2,,,,,,,6300.00,6.00,136.96,2.00,3,3,14,15,,,,,,,,,,,8.00,3.00,9.00,1.00,40.00,3.00,2.00,1.00
630.00,3,3.00,3,,,,70.00,,14,71.00,,12.00,1,1.00,2.00,3.00,,,,,,,,,,,,,,,1,2,3,,,,,,8000.00,6.00,,,4,3,1,3,13,,,,,,,,,,9.00,3.00,9.00,1.00,40.00,3.00,3.00,1.00
631.00,1,1.00,4,,,,180.00,,14,181.00,,13.00,,1.00,,,,,,,,,,,,13.00,,,,17.00,1,,,,,6,,8,7466.22,6.00,,,5,4,2,3,10,11,14,,,,,,,,9.00,3.00,97.00,2.00,20.00,4.00,1.00,
632.00,5,4.00,3,,,,60.00,60.00,14,61.00,,12.00,1,,,,4.00,,,,,,,,,,,,,,,,,4,,,,,5392.80,6.00,,,4,4,13,,,,,,,,,,,,9.00,3.00,12.00,1.00,40.00,3.00,4.00,1.00
633.00,2,2.00,2,13,,,150.00,,14,151.00,,13.00,1,1.00,2.00,,,5.00,,,,,,,,,,,,,1,2,,,5,,,,6636.64,6.00,,,5,5,3,1,2,,,,,,,,,,9.00,3.00,9.00,1.00,20.00,2.00,2.00,1.00
634.00,1,1.00,3,,,,30.00,30.00,12,31.00,31.00,11.00,1,,,,,,,,,,,,12.00,,,,,,,,,,,6,,,5992.00,6.00,193.29,2.00,4,3,13,,,,,,,,,,,,9.00,3.00,12.00,2.00,40.00,3.00,1.00,1.00
635.00,3,3.00,4,,,,180.00,,14,181.00,,13.00,,,,,,,,,,,,,12.00,,,,,,,,,,,6,,,6636.64,6.00,,,5,5,14,2,3,11,,,,,,,,,9.00,3.00,2.00,2.00,20.00,4.00,3.00,
636.00,2,2.00,3,,,,30.00,30.00,12,31.00,31.00,11.00,1,1.00,,3.00,,,,,,,,,,,,,,,1,,3,,,,,,3733.11,6.00,120.42,2.00,4,4,13,,,,,,,,,,,,9.00,3.00,17.00,1.00,40.00,3.00,2.00,1.00
637.00,3,3.00,2,13,,,120.00,,14,121.00,,13.00,1,,,,4.00,,,,,,,,,,,,,,,,,4,,,,,5392.27,6.00,,,5,5,2,3,,,,,,,,,,,9.00,3.00,6.00,2.00,30.00,2.00,3.00,1.00
638.00,1,1.00,3,,,,360.00,,14,361.00,,13.00,,,,,,,,,,,,,,,14.00,,,,,,,,,,7,,5152.00,6.00,,,4,3,13,1,3,,,,,,,,,,9.00,3.00,6.00,2.00,40.00,3.00,1.00,
639.00,15,4.00,3,,,,45.00,45.00,13,46.00,46.00,11.00,1,,,3.00,,,,,,,,,,13.00,,,,,,,3,,,6,,,6000.00,6.00,130.43,2.00,4,4,13,,,,,,,,,,,,9.00,3.00,9.00,1.00,50.00,3.00,4.00,1.00
640.00,5,4.00,3,,,,30.00,30.00,12,31.00,31.00,11.00,1,,,3.00,4.00,,,,,,,,,,,,,,,,3,4,,,,,5000.00,6.00,161.29,2.00,5,3,2,13,,,,,,,,,,,9.00,3.00,9.00,2.00,40.00,3.00,4.00,1.00
641.00,2,2.00,4,,,,180.00,,14,181.00,,13.00,1,1.00,2.00,,4.00,,,,,,,,,,,,,,1,2,,4,,,,,7051.43,6.00,,,4,2,1,2,10,11,14,,,,,,,,9.00,3.00,2.00,2.00,20.00,4.00,2.00,1.00
642.00,10,4.00,3,,,,30.00,30.00,12,31.00,31.00,11.00,1,,,,,5.00,,,,,,,,,,,,,,,,,5,,,,3779.20,6.00,121.91,2.00,3,3,2,13,,,,,,,,,,,9.00,3.00,1.00,1.00,40.00,3.00,4.00,1.00
643.00,4,4.00,4,,,,300.00,,14,301.00,,13.00,,1.00,2.00,3.00,4.00,,,,,,,,,13.00,,,,,1,2,3,4,,6,,,5668.80,6.00,,,4,4,1,2,,,,,,,,,,,9.00,3.00,1.00,2.00,20.00,4.00,4.00,
644.00,10,4.00,3,,,,80.00,,14,81.00,,12.00,1,,2.00,,,,,,,,,,,,,,,,,2,,,,,,,,98.00,,,3,3,2,13,10,,,,,,,,,,9.00,3.00,1.00,1.00,40.00,3.00,4.00,1.00
645.00,2,2.00,4,,,,360.00,,14,361.00,,13.00,,1.00,,,4.00,,,,,,,,,13.00,,,16.00,17.00,1,,,4,,6,7,8,,98.00,,,5,4,1,2,3,4,6,10,11,14,,,,,9.00,3.00,1.00,2.00,20.00,4.00,2.00,
646.00,10,4.00,2,13,,,40.00,40.00,13,41.00,41.00,11.00,1,,,,,,,,,9.00,,,,,,,,,,,,,,6,,,1700.64,4.00,41.48,1.00,5,5,2,10,,,,,,,,,,,9.00,3.00,1.00,2.00,40.00,2.00,4.00,1.00
647.00,10,4.00,4,,,,364.00,,14,365.00,,13.00,,1.00,,,,,,,,,,,,,,,,,1,,,,,,,,,98.00,,,5,3,1,2,8,10,11,13,,,,,,,9.00,3.00,1.00,1.00,30.00,4.00,4.00,
648.00,2,2.00,4,,,,60.00,60.00,14,61.00,,12.00,1,,,,,,,,,,,,12.00,,,,,,,,,,,6,,,4000.00,6.00,,,4,3,2,3,13,,,,,,,,,,9.00,3.00,97.00,1.00,50.00,4.00,2.00,1.00
649.00,10,4.00,3,,,,90.00,,14,91.00,,13.00,1,1.00,2.00,,,,,,,,,,,,,,,,1,2,,,,,,,3306.80,6.00,,,3,2,13,,,,,,,,,,,,9.00,3.00,1.00,1.00,40.00,3.00,4.00,1.00
650.00,4,4.00,3,,,,35.00,35.00,13,36.00,36.00,11.00,1,1.00,,,,,,,,,,,,,,,,,1,,,,,,,,2300.00,5.00,63.89,1.00,3,1,13,2,,,,,,,,,,,9.00,3.00,12.00,2.00,30.00,3.00,4.00,1.00
651.00,10,4.00,2,13,,,150.00,,14,151.00,,13.00,1,,,,,,,,,,,,,,14.00,,,,,,,,,,7,,3665.00,6.00,,,5,4,1,2,,,,,,,,,,,9.00,3.00,2.00,2.00,40.00,2.00,4.00,1.00
652.00,1,1.00,3,,,,180.00,,14,181.00,,13.00,,,,,4.00,,,,,,,,,,,,,,,,,4,,,,,3484.23,6.00,,,5,5,2,13,10,3,,,,,,,,,9.00,3.00,6.00,2.00,20.00,3.00,1.00,
653.00,1,1.00,3,,,,364.00,,14,365.00,,13.00,,,2.00,,,,,,,,,,,,,,,,,2,,,,,,,5796.00,6.00,,,4,2,2,10,,,,,,,,,,,9.00,3.00,6.00,2.00,30.00,3.00,1.00,
654.00,5,4.00,3,,,,40.00,40.00,13,41.00,41.00,11.00,1,1.00,,,,,,,,,,,,,,,,,1,,,,,,,,,98.00,,,4,2,2,13,,,,,,,,,,,9.00,3.00,9.00,1.00,50.00,3.00,4.00,1.00
655.00,10,4.00,3,,,,30.00,30.00,12,31.00,31.00,11.00,1,,,,,,,,8.00,,,,,,,,,,,,,,5,,,,6100.00,6.00,196.77,2.00,5,4,2,13,10,,,,,,,,,,9.00,3.00,9.00,1.00,50.00,3.00,4.00,1.00
656.00,2,2.00,4,,,,300.00,,14,301.00,,13.00,,1.00,2.00,3.00,,,,,,,,,12.00,13.00,,,,,1,2,3,,,6,,,,98.00,,,4,1,1,2,3,4,5,6,8,10,14,,,,9.00,3.00,9.00,2.00,20.00,4.00,2.00,
657.00,1,1.00,3,,,,39.00,39.00,13,40.00,40.00,11.00,1,,2.00,,,,,,,,,,,,,,,,,2,,,,,,,5864.00,6.00,146.60,2.00,4,4,13,2,,,,,,,,,,,9.00,3.00,2.00,1.00,30.00,3.00,1.00,1.00
658.00,6,4.00,3,,,,6.00,6.00,6,7.00,7.00,7.00,2,1.00,,,,,,,,,,,,,,,,,1,,,,,,,,3811.60,6.00,544.51,6.00,5,4,13,1,,,,,,,,,,,9.00,3.00,2.00,1.00,40.00,3.00,4.00,2.00
659.00,5,4.00,4,,,,60.00,60.00,14,61.00,,12.00,1,,,,,,,,,,,,,13.00,,,,,,,,,,6,,,2199.00,5.00,,,4,4,14,,,,,,,,,,,,9.00,3.00,2.00,1.00,20.00,4.00,4.00,1.00
660.00,5,4.00,4,,,,210.00,,14,211.00,,13.00,1,,,,,,,,,,,,,13.00,,,,,,,,,,6,,,5424.20,6.00,,,5,4,14,1,,,,,,,,,,,9.00,3.00,2.00,2.00,20.00,4.00,4.00,1.00
661.00,10,4.00,3,,,,19.00,19.00,11,20.00,20.00,11.00,2,1.00,2.00,3.00,,,,,,,,,,,,,,,1,2,3,,,,,,,98.00,,,5,4,13,2,1,,,,,,,,,,9.00,3.00,2.00,1.00,50.00,3.00,4.00,2.00
662.00,10,4.00,4,,,,29.00,29.00,12,30.00,30.00,11.00,1,,,,,,,,,,,,,13.00,,,,,,,,,,6,,,,98.00,,,4,4,2,14,,,,,,,,,,,9.00,3.00,2.00,2.00,20.00,4.00,4.00,1.00
663.00,1,1.00,3,,,,180.00,,14,181.00,,13.00,,,,,,,,,,,,,,,,,16.00,,,,,,,,7,,4728.60,6.00,,,4,4,2,3,13,,,,,,,,,,9.00,3.00,2.00,2.00,30.00,3.00,1.00,
664.00,1,1.00,4,,,,180.00,,14,181.00,,13.00,,1.00,,,,,,,,,,,,,,,,,1,,,,,,,,3981.98,6.00,,,5,5,1,2,,,,,,,,,,,9.00,3.00,2.00,1.00,20.00,4.00,1.00,
665.00,2,2.00,4,,,,29.00,29.00,12,30.00,30.00,11.00,1,1.00,,,,,,,,,,,,,,,,,1,,,,,,,,2052.40,5.00,68.41,1.00,3,2,2,14,,,,,,,,,,,9.00,3.00,2.00,2.00,20.00,4.00,2.00,1.00
666.00,1,1.00,3,,,,6.00,6.00,6,7.00,7.00,7.00,2,,2.00,,,,,,,,,,,,,,,,,2,,,,,,,2654.65,5.00,379.24,4.00,3,2,13,2,,,,,,,,,,,9.00,3.00,2.00,1.00,40.00,3.00,1.00,2.00
667.00,6,4.00,4,,,,210.00,,14,211.00,,13.00,,1.00,,,,,,,,,,,,13.00,,,,17.00,1,,,,,6,,8,7242.04,6.00,,,3,2,1,3,4,6,14,,,,,,,,9.00,3.00,2.00,1.00,20.00,4.00,4.00,
668.00,4,4.00,4,,,,240.00,,14,241.00,,13.00,,1.00,2.00,3.00,4.00,5.00,,,,,10.00,11.00,12.00,13.00,,,,17.00,1,2,3,4,5,6,,8,8942.60,6.00,,,4,2,1,2,3,7,8,14,,,,,,,9.00,3.00,2.00,2.00,20.00,4.00,4.00,
669.00,3,3.00,4,,,,160.00,,14,161.00,,13.00,1,1.00,,,,,,,,,,,,,,,,,1,,,,,,,,3371.80,6.00,,,5,4,2,6,14,,,,,,,,,,9.00,3.00,2.00,2.00,20.00,4.00,3.00,1.00
670.00,1,1.00,2,2,1,5,240.00,,14,241.00,,13.00,,1.00,2.00,,,,,,,,,,,,,,,,1,2,,,,,,,3518.40,6.00,,,5,4,1,2,3,,,,,,,,,,9.00,3.00,2.00,1.00,20.00,2.00,1.00,
671.00,5,4.00,4,,,,270.00,,14,271.00,,13.00,,1.00,,,,,,,,,,,,,,,16.00,,1,,,,,,7,,5143.39,6.00,,,5,4,1,2,3,4,5,6,7,8,10,14,,,9.00,3.00,2.00,1.00,20.00,4.00,4.00,
672.00,1,1.00,4,,,,90.00,,14,91.00,,13.00,1,,,,,5.00,,7.00,,,,,,,,,,,,,,,5,,,,5131.00,6.00,,,4,2,2,14,,,,,,,,,,,9.00,3.00,2.00,2.00,20.00,4.00,1.00,1.00
673.00,4,4.00,4,,,,240.00,,14,241.00,,13.00,,1.00,,,,,,,,,,,,,,,,,1,,,,,,,,2858.70,5.00,,,4,4,2,1,14,,,,,,,,,,9.00,3.00,2.00,2.00,20.00,4.00,4.00,
674.00,5,4.00,4,,,,210.00,,14,211.00,,13.00,,1.00,,,,,,,,,,,,,,,,,1,,,,,,,,7466.22,6.00,,,5,5,14,2,1,,,,,,,,,,9.00,3.00,2.00,2.00,20.00,4.00,4.00,
675.00,3,3.00,2,13,,,240.00,,14,241.00,,13.00,,1.00,,,,,,,,,,,,,,,,17.00,1,,,,,,,8,4562.69,6.00,,,5,5,4,2,1,3,,,,,,,,,9.00,3.00,2.00,1.00,20.00,2.00,3.00,
676.00,2,2.00,4,,,,364.00,,14,365.00,,13.00,,1.00,2.00,,,,,,,,,,,,,,,,1,2,,,,,,,,98.00,,,4,4,1,2,3,4,5,6,7,8,9,10,12,14,9.00,3.00,2.00,1.00,20.00,4.00,2.00,
677.00,3,3.00,4,,,,244.00,,14,245.00,,13.00,,1.00,,,4.00,,,,,,,,,,,,,17.00,1,,,4,,,,8,5992.00,6.00,,,5,5,2,3,4,10,14,,,,,,,,9.00,3.00,12.00,2.00,20.00,4.00,3.00,
678.00,3,3.00,2,13,,,61.00,,14,62.00,,12.00,1,1.00,,,,,,,,,,,,,,,,,1,,,,,,,,6000.00,6.00,,,5,5,2,3,4,6,11,,,,,,,,9.00,3.00,97.00,2.00,15.00,2.00,3.00,1.00
679.00,1,1.00,3,,,,17.00,17.00,11,18.00,18.00,11.00,2,1.00,,,,,,,,,,11.00,,,,,,,1,,,,,6,,,4314.24,6.00,239.68,3.00,5,5,13,,,,,,,,,,,,9.00,3.00,12.00,1.00,20.00,3.00,1.00,2.00
680.00,12,4.00,2,13,,,182.00,,14,183.00,,13.00,,1.00,,,,,,,,,,,,,,,,,1,,,,,,,,4977.48,6.00,,,3,5,2,,,,,,,,,,,,9.00,3.00,2.00,2.00,30.00,2.00,4.00,
681.00,1,1.00,3,,,,7.00,7.00,7,8.00,8.00,8.00,2,,,3.00,,,,,,,,11.00,,,,,,,,,3,,,6,,,2500.00,5.00,312.50,4.00,4,5,13,,,,,,,,,,,,9.00,3.00,12.00,1.00,20.00,3.00,1.00,2.00
682.00,2,2.00,3,,,,185.00,,14,186.00,,13.00,,1.00,2.00,,,,,,,,,,,,,,,,1,2,,,,,,,9587.20,6.00,,,4,5,13,,,,,,,,,,,,9.00,3.00,12.00,1.00,40.00,3.00,2.00,
683.00,1,1.00,2,13,,,28.00,28.00,12,29.00,29.00,11.00,1,1.00,,,,,,,,,,,,13.00,,,,,1,,,,,6,,,4037.10,6.00,139.21,2.00,5,5,2,16,,,,,,,,,,,9.00,3.00,11.00,2.00,60.00,2.00,1.00,1.00
684.00,4,4.00,2,13,,,180.00,,14,181.00,,13.00,,1.00,,,,,,,,,,,12.00,13.00,,,,17.00,1,,,,,6,,8,10000.00,6.00,,,5,5,2,3,4,6,,,,,,,,,9.00,3.00,10.00,1.00,30.00,2.00,4.00,
685.00,1,1.00,3,,,,330.00,,14,331.00,,13.00,,1.00,,,,,,,,,,,,13.00,,,,,1,,,,,6,,,8000.00,6.00,,,3,5,13,2,3,4,,,,,,,,,9.00,3.00,9.00,2.00,20.00,3.00,1.00,
686.00,1,1.00,3,,,,274.00,,14,275.00,,13.00,,,2.00,,,,,,,,,,,,,,,,,2,,,,,,,6000.00,6.00,,,4,2,2,13,,,,,,,,,,,9.00,3.00,9.00,2.00,20.00,3.00,1.00,
687.00,4,4.00,2,8,,,120.00,,14,121.00,,13.00,1,,2.00,,,,,,,,,,,,,,,,,2,,,,,,,2903.53,5.00,,,4,4,3,2,11,,,,,,,,,,9.00,3.00,2.00,1.00,30.00,2.00,4.00,1.00
688.00,2,2.00,2,1,2,4,364.00,,14,365.00,,13.00,,1.00,2.00,,,,,,,,,,,,,,,,1,2,,,,,,,,98.00,,,4,4,2,12,5,,,,,,,,,,9.00,3.00,2.00,1.00,20.00,2.00,2.00,
689.00,10,4.00,4,,,,180.00,,14,181.00,,13.00,,1.00,,,,5.00,,,,,,,,13.00,,,,17.00,1,,,,5,6,,8,5807.06,6.00,,,5,5,1,2,4,10,14,,,,,,,,9.00,3.00,2.00,1.00,20.00,4.00,4.00,
690.00,10,4.00,4,,,,210.00,,14,211.00,,13.00,,1.00,,,,,,,,,,,,13.00,,,,,1,,,,,6,,,,98.00,,,5,5,1,3,2,11,14,,,,,,,,9.00,3.00,2.00,1.00,20.00,4.00,4.00,
691.00,2,2.00,2,1,2,3,210.00,,14,211.00,,13.00,,,,,,,,,,,,11.00,,,,,,,,,,,,6,,,2488.74,5.00,,,5,5,1,2,3,12,,,,,,,,,9.00,3.00,2.00,1.00,30.00,2.00,2.00,
692.00,2,2.00,1,2,1,5,210.00,,14,211.00,,13.00,,1.00,2.00,,,,,,,,,,,,,,,,1,2,,,,,,,5807.06,6.00,,,4,4,2,1,3,4,,,,,,,,,9.00,3.00,2.00,2.00,50.00,1.00,2.00,
693.00,5,4.00,2,2,3,8,150.00,,14,151.00,,13.00,1,1.00,2.00,,,,,,,,,,,,,,,,1,2,,,,,,,7000.00,6.00,,,3,2,1,3,11,2,14,,,,,,,,9.00,3.00,2.00,2.00,30.00,2.00,4.00,1.00
694.00,5,4.00,4,,,,210.00,,14,211.00,,13.00,,,,,,5.00,,,,,,,,,,,,,,,,,5,,,,5570.80,6.00,,,4,4,1,2,14,3,10,9,,,,,,,9.00,3.00,2.00,1.00,20.00,4.00,4.00,
695.00,8,4.00,4,,,,180.00,,14,181.00,,13.00,,1.00,,,,,,,,,,,,,,,,,1,,,,,,,,5558.18,6.00,,,5,5,2,3,5,,,,,,,,,,9.00,3.00,2.00,2.00,20.00,4.00,4.00,
696.00,5,4.00,4,,,,120.00,,14,121.00,,13.00,1,1.00,,,,,,,,,,,,,,,,,1,,,,,,,,3958.20,6.00,,,4,4,2,,,,,,,,,,,,9.00,3.00,2.00,2.00,20.00,4.00,4.00,1.00
697.00,2,2.00,1,2,3,6,180.00,,14,181.00,,13.00,,1.00,2.00,,,,,7.00,,,,,12.00,,,,,,1,2,,,5,6,,,9822.20,6.00,,,4,5,2,3,6,10,,,,,,,,,9.00,3.00,2.00,1.00,30.00,1.00,2.00,
698.00,5,4.00,1,2,4,3,180.00,,14,181.00,,13.00,,1.00,,,,,,,,,,,,,,,,,1,,,,,,,,9954.95,6.00,,,5,4,10,2,1,3,,,,,,,,,9.00,3.00,2.00,2.00,30.00,1.00,4.00,
699.00,2,2.00,4,,,,210.00,,14,211.00,,13.00,,1.00,,,,,,,,,,,,,,,,,1,,,,,,,,4977.48,6.00,,,5,4,14,1,,,,,,,,,,,9.00,3.00,2.00,2.00,20.00,4.00,2.00,
700.00,3,3.00,2,13,,,120.00,,14,121.00,,13.00,1,,2.00,,,,,,,,,,,,,,,,,2,,,,,,,4000.00,6.00,,,4,4,2,11,,,,,,,,,,,9.00,3.00,9.00,1.00,40.00,2.00,3.00,1.00
701.00,2,2.00,3,,,,35.00,35.00,13,36.00,36.00,11.00,1,1.00,,3.00,,,,,,,,,,,,,,,1,,3,,,,,,6728.50,6.00,186.90,2.00,5,3,13,,,,,,,,,,,,9.00,3.00,11.00,1.00,30.00,3.00,2.00,1.00
702.00,4,4.00,3,,,,30.00,30.00,12,31.00,31.00,11.00,1,1.00,2.00,,,,,,,,,,,,,,,,1,2,,,,,,,6950.72,6.00,224.22,3.00,4,3,13,,,,,,,,,,,,9.00,3.00,13.00,1.00,30.00,3.00,4.00,1.00
703.00,4,4.00,2,13,,,210.00,,14,211.00,,13.00,,,,,,,,,,,10.00,,,,,,,,,,,,,6,,,,98.00,,,5,5,1,2,3,11,,,,,,,,,9.00,3.00,9.00,2.00,30.00,2.00,4.00,
704.00,1,1.00,2,13,,,90.00,,14,91.00,,13.00,1,,2.00,,,,,,,,,,,,,,,,,2,,,,,,,6000.00,6.00,,,5,5,2,3,10,,,,,,,,,,9.00,3.00,9.00,2.00,20.00,2.00,1.00,1.00
705.00,3,3.00,4,,,,90.00,,14,91.00,,13.00,1,1.00,,,4.00,,,,,,,,,,14.00,,,17.00,1,,,4,,,7,8,,98.00,,,5,3,2,4,3,5,6,10,14,,,,,,9.00,3.00,9.00,2.00,20.00,4.00,3.00,1.00
706.00,10,4.00,3,,,,90.00,,14,91.00,,13.00,1,,,3.00,,,,,,,,,,,,,,,,,3,,,,,,8000.00,6.00,,,4,4,1,2,13,,,,,,,,,,9.00,3.00,9.00,1.00,40.00,3.00,4.00,1.00
707.00,13,4.00,2,13,,,90.00,,14,91.00,,13.00,1,,,,,,,,,,,11.00,,,,,,,,,,,,6,,,6000.00,6.00,,,5,5,2,3,,,,,,,,,,,9.00,3.00,9.00,2.00,50.00,2.00,4.00,1.00
708.00,3,3.00,4,,,,364.00,,14,365.00,,13.00,,1.00,2.00,,,,,,,,,,,13.00,,,,17.00,1,2,,,,6,,8,8975.60,6.00,,,5,2,1,2,3,4,5,6,7,8,10,14,,,9.00,3.00,1.00,1.00,20.00,4.00,3.00,
709.00,6,4.00,3,,,,30.00,30.00,12,31.00,31.00,11.00,1,1.00,,3.00,,,,,,,,,,,,,,,1,,3,,,,,,4000.00,6.00,129.03,2.00,5,5,2,13,,,,,,,,,,,9.00,3.00,11.00,1.00,50.00,3.00,4.00,1.00
710.00,10,4.00,4,,,,10.00,10.00,10,11.00,11.00,11.00,2,,,3.00,,,,,,,,,,,,,,,,,3,,,,,,2362.00,5.00,214.73,3.00,4,4,13,,,,,,,,,,,,9.00,3.00,1.00,1.00,40.00,4.00,4.00,2.00
711.00,10,4.00,2,13,,,60.00,60.00,14,61.00,,12.00,1,1.00,,,,,,,,,,,,,,,,,1,,,,,,,,2834.40,5.00,,,5,5,1,2,,,,,,,,,,,9.00,3.00,1.00,2.00,40.00,2.00,4.00,1.00
712.00,2,2.00,3,,,,270.00,,14,271.00,,13.00,,1.00,,,,,,,,,,,,,,,,,1,,,,,,,,7500.00,6.00,,,4,3,1,2,10,13,,,,,,,,,9.00,3.00,11.00,1.00,20.00,3.00,2.00,
713.00,5,4.00,2,13,,,180.00,,14,181.00,,13.00,,1.00,,,,,,,,,,,,,,,,,1,,,,,,,,2691.40,5.00,,,4,4,2,,,,,,,,,,,,9.00,3.00,11.00,1.00,20.00,2.00,4.00,
714.00,2,2.00,3,,,,50.00,50.00,13,51.00,51.00,11.00,1,,,,,,,,,,10.00,,,,,,,,,,,,,6,,,,98.00,,,4,3,13,15,,,,,,,,,,,9.00,3.00,9.00,1.00,40.00,3.00,2.00,1.00
715.00,4,4.00,2,13,,,70.00,,14,71.00,,12.00,1,,,,,,,7.00,,,,,,,,,,,,,,,5,,,,3000.00,5.00,,,5,5,2,11,1,,,,,,,,,,9.00,3.00,9.00,2.00,50.00,2.00,4.00,1.00
716.00,1,1.00,4,,,,180.00,,14,181.00,,13.00,,1.00,,,,,,,,,,,,,,,,,1,,,,,,,,8200.00,6.00,,,4,2,14,1,2,10,,,,,,,,,9.00,3.00,9.00,2.00,20.00,4.00,1.00,
717.00,3,3.00,3,,,,30.00,30.00,12,31.00,31.00,11.00,1,1.00,,,,,,,,,,,,,,,,,1,,,,,,,,5000.00,6.00,161.29,2.00,5,5,2,13,,,,,,,,,,,9.00,3.00,9.00,2.00,40.00,3.00,3.00,1.00
718.00,2,2.00,4,,,,300.00,,14,301.00,,13.00,,1.00,,,,,,,,,,,,,,,,,1,,,,,,,,5392.27,6.00,,,3,3,1,2,14,,,,,,,,,,9.00,3.00,16.00,2.00,20.00,4.00,2.00,
719.00,1,1.00,4,,,,364.00,,14,365.00,,13.00,,,,,,,,,8.00,,,,,,,,,,,,,,5,,,,8000.00,6.00,,,4,3,2,10,14,,,,,,,,,,9.00,3.00,97.00,1.00,20.00,4.00,1.00,
720.00,2,2.00,3,,,,90.00,,14,91.00,,13.00,1,1.00,2.00,,,,,,,,,,,,,,,,1,2,,,,,,,4000.00,6.00,,,5,4,13,,,,,,,,,,,,9.00,3.00,97.00,2.00,30.00,3.00,2.00,1.00
721.00,6,4.00,3,,,,90.00,,14,91.00,,13.00,1,1.00,,,,,,,,,,,,,,,,,1,,,,,,,,5500.00,6.00,,,4,4,13,2,,,,,,,,,,,9.00,3.00,97.00,1.00,50.00,3.00,4.00,1.00
722.00,1,1.00,3,,,,330.00,,14,331.00,,13.00,,1.00,,,,,,,,,,,,,,,16.00,,1,,,,,,7,,4977.48,6.00,,,5,5,1,2,10,13,,,,,,,,,9.00,3.00,16.00,1.00,40.00,3.00,1.00,
723.00,4,4.00,3,,,,270.00,,14,271.00,,13.00,,1.00,2.00,,,,,,,,,,,,,,,,1,2,,,,,,,10000.00,6.00,,,4,3,14,,,,,,,,,,,,9.00,3.00,97.00,1.00,40.00,3.00,4.00,
724.00,3,3.00,4,,,,150.00,,14,151.00,,13.00,1,1.00,,,,,,,,,,,,,,,,,1,,,,,,,,4977.48,6.00,,,5,5,14,,,,,,,,,,,,9.00,3.00,16.00,2.00,20.00,4.00,3.00,1.00
725.00,1,1.00,3,,,,30.00,30.00,12,31.00,31.00,11.00,1,,,,,,,,,,,11.00,,,,,,,,,,,,6,,,7000.00,6.00,225.81,3.00,4,5,13,2,,,,,,,,,,,9.00,3.00,97.00,1.00,30.00,3.00,1.00,1.00
726.00,3,3.00,4,,,,180.00,,14,181.00,,13.00,,,,,4.00,,,,,,,,,,,,,,,,,4,,,,,3000.00,5.00,,,5,3,1,2,10,11,14,,,,,,,,9.00,3.00,13.00,2.00,20.00,4.00,3.00,
727.00,1,1.00,3,,,,60.00,60.00,14,61.00,,12.00,1,,,,,5.00,,,,,,,,,,,,,,,,,5,,,,3600.00,6.00,,,4,4,13,15,1,,,,,,,,,,9.00,3.00,97.00,1.00,30.00,3.00,1.00,1.00
728.00,5,4.00,3,,,,210.00,,14,211.00,,13.00,,,,,,,,,,,,,,13.00,,,,,,,,,,6,,,,98.00,,,5,3,2,10,13,,,,,,,,,,9.00,3.00,97.00,1.00,30.00,3.00,4.00,
729.00,2,2.00,3,,,,100.00,,14,101.00,,13.00,1,,,,,,,,,,10.00,,,,,,,,,,,,,6,,,4800.00,6.00,,,3,3,13,,,,,,,,,,,,9.00,3.00,97.00,1.00,30.00,3.00,2.00,1.00
730.00,1,1.00,2,13,,,210.00,,14,211.00,,13.00,,1.00,,,,,,,,,,,,,,,,,1,,,,,,,,7190.40,6.00,,,5,5,2,3,10,,,,,,,,,,9.00,3.00,97.00,2.00,20.00,2.00,1.00,
731.00,1,1.00,3,,,,360.00,,14,361.00,,13.00,,,,3.00,,,,,,,,,,,,,,,,,3,,,,,,6304.80,6.00,,,4,2,2,10,9,13,,,,,,,,,9.00,3.00,97.00,1.00,40.00,3.00,1.00,
732.00,2,2.00,3,,,,80.00,,14,81.00,,12.00,1,1.00,,,,,,,,,,,,,14.00,,,,1,,,,,,7,,10000.00,6.00,,,4,4,2,13,,,,,,,,,,,9.00,3.00,15.00,1.00,40.00,3.00,2.00,1.00
733.00,1,1.00,3,,,,49.00,49.00,13,50.00,50.00,11.00,2,,2.00,,,,,,,,,,,,,,,,,2,,,,,,,500.00,1.00,10.00,1.00,5,4,13,,,,,,,,,,,,9.00,3.00,2.00,1.00,20.00,3.00,1.00,2.00
734.00,1,1.00,3,,,,360.00,,14,361.00,,13.00,,1.00,2.00,3.00,4.00,5.00,,,,,,11.00,,13.00,14.00,,,,1,2,3,4,5,6,7,,3000.00,5.00,,,4,4,1,2,3,4,5,,,,,,,,9.00,3.00,9.00,1.00,20.00,3.00,1.00,
735.00,1,1.00,2,13,,,21.00,21.00,12,22.00,22.00,11.00,1,,,,,,,,,,,,,13.00,,,,,,,,,,6,,,1538.60,4.00,69.94,1.00,3,4,16,,,,,,,,,,,,9.00,3.00,10.00,2.00,20.00,2.00,1.00,1.00
736.00,3,3.00,2,13,,,10.00,10.00,10,11.00,11.00,11.00,2,,,,,,,,,,,11.00,,,,,,,,,,,,6,,,1446.28,3.00,131.48,2.00,3,4,16,,,,,,,,,,,,9.00,3.00,10.00,1.00,30.00,2.00,3.00,2.00
737.00,2,2.00,3,,,,3.00,3.00,3,4.00,4.00,4.00,2,,,,,,,,,,,,,13.00,,,,,,,,,,6,,,2000.00,4.00,500.00,5.00,4,2,13,,,,,,,,,,,,9.00,3.00,97.00,1.00,30.00,3.00,2.00,2.00
738.00,6,4.00,2,2,3,11,210.00,,14,211.00,,13.00,,,,,,,,,,,,,,13.00,,,,,,,,,,6,,,7843.10,6.00,,,4,4,1,3,2,11,,,,,,,,,9.00,3.00,2.00,2.00,30.00,2.00,4.00,
739.00,2,2.00,3,,,,270.00,,14,271.00,,13.00,,1.00,,3.00,,,,7.00,,9.00,10.00,,,13.00,,,,,1,,3,,5,6,,,4977.48,6.00,,,5,5,2,3,4,13,6,8,10,11,,,,,9.00,3.00,9.00,2.00,20.00,3.00,2.00,
740.00,1,1.00,1,1,2,3,180.00,,14,181.00,,13.00,,1.00,,,,,,,,,,,,,,,,,1,,,,,,,,3318.32,6.00,,,4,4,1,2,3,4,,,,,,,,,9.00,3.00,7.00,1.00,20.00,1.00,1.00,
741.00,3,3.00,2,12,,,89.00,,14,90.00,,12.00,1,1.00,,,,,,,,,,,,,,,,,1,,,,,,,,2400.00,5.00,,,4,4,2,3,4,6,10,11,,,,,,,9.00,3.00,9.00,2.00,30.00,2.00,3.00,1.00
742.00,1,1.00,3,,,,28.00,28.00,12,29.00,29.00,11.00,1,,2.00,,,,,,,,,,,,,,,,,2,,,,,,,,98.00,,,4,5,13,14,,,,,,,,,,,9.00,3.00,14.00,1.00,20.00,3.00,1.00,1.00
743.00,1,1.00,4,,,,60.00,60.00,14,61.00,,12.00,1,,,,,,,,,,,,,,,15.00,,,,,,,,,7,,1905.80,4.00,,,5,4,1,2,3,,,,,,,,,,9.00,3.00,2.00,2.00,20.00,4.00,1.00,1.00
744.00,5,4.00,2,1,2,3,180.00,,14,181.00,,13.00,,,,,,,,,,,,,12.00,,,,,,,,,,,6,,,2345.60,5.00,,,4,4,1,2,3,,,,,,,,,,9.00,3.00,2.00,1.00,20.00,2.00,4.00,
745.00,3,3.00,3,,,,14.00,14.00,11,15.00,15.00,11.00,2,1.00,,3.00,,,,,,,,,,,,,,,1,,3,,,,,,3318.32,6.00,221.22,3.00,5,5,13,,,,,,,,,,,,9.00,3.00,13.00,1.00,50.00,3.00,3.00,2.00
746.00,8,4.00,2,13,,,300.00,,14,301.00,,13.00,,1.00,,,,,,,,,,,,,,,,,1,,,,,,,,5992.00,6.00,,,4,3,1,2,3,4,,,,,,,,,9.00,3.00,12.00,1.00,60.00,2.00,4.00,
747.00,5,4.00,2,13,,,190.00,,14,191.00,,13.00,,,2.00,3.00,,,,,,,,,,,,,,,,2,3,,,,,,4977.48,6.00,,,3,4,1,2,,,,,,,,,,,9.00,3.00,9.00,2.00,50.00,2.00,4.00,
748.00,10,4.00,3,,,,213.00,,14,214.00,,13.00,,1.00,,,,,,,,,,,,,,,,17.00,1,,,,,,,8,,98.00,,,5,5,1,2,3,4,10,13,,,,,,,9.00,3.00,11.00,1.00,30.00,3.00,4.00,
749.00,10,4.00,3,,,,14.00,14.00,11,15.00,15.00,11.00,2,,,,,,,,,,,,,,,15.00,,,,,,,,,7,,2078.56,5.00,138.57,2.00,3,2,13,,,,,,,,,,,,9.00,3.00,1.00,1.00,40.00,3.00,4.00,2.00
750.00,5,4.00,3,,,,30.00,30.00,12,31.00,31.00,11.00,1,1.00,,,,,,,,,,,,,,,,,1,,,,,,,,3212.32,6.00,103.62,2.00,4,2,13,2,,,,,,,,,,,9.00,3.00,1.00,1.00,50.00,3.00,4.00,1.00
751.00,10,4.00,2,13,,,90.00,,14,91.00,,13.00,1,,,,,,6.00,,,,,,,,,,,,,,,,5,,,,1417.20,3.00,,,4,4,2,11,10,,,,,,,,,,9.00,3.00,1.00,2.00,20.00,2.00,4.00,1.00
752.00,10,4.00,3,,,,40.00,40.00,13,41.00,41.00,11.00,1,1.00,,3.00,,,,,,,,,,,,,,,1,,3,,,,,,5196.40,6.00,126.74,2.00,3,4,2,1,3,,,,,,,,,,9.00,3.00,1.00,1.00,30.00,3.00,4.00,1.00
753.00,6,4.00,2,13,,,90.00,,14,91.00,,13.00,1,1.00,,,4.00,,,,,,,,,,,,,,1,,,4,,,,,3318.32,6.00,,,5,5,2,3,,,,,,,,,,,9.00,3.00,9.00,2.00,30.00,2.00,4.00,1.00
754.00,2,2.00,3,,,,40.00,40.00,13,41.00,41.00,11.00,1,1.00,2.00,3.00,,,,,,,,,,,,,,,1,2,3,,,,,,7000.00,6.00,170.73,2.00,3,3,13,,,,,,,,,,,,9.00,3.00,9.00,1.00,40.00,3.00,2.00,1.00
755.00,2,2.00,4,,,,270.00,,14,271.00,,13.00,,1.00,,,,,,,,,,,,,,,,,1,,,,,,,,4977.48,6.00,,,4,5,1,2,3,4,14,10,,,,,,,9.00,3.00,2.00,1.00,20.00,4.00,2.00,
756.00,10,4.00,2,13,,,270.00,,14,271.00,,13.00,,1.00,2.00,3.00,,,,,,,,,,,,,,,1,2,3,,,,,,4811.56,6.00,,,5,5,1,2,3,6,12,,,,,,,,9.00,3.00,2.00,2.00,20.00,2.00,4.00,
757.00,4,4.00,2,13,,,265.00,,14,266.00,,13.00,,1.00,2.00,,,,,,,,,,,,,,,,1,2,,,,,,,1244.37,3.00,,,5,5,1,2,4,6,,,,,,,,,9.00,3.00,2.00,2.00,20.00,2.00,4.00,
758.00,1,1.00,2,13,,,240.00,,14,241.00,,13.00,,1.00,2.00,,,,,,,,,,,,,,,,1,2,,,,,,,1244.37,3.00,,,4,4,1,2,3,,,,,,,,,,9.00,3.00,97.00,2.00,30.00,2.00,1.00,
759.00,1,1.00,2,13,,,30.00,30.00,12,31.00,31.00,11.00,1,,,,,,,,,,,11.00,,,,,,,,,,,,6,,,1500.00,3.00,48.39,1.00,5,5,2,3,,,,,,,,,,,9.00,3.00,9.00,1.00,20.00,2.00,1.00,1.00
760.00,2,2.00,3,,,,89.00,,14,90.00,,12.00,1,,,3.00,,,,,,,,,,,,,,17.00,,,3,,,,,8,7693.00,6.00,,,4,4,2,13,,,,,,,,,,,9.00,3.00,10.00,1.00,20.00,3.00,2.00,1.00
761.00,3,3.00,3,,,,150.00,,14,151.00,,13.00,1,,,,,,,,,,10.00,,,,,,,,,,,,,6,,,2073.95,5.00,,,5,5,15,2,,,,,,,,,,,9.00,3.00,97.00,1.00,30.00,3.00,3.00,1.00
762.00,50,4.00,2,13,,,150.00,,14,151.00,,13.00,1,,,3.00,,,,,,,,,,,,,,,,,3,,,,,,2488.74,5.00,,,4,5,1,2,,,,,,,,,,,9.00,3.00,5.00,2.00,50.00,2.00,4.00,1.00
763.00,5,4.00,3,,,,30.00,30.00,12,31.00,31.00,11.00,2,1.00,,,,,,7.00,,,,,,,,,,,1,,,,5,,,,5115.00,6.00,165.00,2.00,4,4,2,13,,,,,,,,,,,9.00,3.00,5.00,1.00,40.00,3.00,4.00,2.00
764.00,3,3.00,2,13,,,300.00,,14,301.00,,13.00,,1.00,2.00,,,,,,,,,,,,,,,17.00,1,2,,,,,,8,,98.00,,,5,5,1,2,3,4,11,,,,,,,,9.00,3.00,9.00,2.00,40.00,2.00,3.00,
765.00,1,1.00,3,,,,40.00,40.00,13,41.00,41.00,11.00,1,,,,,,,,,,10.00,,,,,,,,,,,,,6,,,1200.00,3.00,29.27,1.00,4,3,13,,,,,,,,,,,,9.00,3.00,9.00,1.00,40.00,3.00,1.00,1.00
766.00,2,2.00,3,,,,50.00,50.00,13,51.00,51.00,11.00,1,,,3.00,,,6.00,,,,,,,,,,16.00,,,,3,,5,,7,,2678.00,5.00,52.51,1.00,4,4,3,13,,,,,,,,,,,9.00,3.00,17.00,2.00,30.00,3.00,2.00,1.00
767.00,3,3.00,2,13,,,90.00,,14,91.00,,13.00,1,1.00,,,,,,,,,,,,,,,,,1,,,,,,,,,98.00,,,5,5,16,,,,,,,,,,,,9.00,3.00,9.00,1.00,30.00,2.00,3.00,1.00
768.00,4,4.00,4,,,,180.00,,14,181.00,,13.00,,1.00,,,,,,,,,,,,,,,,,1,,,,,,,,5668.80,6.00,,,5,3,2,14,,,,,,,,,,,9.00,3.00,1.00,2.00,20.00,4.00,4.00,
769.00,10,4.00,2,13,,,60.00,60.00,14,61.00,,12.00,1,,,,,,6.00,,,,,,,,,,,,,,,,5,,,,3733.11,6.00,,,5,5,2,,,,,,,,,,,,9.00,3.00,1.00,2.00,30.00,2.00,4.00,1.00
770.00,6,4.00,3,,,,90.00,,14,91.00,,13.00,1,,,,,,,,8.00,,,,,,,,,,,,,,5,,,,4724.00,6.00,,,3,3,13,,,,,,,,,,,,9.00,3.00,1.00,1.00,30.00,3.00,4.00,1.00
771.00,10,4.00,3,,,,40.00,40.00,13,41.00,41.00,11.00,1,1.00,,,,,,,,,,,,,,,,,1,,,,,,,,5668.80,6.00,138.26,2.00,4,4,13,2,,,,,,,,,,,9.00,3.00,1.00,2.00,30.00,3.00,4.00,1.00
772.00,1,1.00,3,,,,300.00,,14,301.00,,13.00,,1.00,,,,,,,,,,,,,,,,,1,,,,,,,,,98.00,,,4,5,1,2,13,,,,,,,,,,9.00,3.00,9.00,1.00,30.00,3.00,1.00,
773.00,2,2.00,3,,,,270.00,,14,271.00,,13.00,,1.00,,3.00,,,,,,,,,,,,,,,1,,3,,,,,,3684.50,6.00,,,5,4,2,4,13,,,,,,,,,,9.00,3.00,7.00,2.00,30.00,3.00,2.00,
774.00,3,3.00,2,13,,,210.00,,14,211.00,,13.00,,,2.00,,,,,,,,,,,,,,,,,2,,,,,,,2488.74,5.00,,,4,4,1,,,,,,,,,,,,9.00,3.00,2.00,1.00,50.00,2.00,3.00,
775.00,4,4.00,4,,,,330.00,,14,331.00,,13.00,,,,,,,,,,,,,,13.00,,,,,,,,,,6,,,7051.43,6.00,,,5,5,1,2,3,7,9,11,14,13,,,,,9.00,3.00,2.00,2.00,20.00,4.00,4.00,
776.00,2,2.00,4,,,,210.00,,14,211.00,,13.00,,1.00,,,,,,,,,,11.00,,13.00,,,,,1,,,,,6,,,,98.00,,,3,4,3,2,4,11,8,10,12,14,,,,,9.00,3.00,2.00,1.00,20.00,4.00,2.00,
777.00,3,3.00,3,,,,210.00,,14,211.00,,13.00,,1.00,,,,,,,,,,,,,,,,,1,,,,,,,,5807.06,6.00,,,5,5,1,13,,,,,,,,,,,9.00,3.00,2.00,1.00,50.00,3.00,3.00,
778.00,4,4.00,1,4,5,8,210.00,,14,211.00,,13.00,,1.00,,3.00,4.00,,,,,,,,12.00,13.00,,,,,1,,3,4,,6,,,4147.90,6.00,,,5,5,2,3,5,,,,,,,,,,9.00,3.00,20.00,2.00,20.00,1.00,4.00,
779.00,2,2.00,2,11,,,239.00,,14,240.00,,13.00,,,,,,,,,,,,11.00,,13.00,,,,,,,,,,6,,,3318.32,6.00,,,4,4,11,1,,,,,,,,,,,9.00,3.00,20.00,1.00,30.00,2.00,2.00,
780.00,2,2.00,2,3,4,1,300.00,,14,301.00,,13.00,,1.00,,,,,,,,,,,,13.00,,,,,1,,,,,6,,,,98.00,,,5,5,2,3,4,5,,,,,,,,,9.00,3.00,10.00,2.00,20.00,2.00,2.00,
781.00,3,3.00,2,5,3,1,40.00,40.00,13,41.00,41.00,11.00,1,1.00,,,,,,,,,,,,,,,,,1,,,,,,,,2200.00,5.00,53.66,1.00,5,4,2,11,,,,,,,,,,,9.00,3.00,10.00,2.00,20.00,2.00,3.00,1.00
782.00,1,1.00,3,,,,330.00,,14,331.00,,13.00,,,,,,,,7.00,,,,,,,,,,,,,,,5,,,,3401.28,6.00,,,5,5,13,2,1,3,,,,,,,,,9.00,3.00,15.00,1.00,30.00,3.00,1.00,
783.00,1,1.00,4,,,,240.00,,14,241.00,,13.00,,1.00,,,,,,,,,,,,,,,16.00,17.00,1,,,,,,7,8,5000.00,6.00,,,5,5,2,3,10,4,14,,,,,,,,9.00,3.00,10.00,2.00,20.00,4.00,1.00,
784.00,1,1.00,1,4,9,11,243.00,,14,244.00,,13.00,,1.00,2.00,,,5.00,,,,,,11.00,,13.00,14.00,,,,1,2,,,5,6,7,,8000.00,6.00,,,5,5,3,2,5,4,10,12,,,,,,,9.00,3.00,15.00,1.00,20.00,1.00,1.00,
785.00,1,1.00,3,,,,350.00,,14,351.00,,13.00,,,,,,,,7.00,,,,,,,,,,,,,,,5,,,,3318.32,6.00,,,5,5,2,13,,,,,,,,,,,9.00,3.00,15.00,1.00,20.00,3.00,1.00,
786.00,9,4.00,2,13,,,35.00,35.00,13,36.00,36.00,11.00,1,1.00,,,,,,,,,,11.00,,,,,,,1,,,,,6,,,5807.06,6.00,161.31,2.00,3,5,16,,,,,,,,,,,,9.00,3.00,11.00,1.00,30.00,2.00,4.00,1.00
787.00,2,2.00,4,,,,330.00,,14,331.00,,13.00,,1.00,2.00,3.00,4.00,,,,,,,,,13.00,,,,,1,2,3,4,,6,,,10000.00,6.00,,,4,4,1,2,3,4,5,10,14,,,,,,9.00,3.00,9.00,2.00,20.00,4.00,2.00,
788.00,3,3.00,2,13,,,210.00,,14,211.00,,13.00,,1.00,,3.00,,,,,,,,,,,,,,,1,,3,,,,,,4977.48,6.00,,,4,5,2,3,,,,,,,,,,,9.00,3.00,2.00,2.00,20.00,2.00,3.00,
789.00,1,1.00,4,,,,354.00,,14,355.00,,13.00,,1.00,2.00,3.00,,,,,,,,,,,,,,,1,2,3,,,,,,4398.00,6.00,,,5,3,4,6,10,14,,,,,,,,,9.00,3.00,2.00,1.00,20.00,4.00,1.00,
790.00,3,3.00,3,,,,50.00,50.00,13,51.00,51.00,11.00,1,1.00,,,,,6.00,,,,,,,,,,,,1,,,,5,,,,2550.96,5.00,50.02,1.00,4,3,13,,,,,,,,,,,,9.00,3.00,1.00,1.00,40.00,3.00,3.00,1.00
791.00,2,2.00,3,,,,70.00,,14,71.00,,12.00,1,,2.00,,,,,,,,,,,,,,,,,2,,,,,,,2834.40,5.00,,,5,4,13,2,,,,,,,,,,,9.00,3.00,1.00,2.00,30.00,3.00,2.00,1.00
792.00,1,1.00,4,,,,300.00,,14,301.00,,13.00,,1.00,2.00,,4.00,,,,,,,,,,,,,,1,2,,4,,,,,7330.00,6.00,,,5,5,2,11,14,,,,,,,,,,9.00,3.00,2.00,2.00,20.00,4.00,1.00,
793.00,2,2.00,2,13,,,60.00,60.00,14,61.00,,12.00,1,,,,,,,7.00,,,,,,,,,,,,,,,5,,,,3692.64,6.00,,,5,5,2,3,10,12,,,,,,,,,9.00,3.00,10.00,1.00,20.00,2.00,2.00,1.00
794.00,1,1.00,3,,,,30.00,30.00,12,31.00,31.00,11.00,2,1.00,,,,5.00,,,,,,,,,,,,,1,,,,5,,,,3200.00,6.00,103.23,2.00,4,3,13,,,,,,,,,,,,9.00,3.00,97.00,1.00,20.00,3.00,1.00,2.00
795.00,1,1.00,4,,,,280.00,,14,281.00,,13.00,,1.00,2.00,,4.00,,,,,,,,,13.00,,,,,1,2,,4,,6,,,6890.20,6.00,,,5,4,14,11,7,3,2,,,,,,,,9.00,3.00,2.00,2.00,20.00,4.00,1.00,
796.00,4,4.00,3,,,,50.00,50.00,13,51.00,51.00,11.00,1,,,,,,6.00,,,,,,,,,,,,,,,,5,,,,4200.00,6.00,82.35,1.00,4,3,1,13,,,,,,,,,,,9.00,3.00,9.00,1.00,30.00,3.00,4.00,1.00
797.00,1,1.00,3,,,,315.00,,14,316.00,,13.00,,,,,,5.00,6.00,,,,,,,,,,,,,,,,5,,,,2903.53,5.00,,,5,5,2,13,,,,,,,,,,,9.00,3.00,18.00,2.00,20.00,3.00,1.00,
798.00,1,1.00,3,,,,92.00,,14,93.00,,13.00,1,1.00,,,,,,,,,,,,,,,,,1,,,,,,,,4000.00,6.00,,,5,5,13,,,,,,,,,,,,9.00,3.00,9.00,1.00,20.00,3.00,1.00,1.00
799.00,3,3.00,3,,,,299.00,,14,300.00,,13.00,,,2.00,,,,,,,,,,,,,,,,,2,,,,,,,2488.74,5.00,,,5,5,13,4,,,,,,,,,,,9.00,3.00,6.00,2.00,30.00,3.00,3.00,
800.00,1,1.00,4,,,,331.00,,14,332.00,,13.00,,1.00,2.00,3.00,,,,,,,,,,,,,,,1,2,3,,,,,,7000.00,6.00,,,5,3,2,3,4,5,6,10,11,14,,,,,9.00,3.00,18.00,2.00,20.00,4.00,1.00,
801.00,2,2.00,3,,,,94.00,,14,95.00,,13.00,1,,2.00,,,,,7.00,,,,,,,,,,,,2,,,5,,,,2000.00,4.00,,,4,4,13,,,,,,,,,,,,9.00,3.00,17.00,1.00,40.00,3.00,2.00,1.00
802.00,10,4.00,3,,,,80.00,,14,81.00,,12.00,1,1.00,,,,5.00,,,,,,,,,,,,,1,,,,5,,,,3968.16,6.00,,,4,3,13,,,,,,,,,,,,9.00,3.00,1.00,1.00,40.00,3.00,4.00,1.00
803.00,2,2.00,4,,,,300.00,,14,301.00,,13.00,,1.00,2.00,,,,,,,,,,12.00,13.00,,,,,1,2,,,,6,,,,98.00,,,5,2,1,2,3,4,7,8,10,14,,,,,9.00,3.00,1.00,2.00,20.00,4.00,2.00,
804.00,1,1.00,4,,,,210.00,,14,211.00,,13.00,,1.00,,,,,,,,,,,,,,,,,1,,,,,,,,,98.00,,,4,2,10,14,,,,,,,,,,,9.00,3.00,9.00,2.00,20.00,4.00,1.00,
805.00,1,1.00,3,,,,360.00,,14,361.00,,13.00,,,,,,,,,,9.00,,,,,,,,,,,,,,6,,,4977.48,6.00,,,4,2,13,2,,,,,,,,,,,9.00,3.00,17.00,2.00,20.00,3.00,1.00,
806.00,3,3.00,3,,,,45.00,45.00,13,46.00,46.00,11.00,1,,,,,,,,8.00,,,,,,,,,,,,,,5,,,,,98.00,,,4,5,13,,,,,,,,,,,,9.00,3.00,9.00,1.00,50.00,3.00,3.00,1.00
807.00,1,1.00,2,4,1,3,28.00,28.00,12,29.00,29.00,11.00,1,,2.00,3.00,,,,,,9.00,,,,,,,,,,2,3,,,6,,,1500.00,3.00,51.72,1.00,5,5,3,4,6,1,,,,,,,,,9.00,3.00,9.00,2.00,30.00,2.00,1.00,1.00
808.00,2,2.00,3,,,,89.00,,14,90.00,,12.00,2,,,,,,,,,,,,,,14.00,,,,,,,,,,7,,5992.00,6.00,,,5,4,1,13,,,,,,,,,,,9.00,3.00,12.00,1.00,50.00,3.00,2.00,2.00
809.00,3,3.00,3,,,,39.00,39.00,13,40.00,40.00,11.00,2,1.00,2.00,,,,,,,,,,,,,,,,1,2,,,,,,,7000.00,6.00,175.00,2.00,5,5,1,3,13,2,,,,,,,,,9.00,3.00,15.00,2.00,20.00,3.00,3.00,2.00
810.00,1,1.00,3,,,,3.00,3.00,3,4.00,4.00,4.00,2,,2.00,,,,,,,,,,,,,,,,,2,,,,,,,829.58,2.00,207.39,3.00,5,5,13,,,,,,,,,,,,9.00,3.00,18.00,1.00,40.00,3.00,1.00,2.00
811.00,2,2.00,2,1,3,5,29.00,29.00,12,30.00,30.00,11.00,1,1.00,,3.00,,,,,,,,,,,,,,,1,,3,,,,,,2903.53,5.00,96.78,1.00,4,5,1,2,3,,,,,,,,,,9.00,3.00,7.00,1.00,20.00,2.00,2.00,1.00
812.00,3,3.00,3,,,,200.00,,14,201.00,,13.00,,1.00,,,4.00,5.00,,,,,,,,,,,,,1,,,4,5,,,,6141.20,6.00,,,4,4,1,3,12,13,,,,,,,,,9.00,3.00,1.00,1.00,40.00,3.00,3.00,
813.00,1,1.00,3,,,,80.00,,14,81.00,,12.00,1,,,,,,,,,,10.00,,,,,,,,,,,,,6,,,3633.39,6.00,,,5,3,13,,,,,,,,,,,,9.00,3.00,11.00,1.00,40.00,3.00,1.00,1.00
814.00,5,4.00,3,,,,30.00,30.00,12,31.00,31.00,11.00,2,,,,,,6.00,,,,,,,,,,,,,,,,5,,,,6000.00,6.00,193.55,2.00,4,4,1,13,,,,,,,,,,,9.00,3.00,9.00,2.00,40.00,3.00,4.00,2.00
815.00,4,4.00,3,,,,180.00,,14,181.00,,13.00,,1.00,2.00,3.00,4.00,5.00,,,,,,,12.00,,,,,,1,2,3,4,5,6,,,,98.00,,,4,4,1,2,3,12,13,,,,,,,,9.00,3.00,9.00,1.00,30.00,3.00,4.00,
816.00,10,4.00,3,,,,7.00,7.00,7,8.00,8.00,8.00,2,,,,,,,,,,,,,13.00,,,,,,,,,,6,,,1659.16,4.00,207.39,3.00,5,5,13,,,,,,,,,,,,9.00,3.00,19.00,1.00,30.00,3.00,4.00,2.00
817.00,1,1.00,3,,,,30.00,30.00,12,31.00,31.00,11.00,2,,,,,,,,,,,,,,,,16.00,,,,,,,,7,,1889.60,4.00,60.95,1.00,3,2,13,,,,,,,,,,,,9.00,3.00,1.00,1.00,30.00,3.00,1.00,2.00
818.00,2,2.00,3,,,,350.00,,14,351.00,,13.00,,1.00,2.00,3.00,4.00,,,,,9.00,10.00,,,13.00,,,,17.00,1,2,3,4,,6,,8,,98.00,,,5,5,1,2,3,4,5,6,10,11,13,,,,9.00,3.00,13.00,2.00,20.00,3.00,2.00,
819.00,4,4.00,3,,,,334.00,,14,335.00,,13.00,,1.00,,,,,,,,,,,,13.00,,,,17.00,1,,,,,6,,8,,98.00,,,5,5,3,4,6,10,7,13,,,,,,,9.00,3.00,11.00,2.00,20.00,3.00,4.00,
820.00,1,1.00,3,,,,273.00,,14,274.00,,13.00,,1.00,,,,,,,,,10.00,,,13.00,,,,,1,,,,,6,,,4977.48,6.00,,,5,5,2,3,4,5,10,13,,,,,,,9.00,3.00,10.00,1.00,20.00,3.00,1.00,
821.00,4,4.00,2,13,,,42.00,42.00,13,43.00,43.00,11.00,1,1.00,,,,,,,,,,,,,,,,,1,,,,,,,,,98.00,,,5,5,16,,,,,,,,,,,,9.00,3.00,10.00,1.00,40.00,2.00,4.00,1.00
822.00,4,4.00,3,,,,193.00,,14,194.00,,13.00,,1.00,,,,,,,,,10.00,11.00,,,,,,,1,,,,,6,,,5807.06,6.00,,,4,5,13,3,4,,,,,,,,,,9.00,3.00,11.00,1.00,30.00,3.00,4.00,
823.00,1,1.00,1,13,,,90.00,,14,91.00,,13.00,1,1.00,2.00,,,,,,,,,,,,,,,,1,2,,,,,,,3364.25,6.00,,,5,5,1,2,3,4,5,6,10,,,,,,9.00,3.00,11.00,1.00,20.00,1.00,1.00,1.00
824.00,3,3.00,3,,,,10.00,10.00,10,11.00,11.00,11.00,2,1.00,,,,,,,,,,,,,,,,,1,,,,,,,,2350.20,5.00,213.65,3.00,5,4,13,,,,,,,,,,,,10.00,4.00,12.00,1.00,30.00,3.00,3.00,2.00
825.00,20,4.00,3,,,,21.00,21.00,12,22.00,22.00,11.00,2,1.00,2.00,,,,,,,,,,,13.00,,15.00,,,1,2,,,,6,7,,3525.30,6.00,160.24,2.00,5,5,13,,,,,,,,,,,,10.00,4.00,12.00,1.00,50.00,3.00,4.00,2.00
826.00,10,4.00,2,13,,,55.00,55.00,13,56.00,56.00,11.00,1,,2.00,,,,,,,,,,,,,,,,,2,,,,,,,1693.77,4.00,30.25,1.00,5,5,11,,,,,,,,,,,,10.00,4.00,10.00,1.00,30.00,2.00,4.00,1.00
827.00,6,4.00,3,,,,42.00,42.00,13,43.00,43.00,11.00,1,1.00,,3.00,,,,,,,,,,,,,,,1,,3,,,,,,10000.00,6.00,232.56,3.00,5,5,13,,,,,,,,,,,,10.00,4.00,10.00,1.00,40.00,3.00,4.00,1.00
828.00,3,3.00,3,,,,32.00,32.00,13,33.00,33.00,11.00,1,,,,,,,,,9.00,,,,,,,16.00,,,,,,,6,7,,4234.42,6.00,128.32,2.00,5,5,13,,,,,,,,,,,,10.00,4.00,10.00,1.00,40.00,3.00,3.00,1.00
829.00,2,2.00,2,13,,,92.00,,14,93.00,,13.00,1,1.00,2.00,,,,,,,,,,,,,,,,1,2,,,,,,,3000.00,5.00,,,4,4,16,,,,,,,,,,,,10.00,4.00,9.00,2.00,30.00,2.00,2.00,1.00
830.00,2,2.00,3,,,,10.00,10.00,10,11.00,11.00,11.00,2,,,3.00,,,,,,,,,,,,,,,,,3,,,,,,3000.00,5.00,272.73,3.00,3,4,13,,,,,,,,,,,,10.00,4.00,17.00,1.00,30.00,3.00,2.00,2.00
831.00,10,4.00,2,13,,,43.00,43.00,13,44.00,44.00,11.00,1,1.00,,,,,,,,,,,,,,,,,1,,,,,,,,2000.00,4.00,45.45,1.00,4,5,2,3,,,,,,,,,,,10.00,4.00,9.00,1.00,30.00,2.00,4.00,1.00
832.00,1,1.00,1,2,1,4,20.00,20.00,11,21.00,21.00,11.00,1,1.00,2.00,,,,,,,,,,,,,,,,1,2,,,,,,,2671.20,5.00,127.20,2.00,4,4,2,,,,,,,,,,,,10.00,4.00,2.00,1.00,30.00,1.00,1.00,1.00
833.00,1,1.00,1,2,1,,19.00,19.00,11,20.00,20.00,11.00,1,1.00,,,,,,,,,,,,,,,,,1,,,,,,,,3710.00,6.00,185.50,2.00,4,4,2,,,,,,,,,,,,10.00,4.00,2.00,1.00,50.00,1.00,1.00,1.00
834.00,10,4.00,3,,,,30.00,30.00,12,31.00,31.00,11.00,1,1.00,,,,,,,,,,,,,,,,,1,,,,,,,,1439.70,3.00,46.44,1.00,5,5,13,,,,,,,,,,,,10.00,4.00,2.00,2.00,20.00,3.00,4.00,1.00
835.00,6,4.00,4,,,,180.00,,14,181.00,,13.00,1,,2.00,,,,,,,,,,,,,,,,,2,,,,,,,2540.65,5.00,,,4,5,14,,,,,,,,,,,,10.00,4.00,2.00,1.00,20.00,4.00,4.00,1.00
836.00,2,2.00,3,,,,40.00,40.00,13,41.00,41.00,11.00,1,,,,,,,,,9.00,,,,,,,,,,,,,,6,,,6000.00,6.00,146.34,2.00,4,3,13,2,,,,,,,,,,,10.00,4.00,12.00,1.00,40.00,3.00,2.00,1.00
837.00,5,4.00,2,13,,,300.00,,14,301.00,,13.00,,,2.00,,,,,,,,,,,,,,,,,2,,,,,,,2286.59,5.00,,,4,5,1,2,,,,,,,,,,,10.00,4.00,2.00,2.00,20.00,2.00,4.00,
838.00,10,4.00,3,,,,270.00,,14,271.00,,13.00,,1.00,2.00,,,,,,,,,,,,,,,,1,2,,,,,,,,98.00,,,4,4,1,2,13,,,,,,,,,,10.00,4.00,2.00,1.00,50.00,3.00,4.00,
839.00,2,2.00,4,,,,180.00,,14,181.00,,13.00,1,1.00,,,,,,,,,,,,,,,,17.00,1,,,,,,,8,7420.00,6.00,,,5,5,1,2,3,14,,,,,,,,,10.00,4.00,2.00,2.00,20.00,4.00,2.00,1.00
840.00,3,3.00,4,,,,300.00,,14,301.00,,13.00,,1.00,,,,,,,,,,,,,,,,,1,,,,,,,,,98.00,,,5,5,1,2,3,4,6,14,,,,,,,10.00,4.00,2.00,2.00,20.00,4.00,3.00,
841.00,2,2.00,4,,,,361.00,,14,362.00,,13.00,,1.00,2.00,,,,,,,,,,,,,,,,1,2,,,,,,,,98.00,,,3,3,1,14,2,,,,,,,,,,10.00,4.00,2.00,2.00,20.00,4.00,2.00,
842.00,2,2.00,3,,,,60.00,60.00,14,61.00,,12.00,1,,,,,,,,8.00,,,,,,,,,,,,,,5,,,,6500.00,6.00,,,3,4,14,,,,,,,,,,,,10.00,4.00,10.00,2.00,40.00,3.00,2.00,1.00
843.00,2,2.00,3,,,,70.00,,14,71.00,,12.00,1,,,,,5.00,,,,,,,,,,,,,,,,,5,,,,7200.00,6.00,,,4,5,14,2,10,,,,,,,,,,10.00,4.00,9.00,1.00,40.00,3.00,2.00,1.00
844.00,4,4.00,3,,,,360.00,,14,361.00,,13.00,,1.00,,,,,,,,,,,,13.00,,,,17.00,1,,,,,6,,8,,98.00,,,5,4,1,2,3,10,13,,,,,,,,10.00,4.00,15.00,1.00,30.00,3.00,4.00,
845.00,10,4.00,3,,,,180.00,,14,181.00,,13.00,1,1.00,2.00,,,,,,,,,,,,,,,,1,2,,,,,,,5500.00,6.00,,,4,3,13,,,,,,,,,,,,10.00,4.00,16.00,1.00,40.00,3.00,4.00,1.00
846.00,1,1.00,4,,,,364.00,,14,365.00,,13.00,,1.00,2.00,,,,,,,,,,,13.00,,,16.00,,1,2,,,,6,7,,8300.00,6.00,,,5,2,1,2,3,10,11,14,,,,,,,10.00,4.00,15.00,2.00,20.00,4.00,1.00,
847.00,10,4.00,3,,,,120.00,,14,121.00,,13.00,1,1.00,,,,,,,,,,,,,,,,,1,,,,,,,,5081.30,6.00,,,4,4,13,,,,,,,,,,,,10.00,4.00,97.00,1.00,50.00,3.00,4.00,1.00
848.00,4,4.00,3,,,,40.00,40.00,13,41.00,41.00,11.00,1,,,,,,,,,,10.00,,,,,,,,,,,,,6,,,3536.00,6.00,86.24,1.00,4,4,13,,,,,,,,,,,,10.00,4.00,16.00,1.00,30.00,3.00,4.00,1.00
849.00,2,2.00,3,,,,364.00,,14,365.00,,13.00,,1.00,2.00,,,,,,,,,,,,,,,,1,2,,,,,,,,98.00,,,5,3,1,2,10,,,,,,,,,,10.00,4.00,97.00,2.00,40.00,3.00,2.00,
850.00,1,1.00,4,,,,300.00,,14,301.00,,13.00,,1.00,,,,,,,,,,,,,,,,,1,,,,,,,,4600.00,6.00,,,5,5,2,14,10,,,,,,,,,,10.00,4.00,97.00,2.00,20.00,4.00,1.00,
851.00,4,4.00,3,,,,200.00,,14,201.00,,13.00,1,,,,4.00,,,,,,,,,,,,,,,,,4,,,,,4000.00,6.00,,,4,4,13,,,,,,,,,,,,10.00,4.00,15.00,1.00,40.00,3.00,4.00,1.00
852.00,2,2.00,3,,,,30.00,30.00,12,31.00,31.00,11.00,1,1.00,,,,,,,,,,,,,,,,,1,,,,,,,,3500.00,6.00,112.90,2.00,3,3,13,2,,,,,,,,,,,10.00,4.00,12.00,1.00,30.00,3.00,2.00,1.00
853.00,2,2.00,4,,,,330.00,,14,331.00,,13.00,,1.00,2.00,,4.00,,,,,,,,,,,,,,1,2,,4,,,,,,98.00,,,5,5,1,2,3,7,11,14,,,,,,,10.00,4.00,13.00,2.00,20.00,4.00,2.00,
854.00,5,4.00,2,13,,,150.00,,14,151.00,,13.00,1,1.00,2.00,3.00,,,,,,,,,,,,,,,1,2,3,,,,,,5206.30,6.00,,,4,4,1,2,3,11,,,,,,,,,10.00,4.00,1.00,2.00,40.00,2.00,4.00,1.00
855.00,1,1.00,4,,,,300.00,,14,301.00,,13.00,,1.00,,,4.00,,,,,,,,,13.00,,,,,1,,,4,,6,,,,98.00,,,5,3,1,2,3,4,7,10,11,14,,,,,10.00,4.00,11.00,2.00,20.00,4.00,1.00,
856.00,5,4.00,2,13,,,150.00,,14,151.00,,13.00,1,,,,,,,,,9.00,10.00,,,,,,,,,,,,,6,,,4143.70,6.00,,,5,5,2,3,,,,,,,,,,,10.00,4.00,10.00,2.00,50.00,2.00,4.00,1.00
857.00,2,2.00,1,3,1,4,120.00,,14,121.00,,13.00,1,1.00,,3.00,,,,,,,,,,,,,,,1,,3,,,,,,5600.00,6.00,,,5,5,3,4,5,,,,,,,,,,10.00,4.00,9.00,2.00,20.00,1.00,2.00,1.00
858.00,3,3.00,3,,,,180.00,,14,181.00,,13.00,1,1.00,,,,,,,,,,,,13.00,,,,,1,,,,,6,,,9794.20,6.00,,,4,3,1,3,10,13,,,,,,,,,10.00,4.00,10.00,1.00,40.00,3.00,3.00,1.00
859.00,3,3.00,2,13,1,3,59.00,59.00,13,60.00,60.00,11.00,1,1.00,,,,,,,,,,,,13.00,,,,,1,,,,,6,,,2117.21,5.00,35.29,1.00,5,5,1,4,6,,,,,,,,,,10.00,4.00,9.00,1.00,20.00,2.00,3.00,1.00
860.00,6,4.00,4,,,,300.00,,14,301.00,,13.00,1,,,,4.00,,,,,,,,,,,,,,,,,4,,,,,3387.53,6.00,,,4,4,14,,,,,,,,,,,,10.00,4.00,2.00,2.00,20.00,4.00,4.00,1.00
861.00,4,4.00,4,,,,120.00,,14,121.00,,13.00,1,,2.00,,,,,,,,,,,,,,,,,2,,,,,,,4234.42,6.00,,,4,4,14,,,,,,,,,,,,10.00,4.00,2.00,1.00,20.00,4.00,4.00,1.00
862.00,4,4.00,4,,,,60.00,60.00,14,61.00,,12.00,1,,,,,,,,,9.00,,,,,,,,,,,,,,6,,,1693.77,4.00,,,4,4,14,,,,,,,,,,,,10.00,4.00,2.00,1.00,20.00,4.00,4.00,1.00
863.00,2,2.00,3,,,,80.00,,14,81.00,,12.00,1,,2.00,,,,,,,,,,,,,,,,,2,,,,,,,8468.83,6.00,,,4,4,13,,,,,,,,,,,,10.00,4.00,2.00,2.00,30.00,3.00,2.00,1.00
864.00,40,4.00,3,,,,20.00,20.00,11,21.00,21.00,11.00,1,1.00,,,,,,,,,,,,,,,,,1,,,,,,,,1693.77,4.00,80.66,1.00,3,3,13,,,,,,,,,,,,10.00,4.00,2.00,1.00,50.00,3.00,4.00,1.00
865.00,2,2.00,3,,,,300.00,,14,301.00,,13.00,,,2.00,,,,,,,,,,,,,,,,,2,,,,,,,3387.53,6.00,,,4,4,13,,,,,,,,,,,,10.00,4.00,2.00,1.00,20.00,3.00,2.00,
866.00,2,2.00,4,,,,180.00,,14,181.00,,13.00,1,1.00,,,,,,,,,,,,,,,,,1,,,,,,,,5928.18,6.00,,,4,4,14,,,,,,,,,,,,10.00,4.00,2.00,2.00,20.00,4.00,2.00,1.00
867.00,12,4.00,4,,,,330.00,,14,331.00,,13.00,,1.00,,,,,,,,,,,,,,,,,1,,,,,,,,,98.00,,,4,4,14,,,,,,,,,,,,10.00,4.00,2.00,1.00,20.00,4.00,4.00,
868.00,10,4.00,4,,,,300.00,,14,301.00,,13.00,,1.00,,,,,,,,,,,,,,,,,1,,,,,,,,6351.63,6.00,,,4,4,14,,,,,,,,,,,,10.00,4.00,2.00,2.00,20.00,4.00,4.00,
869.00,2,2.00,4,,,,210.00,,14,211.00,,13.00,1,,,,,,,,,,,,,,14.00,,,,,,,,,,7,,2540.65,5.00,,,4,4,14,,,,,,,,,,,,10.00,4.00,2.00,2.00,20.00,4.00,2.00,1.00
870.00,8,4.00,4,,,,210.00,,14,211.00,,13.00,1,1.00,,,,,,,,,,,,,,,,,1,,,,,,,,5081.30,6.00,,,4,4,14,,,,,,,,,,,,10.00,4.00,2.00,1.00,20.00,4.00,4.00,1.00
871.00,7,4.00,4,,,,210.00,,14,211.00,,13.00,1,1.00,,,,,,,,,,,,,,,,,1,,,,,,,,,98.00,,,4,4,14,,,,,,,,,,,,10.00,4.00,2.00,2.00,20.00,4.00,4.00,1.00
872.00,5,4.00,3,,,,210.00,,14,211.00,,13.00,1,1.00,,,,,,,,,,,,,,,,,1,,,,,,,,,98.00,,,3,4,2,3,6,1,,,,,,,,,10.00,4.00,2.00,1.00,30.00,3.00,4.00,1.00
873.00,6,4.00,4,,,,200.00,,14,201.00,,13.00,1,,,,4.00,,,,,,,,,,,,,,,,,4,,,,,4234.42,6.00,,,4,4,3,1,,,,,,,,,,,10.00,4.00,2.00,2.00,20.00,4.00,4.00,1.00
874.00,3,3.00,3,,,,240.00,,14,241.00,,13.00,,,,,,,,,,,,,,13.00,,,,,,,,,,6,,,,98.00,,,5,4,1,2,3,,,,,,,,,,10.00,4.00,2.00,1.00,40.00,3.00,3.00,
875.00,1,1.00,4,,,,269.00,,14,270.00,,13.00,,1.00,,3.00,,,,,,,,,,,,,,,1,,3,,,,,,7420.00,6.00,,,4,4,1,2,,,,,,,,,,,10.00,4.00,2.00,2.00,20.00,4.00,1.00,
876.00,6,4.00,2,1,5,6,299.00,,14,300.00,,13.00,,,2.00,3.00,4.00,,,,,,,,,,,,,,,2,3,4,,,,,846.88,2.00,,,5,5,2,3,5,,,,,,,,,,10.00,4.00,2.00,2.00,20.00,2.00,4.00,
877.00,3,3.00,1,10,11,2,299.00,,14,300.00,,13.00,,,2.00,,,,,,8.00,,,,,,,,,,,2,,,5,,,,4234.42,6.00,,,3,4,2,3,14,,,,,,,,,,10.00,4.00,2.00,2.00,20.00,1.00,3.00,
878.00,4,4.00,3,,,,89.00,,14,90.00,,12.00,1,,2.00,,,,,,,,,,,,,,,,,2,,,,,,,,98.00,,,5,5,13,,,,,,,,,,,,10.00,4.00,2.00,1.00,30.00,3.00,4.00,1.00
879.00,2,2.00,3,,,,30.00,30.00,12,31.00,31.00,11.00,1,,,3.00,,,,,,,,,,,,,,,,,3,,,,,,8468.83,6.00,273.19,3.00,4,4,1,2,,,,,,,,,,,10.00,4.00,2.00,1.00,30.00,3.00,2.00,1.00
880.00,7,4.00,4,,,,90.00,,14,91.00,,13.00,1,1.00,,,,,,,,,,,,,,,,,1,,,,,,,,8468.83,6.00,,,5,5,3,,,,,,,,,,,,10.00,4.00,2.00,1.00,20.00,4.00,4.00,1.00
881.00,8,4.00,4,,,,239.00,,14,240.00,,13.00,,1.00,,,,,,,,,,,,,,,,,1,,,,,,,,6775.07,6.00,,,4,5,1,2,,,,,,,,,,,10.00,4.00,2.00,2.00,20.00,4.00,4.00,
882.00,7,4.00,3,,,,14.00,14.00,11,15.00,15.00,11.00,2,1.00,,,,,,7.00,,,10.00,,,,,,,,1,,,,5,6,,,2540.65,5.00,169.38,2.00,5,5,3,13,,,,,,,,,,,10.00,4.00,97.00,1.00,40.00,3.00,4.00,2.00
883.00,4,4.00,3,,,,62.00,,14,63.00,,12.00,1,,,,,,,,,,,,,13.00,,,,,,,,,,6,,,2117.21,5.00,,,5,5,2,3,4,13,,,,,,,,,10.00,4.00,97.00,1.00,30.00,3.00,4.00,1.00
884.00,2,2.00,3,,,,187.00,,14,188.00,,13.00,1,1.00,,,,,,,,,,,,,,,,,1,,,,,,,,2540.65,5.00,,,4,2,1,2,13,,,,,,,,,,10.00,4.00,2.00,1.00,60.00,3.00,2.00,1.00
885.00,4,4.00,1,1,2,,270.00,,14,271.00,,13.00,1,1.00,,,4.00,,,,,,,,,,,,,,1,,,4,,,,,1693.77,4.00,,,5,3,2,3,13,,,,,,,,,,10.00,4.00,2.00,1.00,30.00,1.00,4.00,1.00
886.00,2,2.00,3,,,,210.00,,14,211.00,,13.00,1,1.00,,,,,,,,,,,,,,,,,1,,,,,,,,2117.21,5.00,,,5,5,13,4,5,,,,,,,,,,10.00,4.00,2.00,1.00,30.00,3.00,2.00,1.00
887.00,2,2.00,4,,,,123.00,,14,124.00,,13.00,1,1.00,,,,,,,,,,,,13.00,,,,17.00,1,,,,,6,,8,7420.00,6.00,,,4,4,2,14,4,,,,,,,,,,10.00,4.00,2.00,1.00,20.00,4.00,2.00,1.00
888.00,7,4.00,3,,,,60.00,60.00,14,61.00,,12.00,1,,,,,,,,,,,,,13.00,,,,,,,,,,6,,,4000.00,6.00,,,5,5,13,,,,,,,,,,,,10.00,4.00,97.00,1.00,50.00,3.00,4.00,1.00
889.00,5,4.00,4,,,,300.00,,14,301.00,,13.00,,1.00,,,,,,,,,,,,,,,,17.00,1,,,,,,,8,7420.00,6.00,,,5,5,6,12,2,3,14,,,,,,,,10.00,4.00,2.00,1.00,20.00,4.00,4.00,
890.00,2,2.00,4,,,,330.00,,14,331.00,,13.00,,1.00,,,,,,,,,,,,,,,,,1,,,,,,,,,98.00,,,5,5,1,2,4,6,7,10,,,,,,,10.00,4.00,2.00,2.00,20.00,4.00,2.00,
891.00,1,1.00,4,,,,123.00,,14,124.00,,13.00,1,1.00,,,,,,,,,,,,,,,,17.00,1,,,,,,,8,,98.00,,,5,5,1,2,3,7,8,14,,,,,,,10.00,4.00,2.00,2.00,20.00,4.00,1.00,1.00
892.00,7,4.00,4,,,,244.00,,14,245.00,,13.00,,1.00,2.00,,,,,,,,,,,,,,,17.00,1,2,,,,,,8,,98.00,,,5,5,2,7,10,14,,,,,,,,,10.00,4.00,2.00,2.00,20.00,4.00,4.00,
893.00,15,4.00,2,13,,,290.00,,14,291.00,,13.00,,1.00,,,,,,,,,,,,,,,,,1,,,,,,,,,98.00,,,5,5,1,2,,,,,,,,,,,10.00,4.00,8.00,1.00,30.00,2.00,4.00,
894.00,1,1.00,3,,,,7.00,7.00,7,8.00,8.00,8.00,2,1.00,,,,,,,,,,,,,,,,,1,,,,,,,,8000.00,6.00,1000.00,7.00,5,5,13,,,,,,,,,,,,10.00,4.00,97.00,1.00,40.00,3.00,1.00,2.00
895.00,4,4.00,3,,,,15.00,15.00,11,16.00,16.00,11.00,2,,2.00,,,,,,,,,,,,,,,,,2,,,,,,,1469.80,3.00,91.86,1.00,5,5,13,,,,,,,,,,,,10.00,4.00,4.00,1.00,30.00,3.00,4.00,2.00
896.00,15,4.00,2,13,,,301.00,,14,302.00,,13.00,,1.00,2.00,,,,,,,,,,,13.00,,,,,1,2,,,,6,,,1780.80,4.00,,,5,5,1,2,3,4,,,,,,,,,10.00,4.00,2.00,2.00,40.00,2.00,4.00,
897.00,2,2.00,3,,,,90.00,,14,91.00,,13.00,1,,,,4.00,,,,,,,,,,,,,,,,,4,,,,,5640.48,6.00,,,5,4,13,2,10,,,,,,,,,,10.00,4.00,13.00,2.00,20.00,3.00,2.00,1.00
898.00,4,4.00,3,,,,180.00,,14,181.00,,13.00,1,1.00,2.00,3.00,,,,,,,,,,,,,,,1,2,3,,,,,,7000.00,6.00,,,4,3,13,,,,,,,,,,,,10.00,4.00,97.00,1.00,30.00,3.00,4.00,1.00
899.00,10,4.00,3,,,,270.00,,14,271.00,,13.00,,,,,,,6.00,,,,,,,,,,,,,,,,5,,,,3218.16,6.00,,,4,5,13,1,,,,,,,,,,,10.00,4.00,15.00,1.00,40.00,3.00,4.00,
900.00,2,2.00,3,,,,360.00,,14,361.00,,13.00,,,,,,,,,,,,,,13.00,,,,,,,,,,6,,,,98.00,,,4,2,13,2,10,1,3,,,,,,,,10.00,4.00,97.00,1.00,40.00,3.00,2.00,
901.00,10,4.00,3,,,,30.00,30.00,12,31.00,31.00,11.00,1,1.00,,,,,,,,,,,,,,,,,1,,,,,,,,2800.00,5.00,90.32,1.00,3,3,13,,,,,,,,,,,,10.00,4.00,16.00,1.00,40.00,3.00,4.00,1.00
902.00,5,4.00,3,,,,90.00,,14,91.00,,13.00,1,1.00,,3.00,,,,,,,,,,,,,,,1,,3,,,,,,3133.47,6.00,,,5,5,13,2,,,,,,,,,,,10.00,4.00,97.00,2.00,40.00,3.00,4.00,1.00
903.00,1,1.00,3,,,,12.00,12.00,11,13.00,13.00,11.00,2,1.00,,,,,,,,,,,,,,,,,1,,,,,,,,1419.90,3.00,109.22,2.00,4,3,13,,,,,,,,,,,,10.00,4.00,1.00,1.00,30.00,3.00,1.00,2.00
904.00,10,4.00,2,13,,,21.00,21.00,12,22.00,22.00,11.00,1,,,3.00,,,,,,,,,,,,,,,,,3,,,,,,416.50,1.00,18.93,1.00,4,5,16,,,,,,,,,,,,10.00,4.00,1.00,2.00,50.00,2.00,4.00,1.00
905.00,4,4.00,3,,,,80.00,,14,81.00,,12.00,1,,,,,,,,,,,,,13.00,,,,,,,,,,6,,,6000.00,6.00,,,3,3,13,,,,,,,,,,,,10.00,4.00,12.00,1.00,30.00,3.00,4.00,1.00
906.00,2,2.00,3,,,,364.00,,14,365.00,,13.00,,,,,,,,,,,,11.00,,,,,,,,,,,,6,,,7621.95,6.00,,,4,2,1,2,10,13,11,,,,,,,,10.00,4.00,6.00,2.00,20.00,3.00,2.00,
907.00,10,4.00,1,1,3,,90.00,,14,91.00,,13.00,1,1.00,,,,,,,,,,,,,,,,17.00,1,,,,,,,8,2540.65,5.00,,,5,5,1,2,3,10,,,,,,,,,10.00,4.00,3.00,2.00,20.00,1.00,4.00,1.00
908.00,8,4.00,3,,,,42.00,42.00,13,43.00,43.00,11.00,1,1.00,,,,,,,,,,,,,,,,,1,,,,,,,,,98.00,,,4,4,2,13,,,,,,,,,,,10.00,4.00,97.00,1.00,40.00,3.00,4.00,1.00
909.00,3,3.00,2,13,,,90.00,,14,91.00,,13.00,1,1.00,2.00,,,,,,,,,,,,,,,,1,2,,,,,,,4234.42,6.00,,,5,5,1,2,3,,,,,,,,,,10.00,4.00,12.00,2.00,50.00,2.00,3.00,1.00
910.00,3,3.00,2,13,3,4,90.00,,14,91.00,,13.00,1,,,,,,,,,,,11.00,,,,,,,,,,,,6,,,5000.00,6.00,,,5,5,3,1,2,,,,,,,,,,10.00,4.00,9.00,1.00,40.00,2.00,3.00,1.00
911.00,2,2.00,2,13,,,120.00,,14,121.00,,13.00,1,1.00,2.00,3.00,,,,,,,,,,13.00,,,,,1,2,3,,,6,,,,98.00,,,4,4,2,3,1,10,,,,,,,,,10.00,4.00,9.00,2.00,40.00,2.00,2.00,1.00
912.00,1,1.00,3,,,,330.00,,14,331.00,,13.00,,1.00,,,,,,,,,,,,,,,,,1,,,,,,,,,98.00,,,4,4,13,,,,,,,,,,,,10.00,4.00,2.00,1.00,30.00,3.00,1.00,
913.00,20,4.00,3,,,,240.00,,14,241.00,,13.00,,1.00,2.00,3.00,4.00,5.00,6.00,7.00,8.00,9.00,10.00,11.00,12.00,13.00,14.00,15.00,16.00,,1,2,3,4,5,6,7,,,98.00,,,4,4,13,,,,,,,,,,,,10.00,4.00,2.00,1.00,50.00,3.00,4.00,
914.00,15,4.00,4,,,,50.00,50.00,13,51.00,51.00,11.00,1,1.00,,,,,,,,,,,,,,,,,1,,,,,,,,2117.21,5.00,41.51,1.00,4,4,14,,,,,,,,,,,,10.00,4.00,2.00,1.00,20.00,4.00,4.00,1.00
915.00,6,4.00,4,,,,60.00,60.00,14,61.00,,12.00,1,,2.00,,,,,,,,,,,,,,,,,2,,,,,,,1693.77,4.00,,,4,4,14,,,,,,,,,,,,10.00,4.00,2.00,1.00,20.00,4.00,4.00,1.00
916.00,3,3.00,4,,,,240.00,,14,241.00,,13.00,,1.00,,,,,,,,,,,,,,,,,1,,,,,,,,,98.00,,,4,4,14,,,,,,,,,,,,10.00,4.00,2.00,1.00,20.00,4.00,3.00,
917.00,3,3.00,4,,,,330.00,,14,331.00,,13.00,,1.00,,,,,,,,,,,,,,,,,1,,,,,,,,,98.00,,,4,4,14,,,,,,,,,,,,10.00,4.00,2.00,2.00,20.00,4.00,3.00,
918.00,50,4.00,4,,,,270.00,,14,271.00,,13.00,,1.00,,,,,,,,,,,,,,,,,1,,,,,,,,,98.00,,,5,4,1,2,3,4,,,,,,,,,10.00,4.00,2.00,1.00,20.00,4.00,4.00,
919.00,1,1.00,1,1,5,4,210.00,,14,211.00,,13.00,,1.00,,,,,,,,,,,,,,,,,1,,,,,,,,1693.77,4.00,,,5,5,1,3,,,,,,,,,,,10.00,4.00,2.00,2.00,20.00,1.00,1.00,
920.00,5,4.00,1,1,2,12,150.00,,14,151.00,,13.00,1,,,,,,6.00,,,,,,,,,,,,,,,,5,,,,1693.77,4.00,,,4,5,2,,,,,,,,,,,,10.00,4.00,2.00,1.00,20.00,1.00,4.00,1.00
921.00,10,4.00,1,11,6,5,270.00,,14,271.00,,13.00,,,,,,,,,,,,11.00,,,,,,,,,,,,6,,,4657.86,6.00,,,5,5,2,5,3,9,,,,,,,,,10.00,4.00,2.00,1.00,20.00,1.00,4.00,
922.00,3,3.00,3,,,,43.00,43.00,13,44.00,44.00,11.00,2,1.00,,,,,,,,,,,12.00,,,,,,1,,,,,6,,,5875.50,6.00,133.53,2.00,4,4,13,,,,,,,,,,,,10.00,4.00,12.00,1.00,30.00,3.00,3.00,2.00
923.00,20,4.00,3,,,,7.00,7.00,7,8.00,8.00,8.00,2,,,,,,,7.00,,,,,,,,,,,,,,,5,,,,5000.00,6.00,625.00,6.00,5,5,13,,,,,,,,,,,,10.00,4.00,12.00,1.00,60.00,3.00,4.00,2.00
924.00,1,1.00,3,,,,80.00,,14,81.00,,12.00,2,,,,,,,,,,,,12.00,,,,,,,,,,,6,,,7050.60,6.00,,,5,5,13,,,,,,,,,,,,10.00,4.00,12.00,1.00,30.00,3.00,1.00,2.00
925.00,1,1.00,3,,,,43.00,43.00,13,44.00,44.00,11.00,2,,2.00,,,,,,,,,,,,,,,,,2,,,,,,,4700.40,6.00,106.83,2.00,4,4,13,,,,,,,,,,,,10.00,4.00,12.00,1.00,30.00,3.00,1.00,2.00
926.00,1,1.00,3,,,,34.00,34.00,13,35.00,35.00,11.00,2,,,3.00,,,,,,,,,,,,,,,,,3,,,,,,4112.85,6.00,117.51,2.00,5,4,13,,,,,,,,,,,,10.00,4.00,12.00,1.00,30.00,3.00,1.00,2.00
927.00,3,3.00,3,,,,62.00,,14,63.00,,12.00,1,1.00,,,,,,,,,,,,,,,,,1,,,,,,,,3525.30,6.00,,,5,5,16,,,,,,,,,,,,10.00,4.00,13.00,2.00,30.00,3.00,3.00,1.00
928.00,3,3.00,2,13,,,300.00,,14,301.00,,13.00,,1.00,2.00,3.00,,,,,,,,,,,,,,,1,2,3,,,,,,4234.42,6.00,,,5,5,2,3,,,,,,,,,,,10.00,4.00,2.00,2.00,15.00,2.00,3.00,
929.00,8,4.00,2,13,,,311.00,,14,312.00,,13.00,,1.00,2.00,,,,,,,,,,,,,,,,1,2,,,,,,,3387.53,6.00,,,4,4,1,2,3,4,,,,,,,,,10.00,4.00,2.00,1.00,20.00,2.00,4.00,
930.00,5,4.00,4,,,,93.00,,14,94.00,,13.00,1,,,,,,,,,9.00,,11.00,,,,,,,,,,,,6,,,4452.00,6.00,,,5,5,2,3,1,14,,,,,,,,,10.00,4.00,2.00,2.00,20.00,4.00,4.00,1.00
931.00,4,4.00,2,13,,,277.00,,14,278.00,,13.00,,1.00,,,,,,,,,,,,,,,,,1,,,,,,,,1484.00,3.00,,,4,4,1,2,,,,,,,,,,,10.00,4.00,2.00,1.00,20.00,2.00,4.00,
932.00,6,4.00,3,,,,330.00,,14,331.00,,13.00,,,,,,,,,,,,,,,14.00,15.00,,,,,,,,,7,,5081.30,6.00,,,5,5,1,2,10,13,,,,,,,,,10.00,4.00,15.00,1.00,50.00,3.00,4.00,
933.00,2,2.00,3,,,,42.00,42.00,13,43.00,43.00,11.00,1,,,,,,,,,,10.00,,,,,,,,,,,,,6,,,,98.00,,,5,5,13,,,,,,,,,,,,10.00,4.00,9.00,2.00,20.00,3.00,2.00,1.00
934.00,4,4.00,3,,,,6.00,6.00,6,7.00,7.00,7.00,2,1.00,,,,,,,,,,,,,,,,,1,,,,,,,,2572.15,5.00,367.45,4.00,5,5,13,,,,,,,,,,,,10.00,4.00,4.00,1.00,40.00,3.00,4.00,2.00
935.00,30,4.00,3,,,,299.00,,14,300.00,,13.00,,1.00,2.00,,,,,,,,,,,,,,,,1,2,,,,,,,,98.00,,,5,5,2,3,4,13,,,,,,,,,10.00,4.00,97.00,1.00,50.00,3.00,4.00,
936.00,4,4.00,3,,,,99.00,,14,100.00,,13.00,1,1.00,,,,,,7.00,,,,,,,,,,,1,,,,5,,,,3300.00,6.00,,,4,4,2,13,3,,,,,,,,,,10.00,4.00,16.00,1.00,30.00,3.00,4.00,1.00
937.00,3,3.00,3,,,,345.00,,14,346.00,,13.00,,,,,,,,,,,10.00,,,13.00,,,,,,,,,,6,,,6000.00,6.00,,,5,5,2,3,4,13,,,,,,,,,10.00,4.00,15.00,1.00,40.00,3.00,3.00,
938.00,10,4.00,3,,,,340.00,,14,341.00,,13.00,,1.00,2.00,3.00,,,,,,,,,,,,,,,1,2,3,,,,,,7000.00,6.00,,,5,5,2,3,,,,,,,,,,,10.00,4.00,97.00,1.00,30.00,3.00,4.00,
939.00,5,4.00,2,13,3,2,150.00,,14,151.00,,13.00,1,1.00,,,4.00,,,,,,,,,,,,,,1,,,4,,,,,7050.60,6.00,,,5,5,2,3,,,,,,,,,,,10.00,4.00,13.00,2.00,40.00,2.00,4.00,1.00
940.00,1,1.00,3,,,,70.00,,14,71.00,,12.00,1,,,,,,,,,,,,,,14.00,,,,,,,,,,7,,,98.00,,,4,3,13,,,,,,,,,,,,10.00,4.00,11.00,2.00,30.00,3.00,1.00,1.00
941.00,2,2.00,3,,,,7.00,7.00,7,8.00,8.00,8.00,2,1.00,2.00,,,,,,,,,,,,,,,,1,2,,,,,,,9000.00,6.00,1125.00,8.00,4,3,13,,,,,,,,,,,,10.00,4.00,9.00,2.00,30.00,3.00,2.00,2.00
942.00,3,3.00,3,,,,300.00,,14,301.00,,13.00,,,,,,,,,,,,,,,14.00,,,,,,,,,,7,,6775.07,6.00,,,4,2,13,2,1,3,10,,,,,,,,10.00,4.00,18.00,1.00,30.00,3.00,3.00,
943.00,10,4.00,2,13,,,80.00,,14,81.00,,12.00,1,1.00,,,,,,,,,,,,,,,,,1,,,,,,,,4800.00,6.00,,,5,5,2,,,,,,,,,,,,10.00,4.00,9.00,2.00,50.00,2.00,4.00,1.00
944.00,10,4.00,3,,,,70.00,,14,71.00,,12.00,1,,,,,5.00,,,,,,,,,,,,,,,,,5,,,,3786.40,6.00,,,3,3,13,,,,,,,,,,,,10.00,4.00,1.00,1.00,30.00,3.00,4.00,1.00
945.00,4,4.00,3,,,,90.00,,14,91.00,,13.00,1,1.00,2.00,,,,,,,,,,,,,,,,1,2,,,,,,,5868.92,6.00,,,4,4,13,2,,,,,,,,,,,10.00,4.00,1.00,1.00,30.00,3.00,4.00,1.00
946.00,2,2.00,3,,,,180.00,,14,181.00,,13.00,1,,,,,,,,8.00,,,,,,,,,,,,,,5,,,,6626.20,6.00,,,4,2,13,2,10,3,,,,,,,,,10.00,4.00,1.00,1.00,30.00,3.00,2.00,1.00
947.00,1,1.00,3,,,,40.00,40.00,13,41.00,41.00,11.00,1,1.00,,,4.00,,,,,,,,,,,,,,1,,,4,,,,,3000.00,5.00,73.17,1.00,3,3,13,,,,,,,,,,,,10.00,4.00,12.00,1.00,40.00,3.00,1.00,1.00
948.00,5,4.00,3,,,,245.00,,14,246.00,,13.00,,1.00,,,,,,,,9.00,,11.00,,13.00,,,,17.00,1,,,,,6,,8,,98.00,,,4,5,3,4,6,13,,,,,,,,,10.00,4.00,13.00,2.00,20.00,3.00,4.00,
949.00,11,4.00,2,13,,,60.00,60.00,14,61.00,,12.00,1,1.00,,,,,,,,,,,,,,,,17.00,1,,,,,,,8,7000.00,6.00,,,5,5,1,2,3,,,,,,,,,,10.00,4.00,9.00,1.00,30.00,2.00,4.00,1.00
950.00,4,4.00,3,,,,35.00,35.00,13,36.00,36.00,11.00,1,1.00,,,,,,,,,,,12.00,,,,,,1,,,,,6,,,7507.52,6.00,208.54,3.00,4,5,13,,,,,,,,,,,,10.00,4.00,11.00,1.00,50.00,3.00,4.00,1.00
951.00,12,4.00,2,13,,,21.00,21.00,12,22.00,22.00,11.00,1,1.00,,3.00,,,,,,9.00,,,,13.00,,,,,1,,3,,,6,,,2260.20,5.00,102.74,2.00,4,5,3,4,16,,,,,,,,,,10.00,4.00,10.00,1.00,30.00,2.00,4.00,1.00
952.00,3,3.00,3,,,,350.00,,14,351.00,,13.00,,1.00,,3.00,,,,,,,,,,,,,,,1,,3,,,,,,2964.09,5.00,,,5,5,1,2,3,4,8,13,,,,,,,10.00,4.00,17.00,1.00,30.00,3.00,3.00,
953.00,4,4.00,3,,,,320.00,,14,321.00,,13.00,,,,,,,6.00,,,,,,,,,,,,,,,,5,,,,1693.77,4.00,,,4,5,13,10,,,,,,,,,,,10.00,4.00,2.00,1.00,40.00,3.00,4.00,
954.00,10,4.00,3,,,,30.00,30.00,12,31.00,31.00,11.00,1,,2.00,,,,,,,,,,,,,,,,,2,,,,,,,4733.00,6.00,152.68,2.00,4,3,13,2,,,,,,,,,,,10.00,4.00,1.00,1.00,50.00,3.00,4.00,1.00
955.00,4,4.00,3,,,,45.00,45.00,13,46.00,46.00,11.00,1,,,,,,,,,,,,12.00,,,,,,,,,,,6,,,4259.70,6.00,92.60,1.00,3,3,13,,,,,,,,,,,,10.00,4.00,1.00,1.00,30.00,3.00,4.00,1.00
956.00,5,4.00,3,,,,21.00,21.00,12,22.00,22.00,11.00,2,,,3.00,4.00,,,,,,,,,,,,,,,,3,4,,,,,4100.00,6.00,186.36,2.00,4,3,13,,,,,,,,,,,,10.00,4.00,12.00,1.00,30.00,3.00,4.00,2.00
957.00,2,2.00,2,13,,,60.00,60.00,14,61.00,,12.00,1,1.00,,,,,,,,,,,,,,,,,1,,,,,,,,2540.65,5.00,,,4,4,16,,,,,,,,,,,,10.00,4.00,10.00,2.00,40.00,2.00,2.00,1.00
958.00,2,2.00,3,,,,364.00,,14,365.00,,13.00,,,2.00,,,,,,,,,,,,,,,,,2,,,,,,,6775.07,6.00,,,5,4,13,1,,,,,,,,,,,10.00,4.00,97.00,1.00,30.00,3.00,2.00,
959.00,2,2.00,4,,,,364.00,,14,365.00,,13.00,,,,,,,,,,,,,,,,,16.00,,,,,,,,7,,,98.00,,,5,5,14,1,2,3,,,,,,,,,10.00,4.00,97.00,1.00,20.00,4.00,2.00,
960.00,3,3.00,2,13,,,180.00,,14,181.00,,13.00,1,,2.00,,,,,,,,,,,,,,,,,2,,,,,,,2879.40,5.00,,,5,5,2,16,,,,,,,,,,,10.00,4.00,15.00,2.00,50.00,2.00,3.00,1.00
961.00,15,4.00,3,,,,21.00,21.00,12,22.00,22.00,11.00,2,,,3.00,,,,,,,,,,,,,,,,,3,,,,,,3525.30,6.00,160.24,2.00,4,4,1,13,,,,,,,,,,,10.00,4.00,12.00,1.00,40.00,3.00,4.00,2.00
962.00,2,2.00,2,3,7,2,90.00,,14,91.00,,13.00,1,,,,,,,,,,,11.00,,,,,,,,,,,,6,,,5000.00,6.00,,,5,5,2,7,,,,,,,,,,,10.00,4.00,9.00,2.00,30.00,2.00,2.00,1.00
963.00,1,1.00,3,,,,35.00,35.00,13,36.00,36.00,11.00,1,1.00,,,,,,,,,,,,,,,,,1,,,,,,,,,98.00,,,4,3,4,13,,,,,,,,,,,10.00,4.00,9.00,1.00,40.00,3.00,1.00,1.00
964.00,1,1.00,3,,,,330.00,,14,331.00,,13.00,,,2.00,,,,,,,,,,,,,,,,,2,,,,,,,5928.18,6.00,,,5,4,2,3,10,13,,,,,,,,,10.00,4.00,17.00,1.00,30.00,3.00,1.00,
965.00,1,1.00,3,,,,90.00,,14,91.00,,13.00,1,1.00,,,,,,,,,,,,,,,,,1,,,,,,,,1000.00,2.00,,,4,4,2,3,4,,,,,,,,,,10.00,4.00,9.00,1.00,30.00,3.00,1.00,1.00
966.00,6,4.00,2,4,2,10,30.00,30.00,12,31.00,31.00,11.00,1,1.00,,,,,,,,,,,,,,,,,1,,,,,,,,2540.65,5.00,81.96,1.00,4,5,2,3,11,,,,,,,,,,10.00,4.00,9.00,1.00,40.00,2.00,4.00,1.00
967.00,8,4.00,3,,,,30.00,30.00,12,31.00,31.00,11.00,1,,,,,,,7.00,,,,,,,,,,,,,,,5,,,,1355.01,3.00,43.71,1.00,4,5,13,,,,,,,,,,,,10.00,4.00,9.00,1.00,40.00,3.00,4.00,1.00
968.00,1,1.00,2,11,12,5,270.00,,14,271.00,,13.00,,,,,4.00,,,,,,,,,,,,,,,,,4,,,,,677.51,2.00,,,4,5,3,,,,,,,,,,,,10.00,4.00,17.00,2.00,30.00,2.00,1.00,
969.00,1,1.00,3,,,,60.00,60.00,14,61.00,,12.00,1,1.00,,,,,,,,,,,,,,,,,1,,,,,,,,2540.65,5.00,,,5,5,13,,,,,,,,,,,,10.00,4.00,2.00,1.00,40.00,3.00,1.00,1.00
970.00,3,3.00,3,,,,120.00,,14,121.00,,13.00,1,1.00,,,,,,,,,,,,,,,,,1,,,,,,,,2117.21,5.00,,,4,4,13,,,,,,,,,,,,10.00,4.00,2.00,1.00,40.00,3.00,3.00,1.00
971.00,5,4.00,1,3,4,1,150.00,,14,151.00,,13.00,1,,,3.00,,,6.00,,,,,,,13.00,,,,,,,3,,5,6,,,2540.65,5.00,,,4,4,2,4,11,,,,,,,,,,10.00,4.00,2.00,2.00,60.00,1.00,4.00,1.00
972.00,7,4.00,2,2,1,4,60.00,60.00,14,61.00,,12.00,1,1.00,2.00,3.00,,,,,,,,,,,,,,,1,2,3,,,,,,1863.14,4.00,,,4,5,2,3,,,,,,,,,,,10.00,4.00,2.00,2.00,40.00,2.00,4.00,1.00
973.00,4,4.00,3,,,,30.00,30.00,12,31.00,31.00,11.00,1,1.00,,,,,,,,,,,,,,,,,1,,,,,,,,1524.39,4.00,49.17,1.00,4,4,13,,,,,,,,,,,,10.00,4.00,2.00,1.00,50.00,3.00,4.00,1.00
974.00,2,2.00,3,,,,30.00,30.00,12,31.00,31.00,11.00,1,1.00,,3.00,,,,,,,,,,,,,,,1,,3,,,,,,1016.26,3.00,32.78,1.00,4,4,13,,,,,,,,,,,,10.00,4.00,2.00,1.00,40.00,3.00,2.00,1.00
975.00,3,3.00,2,2,1,5,30.00,30.00,12,31.00,31.00,11.00,1,1.00,,,,,,,,,,,,,,,,,1,,,,,,,,1355.01,3.00,43.71,1.00,4,5,1,2,,,,,,,,,,,10.00,4.00,2.00,1.00,60.00,2.00,3.00,1.00
976.00,2,2.00,2,1,2,4,30.00,30.00,12,31.00,31.00,11.00,1,1.00,2.00,,,,,,,,,,,,,,,,1,2,,,,,,,1693.77,4.00,54.64,1.00,4,5,1,2,,,,,,,,,,,10.00,4.00,2.00,1.00,50.00,2.00,2.00,1.00
977.00,3,3.00,2,1,2,7,300.00,,14,301.00,,13.00,1,1.00,2.00,3.00,4.00,,,,,,,,,13.00,,,,,1,2,3,4,,6,,,1693.77,4.00,,,5,5,1,2,,,,,,,,,,,10.00,4.00,2.00,1.00,30.00,2.00,3.00,1.00
978.00,3,3.00,2,4,1,2,30.00,30.00,12,31.00,31.00,11.00,1,1.00,,,,,,,,,,,,,,,,,1,,,,,,,,973.92,2.00,31.42,1.00,4,4,1,2,6,,,,,,,,,,10.00,4.00,2.00,2.00,40.00,2.00,3.00,1.00
979.00,2,2.00,2,1,5,11,150.00,,14,151.00,,13.00,1,,,,,,,7.00,,,,,,,,,,,,,,,5,,,,,98.00,,,4,4,2,10,,,,,,,,,,,10.00,4.00,2.00,1.00,60.00,2.00,2.00,1.00
980.00,1,1.00,3,,,,239.00,,14,240.00,,13.00,1,1.00,,3.00,4.00,,,,,,10.00,,,,,,,17.00,1,,3,4,,6,,8,,98.00,,,5,3,1,3,4,13,,,,,,,,,10.00,4.00,12.00,1.00,30.00,3.00,1.00,1.00
981.00,2,2.00,4,,,,150.00,,14,151.00,,13.00,1,1.00,,,,,,,,,,,,,,,,,1,,,,,,,,5081.30,6.00,,,5,4,14,,,,,,,,,,,,10.00,4.00,2.00,2.00,20.00,4.00,2.00,1.00
982.00,8,4.00,1,1,2,10,290.00,,14,291.00,,13.00,,1.00,2.00,,,,,,,,,,,,,,,,1,2,,,,,,,5928.18,6.00,,,3,4,2,,,,,,,,,,,,10.00,4.00,2.00,2.00,20.00,1.00,4.00,
983.00,10,4.00,3,,,,309.00,,14,310.00,,13.00,,1.00,2.00,,,5.00,,,,,,,,,,,,,1,2,,,5,,,,,98.00,,,4,2,13,,,,,,,,,,,,10.00,4.00,2.00,1.00,30.00,3.00,4.00,
984.00,9,4.00,3,,,,360.00,,14,361.00,,13.00,,1.00,2.00,3.00,4.00,5.00,,7.00,,,,11.00,,13.00,,,,,1,2,3,4,5,6,,,8468.83,6.00,,,5,5,1,2,3,4,12,13,,,,,,,10.00,4.00,2.00,1.00,20.00,3.00,4.00,
985.00,20,4.00,3,,,,21.00,21.00,12,22.00,22.00,11.00,2,,2.00,,,,,7.00,,,,,,,,,,,,2,,,5,,,,5875.50,6.00,267.07,3.00,5,5,13,,,,,,,,,,,,10.00,4.00,12.00,1.00,50.00,3.00,4.00,2.00
986.00,20,4.00,3,,,,90.00,,14,91.00,,13.00,1,1.00,2.00,3.00,4.00,,6.00,,,,,,,,,,,,1,2,3,4,5,,,,3810.98,6.00,,,5,5,2,13,3,4,14,,,,,,,,10.00,4.00,12.00,2.00,20.00,3.00,4.00,1.00
987.00,1,1.00,3,,,,40.00,40.00,13,41.00,41.00,11.00,2,1.00,,,,,,,,,,,,,,,,,1,,,,,,,,3500.00,6.00,85.37,1.00,4,4,13,,,,,,,,,,,,10.00,4.00,2.00,1.00,30.00,3.00,1.00,2.00
988.00,1,1.00,2,13,,,360.00,,14,361.00,,13.00,1,,2.00,,,,,,,,,,,,,,,,,2,,,,,,,3000.00,5.00,,,4,5,4,,,,,,,,,,,,10.00,4.00,9.00,2.00,20.00,2.00,1.00,1.00
989.00,20,4.00,3,,,,10.00,10.00,10,11.00,11.00,11.00,2,1.00,,,,,,,,,,,,,,,,,1,,,,,,,,3674.50,6.00,334.05,4.00,4,5,13,,,,,,,,,,,,10.00,4.00,4.00,1.00,50.00,3.00,4.00,2.00
990.00,1,1.00,3,,,,60.00,60.00,14,61.00,,12.00,1,1.00,,,,,,,,,,,,,,,,,1,,,,,,,,2540.65,5.00,,,5,5,3,2,4,7,13,,,,,,,,10.00,4.00,7.00,1.00,20.00,3.00,1.00,1.00
991.00,5,4.00,3,,,,42.00,42.00,13,43.00,43.00,11.00,2,1.00,,,,,,,,,,,,,,,,,1,,,,,,,,4234.42,6.00,98.47,1.00,5,5,13,2,3,4,6,,,,,,,,10.00,4.00,97.00,1.00,30.00,3.00,4.00,2.00
992.00,2,2.00,1,10,2,,360.00,,14,361.00,,13.00,,1.00,2.00,,,,,,,,,,,,,,,,1,2,,,,,,,,98.00,,,5,2,1,2,3,10,,,,,,,,,10.00,4.00,2.00,1.00,50.00,1.00,2.00,
993.00,10,4.00,3,,,,364.00,,14,365.00,,13.00,,1.00,2.00,,,,,,,,,,,,,,,,1,2,,,,,,,9315.72,6.00,,,5,5,13,,,,,,,,,,,,10.00,4.00,2.00,2.00,50.00,3.00,4.00,
994.00,2,2.00,3,,,,270.00,,14,271.00,,13.00,,,2.00,,,,,,,,,,,,,,,,,2,,,,,,,6775.07,6.00,,,4,4,13,2,1,3,,,,,,,,,10.00,4.00,2.00,1.00,50.00,3.00,2.00,
995.00,2,2.00,4,,,,364.00,,14,365.00,,13.00,,1.00,2.00,,,,,,,,,,,,,,,,1,2,,,,,,,,98.00,,,5,5,1,2,3,14,,,,,,,,,10.00,4.00,2.00,2.00,20.00,4.00,2.00,
996.00,20,4.00,2,13,,,300.00,,14,301.00,,13.00,,,2.00,,,,,,,,,,,,,,,,,2,,,,,,,,98.00,,,4,4,2,,,,,,,,,,,,10.00,4.00,2.00,2.00,40.00,2.00,4.00,
997.00,10,4.00,2,13,,,364.00,,14,365.00,,13.00,,1.00,,,,,,,,,,,,,,,,,1,,,,,,,,8468.83,6.00,,,5,5,1,2,10,,,,,,,,,,10.00,4.00,2.00,1.00,40.00,2.00,4.00,
998.00,10,4.00,3,,,,240.00,,14,241.00,,13.00,,1.00,,,,,,,,,,,,,,,,,1,,,,,,,,6775.07,6.00,,,5,4,13,,,,,,,,,,,,10.00,4.00,2.00,1.00,50.00,3.00,4.00,
999.00,10,4.00,2,13,,,300.00,,14,301.00,,13.00,,1.00,,,,,,,,,,,,,,,,,1,,,,,,,,7420.00,6.00,,,5,5,2,,,,,,,,,,,,10.00,4.00,2.00,2.00,50.00,2.00,4.00,
1000.00,5,4.00,3,,,,300.00,,14,301.00,,13.00,,,,,,,,,,,,11.00,,,,,,,,,,,,6,,,7621.95,6.00,,,3,3,13,,,,,,,,,,,,10.00,4.00,2.00,1.00,30.00,3.00,4.00,
1001.00,2,2.00,4,,,,364.00,,14,365.00,,13.00,,,,,,,,,,,,,,,14.00,,,,,,,,,,7,,5081.30,6.00,,,5,2,14,10,,,,,,,,,,,10.00,4.00,97.00,1.00,20.00,4.00,2.00,
1002.00,1,1.00,3,,,,300.00,,14,301.00,,13.00,,,,,4.00,,,,,,,,,,,,,,,,,4,,,,,8200.00,6.00,,,4,3,13,,,,,,,,,,,,10.00,4.00,14.00,2.00,20.00,3.00,1.00,
1003.00,1,1.00,3,,,,364.00,,14,365.00,,13.00,,1.00,,,,,,,,,,,,,,,,,1,,,,,,,,3000.00,5.00,,,3,3,13,,,,,,,,,,,,10.00,4.00,16.00,1.00,30.00,3.00,1.00,
1004.00,2,2.00,3,,,,364.00,,14,365.00,,13.00,,1.00,,,,,,,,,,,,,,,,,1,,,,,,,,,98.00,,,5,2,13,1,2,,,,,,,,,,10.00,4.00,97.00,1.00,40.00,3.00,2.00,
1005.00,6,4.00,3,,,,21.00,21.00,12,22.00,22.00,11.00,1,,,,,5.00,,,,,,,,,,,,,,,,,5,,,,4400.00,6.00,200.00,2.00,4,4,13,1,,,,,,,,,,,10.00,4.00,9.00,2.00,30.00,3.00,4.00,1.00
1006.00,5,4.00,2,3,2,4,30.00,30.00,12,31.00,31.00,11.00,1,1.00,,,4.00,,,,,,,,,,,,,,1,,,4,,,,,1893.20,4.00,61.07,1.00,5,5,1,2,3,4,10,,,,,,,,10.00,4.00,1.00,2.00,20.00,2.00,4.00,1.00
1007.00,4,4.00,3,,,,10.00,10.00,10,11.00,11.00,11.00,2,,2.00,,,,,,,,,,,,,,,,,2,,,,,,,4259.70,6.00,387.25,4.00,4,4,13,,,,,,,,,,,,10.00,4.00,1.00,1.00,40.00,3.00,4.00,2.00
1008.00,1,1.00,3,,,,5.00,5.00,5,6.00,6.00,6.00,2,,,,,,,,,,,11.00,,,,,,,,,,,,6,,,9400.80,6.00,1566.80,8.00,5,3,3,13,,,,,,,,,,,10.00,4.00,13.00,1.00,30.00,3.00,1.00,2.00
1009.00,2,2.00,2,13,,,175.00,,14,176.00,,13.00,1,1.00,,,,,,,,,,,,,14.00,,,,1,,,,,,7,,7050.60,6.00,,,5,5,1,2,3,5,7,11,,,,,,,10.00,4.00,13.00,2.00,20.00,2.00,2.00,1.00
1010.00,1,1.00,4,,,,300.00,,14,301.00,,13.00,,1.00,2.00,3.00,,,,,,,,,,,,,,17.00,1,2,3,,,,,8,,98.00,,,5,5,2,3,4,7,10,11,,,,,,,10.00,4.00,9.00,2.00,20.00,4.00,1.00,
1011.00,3,3.00,3,,,,40.00,40.00,13,41.00,41.00,11.00,1,,,,,,6.00,,,,,,,,,,,,,,,,5,,,,8000.00,6.00,195.12,2.00,4,3,13,,,,,,,,,,,,10.00,4.00,9.00,1.00,40.00,3.00,3.00,1.00
1012.00,5,4.00,2,13,,,270.00,,14,271.00,,13.00,,,,,,,6.00,,,,,,,,,,,,,,,,5,,,,2540.65,5.00,,,5,5,2,1,,,,,,,,,,,10.00,4.00,6.00,2.00,30.00,2.00,4.00,
1013.00,1,1.00,3,,,,30.00,30.00,12,31.00,31.00,11.00,1,1.00,,,,,,,,,,,,,,,,17.00,1,,,,,,,8,,98.00,,,4,3,13,,,,,,,,,,,,10.00,4.00,9.00,1.00,50.00,3.00,1.00,1.00
1014.00,3,3.00,3,,,,150.00,,14,151.00,,13.00,1,,,,4.00,,,,,,,,,,,,,,,,,4,,,,,7200.00,6.00,,,3,3,1,4,13,,,,,,,,,,10.00,4.00,9.00,1.00,30.00,3.00,3.00,1.00
1015.00,10,4.00,2,13,,,180.00,,14,181.00,,13.00,1,,,,,,,7.00,,,,,,,,,,,,,,,5,,,,2839.80,5.00,,,5,5,1,2,,,,,,,,,,,10.00,4.00,1.00,2.00,60.00,2.00,4.00,1.00
1016.00,5,4.00,3,,,,7.00,7.00,7,8.00,8.00,8.00,2,,,,,,,,,,,11.00,,,,,,,,,,,,6,,,946.60,2.00,118.33,2.00,3,3,16,,,,,,,,,,,,10.00,4.00,1.00,2.00,30.00,3.00,4.00,2.00
1017.00,2,2.00,2,13,,,90.00,,14,91.00,,13.00,1,,,,,,,,,,,,12.00,,,,,,,,,,,6,,,5000.00,6.00,,,5,4,1,2,,,,,,,,,,,10.00,4.00,9.00,2.00,50.00,2.00,2.00,1.00
1018.00,4,4.00,4,,,,21.00,21.00,12,22.00,22.00,11.00,1,1.00,,,,,,,,,,,,,,,,,1,,,,,,,,2839.80,5.00,129.08,2.00,4,5,2,14,,,,,,,,,,,10.00,4.00,1.00,2.00,20.00,4.00,4.00,1.00
1019.00,1,1.00,3,,,,63.00,,14,64.00,,12.00,1,,,,,,,,,9.00,10.00,,,13.00,,,,,,,,,,6,,,5177.60,6.00,,,4,4,2,1,3,13,,,,,,,,,10.00,4.00,11.00,1.00,40.00,3.00,1.00,1.00
1020.00,4,4.00,2,13,2,1,21.00,21.00,12,22.00,22.00,11.00,1,,,3.00,,,,,,,,,,,,,,,,,3,,,,,,2588.80,5.00,117.67,2.00,4,5,1,2,,,,,,,,,,,10.00,4.00,11.00,1.00,40.00,2.00,4.00,1.00
1021.00,10,4.00,2,13,,,90.00,,14,91.00,,13.00,1,,,,,,,,,,,,,13.00,,,,,,,,,,6,,,4000.00,6.00,,,5,5,16,,,,,,,,,,,,10.00,4.00,9.00,2.00,50.00,2.00,4.00,1.00
1022.00,2,2.00,3,,,,90.00,,14,91.00,,13.00,1,1.00,,,,,6.00,,,,,,,,,,,,1,,,,5,,,,,98.00,,,4,4,13,,,,,,,,,,,,10.00,4.00,9.00,1.00,40.00,3.00,2.00,1.00
1023.00,2,2.00,3,,,,100.00,,14,101.00,,13.00,1,,,,,,,,,9.00,,,,,,,,,,,,,,6,,,,98.00,,,4,3,2,13,,,,,,,,,,,10.00,4.00,9.00,1.00,30.00,3.00,2.00,1.00
1024.00,2,2.00,2,13,,,210.00,,14,211.00,,13.00,,1.00,,,,,,,,,,,,,,,,,1,,,,,,,,2226.00,5.00,,,5,4,1,2,,,,,,,,,,,10.00,4.00,2.00,2.00,50.00,2.00,2.00,
1025.00,1,1.00,3,,,,35.00,35.00,13,36.00,36.00,11.00,2,,,3.00,4.00,,,,,,,,,,,,,,,,3,4,,,,,5936.00,6.00,164.89,2.00,4,4,1,2,13,,,,,,,,,,10.00,4.00,2.00,1.00,30.00,3.00,1.00,2.00
1026.00,5,4.00,3,,,,120.00,,14,121.00,,13.00,1,,2.00,3.00,,,,,,,,,,13.00,,,,,,2,3,,,6,,,,98.00,,,5,5,1,2,13,3,,,,,,,,,10.00,4.00,2.00,1.00,20.00,3.00,4.00,1.00
1027.00,4,4.00,2,13,,,330.00,,14,331.00,,13.00,,1.00,,,,,,,,,,,,,,,,,1,,,,,,,,,98.00,,,5,5,1,2,,,,,,,,,,,10.00,4.00,2.00,2.00,50.00,2.00,4.00,
1028.00,1,1.00,3,,,,89.00,,14,90.00,,12.00,1,1.00,2.00,,,,,,,,,,,13.00,,,,17.00,1,2,,,,6,,8,,98.00,,,5,5,1,2,3,13,,,,,,,,,10.00,4.00,2.00,1.00,30.00,3.00,1.00,1.00
1029.00,1,1.00,3,,,,39.00,39.00,13,40.00,40.00,11.00,2,,,,,,,,8.00,,,,,,,,,,,,,,5,,,,1484.00,3.00,37.10,1.00,4,5,1,2,13,,,,,,,,,,10.00,4.00,2.00,1.00,40.00,3.00,1.00,2.00
1030.00,1,1.00,4,,,,364.00,,14,365.00,,13.00,,1.00,,,,,,,,,,,,,,,,,1,,,,,,,,,98.00,,,5,5,1,2,3,4,5,10,12,,,,,,10.00,4.00,2.00,2.00,20.00,4.00,1.00,
1031.00,10,4.00,2,13,,,240.00,,14,241.00,,13.00,,,2.00,,,,,,,,,,,,,,,,,2,,,,,,,4234.42,6.00,,,3,2,3,1,2,,,,,,,,,,10.00,4.00,2.00,2.00,20.00,2.00,4.00,
1032.00,4,4.00,2,13,,,300.00,,14,301.00,,13.00,,1.00,,,,,,,,,,,,,,,,,1,,,,,,,,7198.51,6.00,,,4,4,2,1,3,,,,,,,,,,10.00,4.00,2.00,2.00,20.00,2.00,4.00,
1033.00,10,4.00,4,,,,270.00,,14,271.00,,13.00,,1.00,2.00,,,,,,,,,,,,,,,,1,2,,,,,,,,98.00,,,5,4,1,14,2,,,,,,,,,,10.00,4.00,2.00,1.00,20.00,4.00,4.00,
1034.00,1,1.00,3,,,,89.00,,14,90.00,,12.00,1,1.00,2.00,,,,,,,,,,,,,,16.00,,1,2,,,,,7,,,98.00,,,4,3,1,2,12,15,,,,,,,,,10.00,4.00,2.00,1.00,30.00,3.00,1.00,1.00
1035.00,1,1.00,3,,,,20.00,20.00,11,21.00,21.00,11.00,2,,,,,,,,,,10.00,,,13.00,,,,,,,,,,6,,,3413.20,6.00,162.53,2.00,4,4,1,2,13,,,,,,,,,,10.00,4.00,2.00,1.00,30.00,3.00,1.00,2.00
1036.00,3,3.00,2,13,,,270.00,,14,271.00,,13.00,,,2.00,,,,,,,,,,,,,,,,,2,,,,,,,3264.80,6.00,,,4,4,1,,,,,,,,,,,,10.00,4.00,2.00,1.00,20.00,2.00,3.00,
1037.00,2,2.00,4,,,,240.00,,14,241.00,,13.00,,,,,,5.00,,,,,,,,,,,,,,,,,5,,,,1929.20,4.00,,,4,4,14,1,,,,,,,,,,,10.00,4.00,2.00,1.00,20.00,4.00,2.00,
1038.00,1,1.00,3,,,,59.00,59.00,13,60.00,60.00,11.00,2,,2.00,,,,,,,,,,,,,,,,,2,,,,,,,2968.00,5.00,49.47,1.00,4,4,2,1,13,,,,,,,,,,10.00,4.00,2.00,1.00,30.00,3.00,1.00,2.00
1039.00,6,4.00,2,13,,,240.00,,14,241.00,,13.00,,,2.00,,,,,7.00,,,,,,,,,,,,2,,,5,,,,5787.60,6.00,,,5,5,1,2,3,4,,,,,,,,,10.00,4.00,2.00,2.00,20.00,2.00,4.00,
1040.00,20,4.00,3,,,,20.00,20.00,11,21.00,21.00,11.00,2,1.00,2.00,3.00,,,,,,,,,,,14.00,,,,1,2,3,,,,7,,5639.20,6.00,268.53,3.00,4,4,1,2,4,6,10,13,,,,,,,10.00,4.00,2.00,1.00,30.00,3.00,4.00,2.00
1041.00,4,4.00,3,,,,120.00,,14,121.00,,13.00,2,1.00,,,,,,,,,,,,,,,,,1,,,,,,,,,98.00,,,5,4,1,2,13,14,,,,,,,,,10.00,4.00,2.00,1.00,30.00,3.00,4.00,2.00
1042.00,3,3.00,2,3,5,4,300.00,,14,301.00,,13.00,,,,,,,,7.00,,,,,,,,,,,,,,,5,,,,4452.00,6.00,,,4,3,1,2,3,4,,,,,,,,,10.00,4.00,2.00,1.00,40.00,2.00,3.00,
1043.00,10,4.00,3,,,,120.00,,14,121.00,,13.00,1,1.00,,3.00,,,,,,,,,,,,,,,1,,3,,,,,,8162.00,6.00,,,5,4,2,3,11,12,13,,,,,,,,10.00,4.00,2.00,1.00,30.00,3.00,4.00,1.00
1044.00,6,4.00,1,2,1,4,210.00,,14,211.00,,13.00,,1.00,2.00,3.00,,,,,,,,,,,,,,,1,2,3,,,,,,4403.79,6.00,,,4,4,1,2,3,,,,,,,,,,10.00,4.00,2.00,1.00,40.00,1.00,4.00,
1045.00,1,1.00,3,,,,270.00,,14,271.00,,13.00,,,,,,,,,,,10.00,,,,,,,,,,,,,6,,,4452.00,6.00,,,5,5,1,2,13,,,,,,,,,,10.00,4.00,2.00,1.00,30.00,3.00,1.00,
1046.00,10,4.00,2,13,,,210.00,,14,211.00,,13.00,,1.00,,,,,,,,,,,,,,,,,1,,,,,,,,1693.77,4.00,,,4,4,1,,,,,,,,,,,,10.00,4.00,2.00,2.00,20.00,2.00,4.00,
1047.00,2,2.00,3,,,,40.00,40.00,13,41.00,41.00,11.00,1,,,3.00,,,,,,,,,,,,,,,,,3,,,,,,4800.00,6.00,117.07,2.00,3,3,13,,,,,,,,,,,,10.00,4.00,12.00,1.00,40.00,3.00,2.00,1.00
1048.00,4,4.00,3,,,,90.00,,14,91.00,,13.00,1,,,,,,,,,,10.00,,,,,,,,,,,,,6,,,6500.00,6.00,,,4,4,13,2,,,,,,,,,,,10.00,4.00,9.00,2.00,40.00,3.00,4.00,1.00
1049.00,1,1.00,4,,,,364.00,,14,365.00,,13.00,,1.00,2.00,3.00,,,,,,,,,,13.00,,,,17.00,1,2,3,,,6,,8,,98.00,,,5,3,1,2,3,4,10,6,14,,,,,,10.00,4.00,9.00,2.00,20.00,4.00,1.00,
1050.00,5,4.00,2,13,,,270.00,,14,271.00,,13.00,,,,,,,,,,9.00,,11.00,,,,,,,,,,,,6,,,3000.00,5.00,,,5,5,1,2,3,10,11,,,,,,,,10.00,4.00,9.00,2.00,30.00,2.00,4.00,
1051.00,1,1.00,3,,,,90.00,,14,91.00,,13.00,1,,,,,,,,,,,,12.00,,,,,,,,,,,6,,,4700.40,6.00,,,3,5,13,,,,,,,,,,,,10.00,4.00,97.00,1.00,30.00,3.00,1.00,1.00
1052.00,50,4.00,3,,,,123.00,,14,124.00,,13.00,1,,,,,,,,,,,,12.00,,,,,,,,,,,6,,,,98.00,,,5,5,13,,,,,,,,,,,,10.00,4.00,97.00,1.00,50.00,3.00,4.00,1.00
1053.00,2,2.00,3,,,,75.00,,14,76.00,,12.00,1,1.00,,,,,,,,,,,,,,,16.00,,1,,,,,,7,,5000.00,6.00,,,5,5,13,2,4,,,,,,,,,,10.00,4.00,9.00,2.00,20.00,3.00,2.00,1.00
1054.00,2,2.00,2,13,,,90.00,,14,91.00,,13.00,1,1.00,,,,,,,,,,,,,,,,,1,,,,,,,,7000.00,6.00,,,5,4,4,8,,,,,,,,,,,10.00,4.00,9.00,1.00,30.00,2.00,2.00,1.00
1055.00,1,1.00,2,13,,,330.00,,14,331.00,,13.00,,1.00,2.00,,,,,,,,,,,,,,,,1,2,,,,,,,4000.00,6.00,,,5,5,2,3,13,,,,,,,,,,10.00,4.00,15.00,2.00,40.00,2.00,1.00,
1056.00,2,2.00,4,,,,350.00,,14,351.00,,13.00,,1.00,2.00,,,,6.00,,,,,,,,,,,,1,2,,,5,,,,,98.00,,,4,5,2,4,9,,,,,,,,,,10.00,4.00,15.00,1.00,20.00,4.00,2.00,
1057.00,11,4.00,3,,,,60.00,60.00,14,61.00,,12.00,2,,,,,,,,,,10.00,,12.00,13.00,,,,,,,,,,6,,,3000.00,5.00,,,4,5,3,13,,,,,,,,,,,10.00,4.00,97.00,2.00,30.00,3.00,4.00,2.00
1058.00,3,3.00,2,13,,,280.00,,14,281.00,,13.00,,,,,,,,,,,10.00,11.00,,,14.00,,,,,,,,,6,7,,1000.00,2.00,,,4,5,2,3,4,5,6,,,,,,,,10.00,4.00,15.00,1.00,20.00,2.00,3.00,
1059.00,11,4.00,1,12,11,10,340.00,,14,341.00,,13.00,,1.00,2.00,3.00,4.00,,,,,,,,,,,,,,1,2,3,4,,,,,3387.53,6.00,,,4,4,2,3,4,13,10,,,,,,,,10.00,4.00,15.00,1.00,20.00,1.00,4.00,
1060.00,1,1.00,3,,,,360.00,,14,361.00,,13.00,,,,,,5.00,,7.00,,,,,,,,,,,,,,,5,,,,4234.42,6.00,,,5,4,2,13,,,,,,,,,,,10.00,4.00,15.00,1.00,20.00,3.00,1.00,
1061.00,2,2.00,3,,,,330.00,,14,331.00,,13.00,,,,,,5.00,,,,,,,,,,,,,,,,,5,,,,,98.00,,,5,5,13,14,,,,,,,,,,,10.00,4.00,97.00,1.00,40.00,3.00,2.00,
1062.00,3,3.00,2,13,,,360.00,,14,361.00,,13.00,,1.00,2.00,,4.00,,,,,,,,,,,,,,1,2,,4,,,,,3387.53,6.00,,,4,5,1,2,3,,,,,,,,,,10.00,4.00,15.00,2.00,30.00,2.00,3.00,
1063.00,1,1.00,4,,,,270.00,,14,271.00,,13.00,,1.00,,,,5.00,,,,,,,,,,,,,1,,,,5,,,,5500.00,6.00,,,5,5,2,3,4,5,6,7,10,14,,,,,10.00,4.00,97.00,2.00,20.00,4.00,1.00,
1064.00,8,4.00,1,8,,,92.00,,14,93.00,,13.00,1,1.00,,,,,,,,,,,,,,,,,1,,,,,,,,9000.00,6.00,,,4,5,5,6,2,11,,,,,,,,,10.00,4.00,15.00,1.00,20.00,1.00,4.00,1.00
1065.00,4,4.00,3,,,,10.00,10.00,10,11.00,11.00,11.00,2,1.00,2.00,,,,,,,,,,,,,,,,1,2,,,,,,,2650.48,5.00,240.95,3.00,4,4,13,,,,,,,,,,,,10.00,4.00,1.00,1.00,30.00,3.00,4.00,2.00
1066.00,5,4.00,2,13,2,,90.00,,14,91.00,,13.00,1,,,,,5.00,,,,,,,,,,,,,,,,,5,,,,2839.80,5.00,,,5,5,2,1,11,,,,,,,,,,10.00,4.00,1.00,2.00,40.00,2.00,4.00,1.00
1067.00,2,2.00,2,13,,,30.00,30.00,12,31.00,31.00,11.00,1,1.00,,,,,,,,,,,,,,,,,1,,,,,,,,4500.00,6.00,145.16,2.00,5,5,2,10,,,,,,,,,,,10.00,4.00,9.00,1.00,20.00,2.00,2.00,1.00
1068.00,1,1.00,3,,,,360.00,,14,361.00,,13.00,,,,,,,,,,,,,,,,15.00,,,,,,,,,7,,10000.00,6.00,,,4,3,3,13,,,,,,,,,,,10.00,4.00,9.00,1.00,30.00,3.00,1.00,
1069.00,2,2.00,3,,,,5.00,5.00,5,6.00,6.00,6.00,2,,,,,,,,,,,,,,14.00,,,,,,,,,,7,,5800.00,6.00,966.67,7.00,4,2,13,,,,,,,,,,,,10.00,4.00,9.00,1.00,30.00,3.00,2.00,2.00
1070.00,1,1.00,3,,,,90.00,,14,91.00,,13.00,1,1.00,,,,,,,,,,,,,,,,,1,,,,,,,,7000.00,6.00,,,5,5,13,,,,,,,,,,,,10.00,4.00,97.00,1.00,15.00,3.00,1.00,1.00
1071.00,4,4.00,3,,,,30.00,30.00,12,31.00,31.00,11.00,2,,,,,,,7.00,,,,,,,,,,,,,,,5,,,,5405.46,6.00,174.37,2.00,5,5,13,,,,,,,,,,,,10.00,4.00,12.00,1.00,50.00,3.00,4.00,2.00
1072.00,8,4.00,2,13,,,42.00,42.00,13,43.00,43.00,11.00,1,1.00,,,,,,,,,,,,,,,,,1,,,,,,,,2350.20,5.00,54.66,1.00,4,5,16,,,,,,,,,,,,10.00,4.00,12.00,1.00,30.00,2.00,4.00,1.00
1073.00,30,4.00,3,,,,70.00,,14,71.00,,12.00,1,,,,4.00,,,,,,,,,,,,,,,,,4,,,,,5875.50,6.00,,,5,5,13,,,,,,,,,,,,10.00,4.00,12.00,1.00,50.00,3.00,4.00,1.00
1074.00,20,4.00,3,,,,50.00,50.00,13,51.00,51.00,11.00,2,,,,,,,,,,,,12.00,,,,,,,,,,,6,,,,98.00,,,4,5,13,,,,,,,,,,,,10.00,4.00,12.00,1.00,40.00,3.00,4.00,2.00
1075.00,1,1.00,4,,,,30.00,30.00,12,31.00,31.00,11.00,1,1.00,,,,,,,,,,,,,,,,,1,,,,,,,,7050.60,6.00,227.44,3.00,5,5,4,6,14,,,,,,,,,,10.00,4.00,12.00,1.00,20.00,4.00,1.00,1.00
1076.00,1,1.00,3,,,,60.00,60.00,14,61.00,,12.00,2,1.00,,,,,,,,,,,12.00,,,,,,1,,,,,6,,,,98.00,,,5,5,4,5,6,13,,,,,,,,,10.00,4.00,12.00,1.00,30.00,3.00,1.00,2.00
1077.00,4,4.00,4,,,,250.00,,14,251.00,,13.00,,1.00,2.00,,,,,,,,,,,,,,,,1,2,,,,,,,5928.18,6.00,,,5,5,2,6,3,14,,,,,,,,,10.00,4.00,2.00,2.00,20.00,4.00,4.00,
1078.00,5,4.00,4,,,,300.00,,14,301.00,,13.00,,1.00,,,,,,,,,,,,,,,,17.00,1,,,,,,,8,,98.00,,,5,5,14,2,8,3,,,,,,,,,10.00,4.00,2.00,2.00,20.00,4.00,4.00,
1079.00,4,4.00,3,,,,30.00,30.00,12,31.00,31.00,11.00,1,,2.00,,,,,,,,,,,,,,,,,2,,,,,,,2800.00,5.00,90.32,1.00,5,5,13,2,,,,,,,,,,,10.00,4.00,1.00,2.00,20.00,3.00,4.00,1.00
1080.00,8,4.00,2,13,,,60.00,60.00,14,61.00,,12.00,1,1.00,2.00,3.00,,,,,,,,,,,,,,17.00,1,2,3,,,,,8,3810.98,6.00,,,5,5,2,3,4,,,,,,,,,,10.00,4.00,1.00,2.00,30.00,2.00,4.00,1.00
1081.00,12,4.00,3,,,,90.00,,14,91.00,,13.00,1,1.00,,,,,,,,,,,,,,,,,1,,,,,,,,5000.00,6.00,,,5,5,2,13,,,,,,,,,,,10.00,4.00,7.00,2.00,40.00,3.00,4.00,1.00
1082.00,5,4.00,2,13,,,45.00,45.00,13,46.00,46.00,11.00,1,1.00,,,,,,,,,,,,13.00,,,,,1,,,,,6,,,1506.80,4.00,32.76,1.00,5,5,3,2,,,,,,,,,,,10.00,4.00,10.00,2.00,30.00,2.00,4.00,1.00
1083.00,9,4.00,3,,,,300.00,,14,301.00,,13.00,,1.00,,,,,,,,,,,,,,,,,1,,,,,,,,,98.00,,,4,5,13,2,,,,,,,,,,,10.00,4.00,12.00,1.00,30.00,3.00,4.00,
1084.00,3,3.00,3,,,,60.00,60.00,14,61.00,,12.00,2,1.00,,,,,,7.00,,,,,,,,,,,1,,,,5,,,,4000.00,6.00,,,5,4,2,13,,,,,,,,,,,10.00,4.00,9.00,1.00,50.00,3.00,3.00,2.00
1085.00,3,3.00,3,,,,330.00,,14,331.00,,13.00,,,,,,,,,,,,,,,14.00,,16.00,,,,,,,,7,,2540.65,5.00,,,5,3,3,4,13,14,,,,,,,,,10.00,4.00,6.00,1.00,30.00,3.00,3.00,
1086.00,2,2.00,4,,,,300.00,,14,301.00,,13.00,,1.00,,,,,,,,,,,,,,,,,1,,,,,,,,,98.00,,,5,2,14,1,2,10,3,6,,,,,,,10.00,4.00,9.00,2.00,20.00,4.00,2.00,
1087.00,4,4.00,3,,,,180.00,,14,181.00,,13.00,1,,,,4.00,,,,,,,,,,,,,,,,,4,,,,,5081.30,6.00,,,4,3,13,,,,,,,,,,,,10.00,4.00,97.00,1.00,40.00,3.00,4.00,1.00
1088.00,1,1.00,3,,,,364.00,,14,365.00,,13.00,,,,,,,,,,,10.00,,,,,,,,,,,,,6,,,6775.07,6.00,,,3,3,13,2,,,,,,,,,,,10.00,4.00,97.00,1.00,30.00,3.00,1.00,
1089.00,2,2.00,4,,,,364.00,,14,365.00,,13.00,,,,,,,,,,,,,,,,15.00,,,,,,,,,7,,,98.00,,,5,2,1,2,3,9,10,14,,,,,,,10.00,4.00,2.00,1.00,20.00,4.00,2.00,
1090.00,10,4.00,2,13,,,180.00,,14,181.00,,13.00,1,,,,,5.00,,,,,,,,,,,,,,,,,5,,,,4452.00,6.00,,,4,4,2,11,,,,,,,,,,,10.00,4.00,2.00,2.00,30.00,2.00,4.00,1.00
1091.00,2,2.00,3,,,,270.00,,14,271.00,,13.00,,,,,,,,,,,,,,,14.00,,,,,,,,,,7,,5081.30,6.00,,,3,3,13,,,,,,,,,,,,10.00,4.00,2.00,1.00,50.00,3.00,2.00,
1092.00,3,3.00,2,13,,,300.00,,14,301.00,,13.00,,1.00,,3.00,,,,,,,,,,,,,,,1,,3,,,,,,2968.00,5.00,,,4,3,2,,,,,,,,,,,,10.00,4.00,2.00,2.00,40.00,2.00,3.00,
1093.00,4,4.00,3,,,,180.00,,14,181.00,,13.00,1,,,,,,,,,9.00,10.00,,,,,,,,,,,,,6,,,5936.00,6.00,,,3,3,13,,,,,,,,,,,,10.00,4.00,2.00,1.00,30.00,3.00,4.00,1.00
1094.00,5,4.00,3,,,,90.00,,14,91.00,,13.00,1,1.00,2.00,,,,,,,,,,,,,,,,1,2,,,,,,,2540.65,5.00,,,3,3,13,,,,,,,,,,,,10.00,4.00,2.00,1.00,30.00,3.00,4.00,1.00
1095.00,10,4.00,3,,,,360.00,,14,361.00,,13.00,,,,,,,,,,,,11.00,,,,,,,,,,,,6,,,,98.00,,,5,5,13,2,,,,,,,,,,,10.00,4.00,2.00,1.00,50.00,3.00,4.00,
1096.00,10,4.00,3,,,,364.00,,14,365.00,,13.00,,,,,,,,,,9.00,10.00,,,,,,,,,,,,,6,,,8904.00,6.00,,,3,3,13,,,,,,,,,,,,10.00,4.00,2.00,1.00,40.00,3.00,4.00,
1097.00,2,2.00,4,,,,270.00,,14,271.00,,13.00,,1.00,2.00,,,,,,,,,,,13.00,14.00,,,,1,2,,,,6,7,,,98.00,,,5,3,14,1,2,10,11,,,,,,,,10.00,4.00,2.00,2.00,20.00,4.00,2.00,
1098.00,4,4.00,3,,,,180.00,,14,181.00,,13.00,1,,,,,,,,,,,,,13.00,,,,,,,,,,6,,,9500.00,6.00,,,4,4,13,,,,,,,,,,,,10.00,4.00,15.00,1.00,30.00,3.00,4.00,1.00
1099.00,2,2.00,2,13,,,200.00,,14,201.00,,13.00,1,1.00,,,,5.00,,,,,,,,,,,,,1,,,,5,,,,4500.00,6.00,,,5,5,1,2,3,10,,,,,,,,,10.00,4.00,15.00,2.00,50.00,2.00,2.00,1.00
1100.00,1,1.00,4,,,,364.00,,14,365.00,,13.00,,1.00,2.00,,4.00,,,,,,,,,,,,16.00,,1,2,,4,,,7,,,98.00,,,5,2,1,2,3,10,11,14,,,,,,,10.00,4.00,97.00,1.00,20.00,4.00,1.00,
1101.00,2,2.00,2,13,,,180.00,,14,181.00,,13.00,1,,,,,,,,,,,,12.00,13.00,,,,,,,,,,6,,,2500.00,5.00,,,5,4,2,3,11,,,,,,,,,,10.00,4.00,15.00,2.00,50.00,2.00,2.00,1.00
1102.00,5,4.00,2,13,,,270.00,,14,271.00,,13.00,,,2.00,,,,,,,,,,,,,,,,,2,,,,,,,2597.72,5.00,,,5,5,1,3,4,,,,,,,,,,11.00,4.00,2.00,2.00,30.00,2.00,4.00,
1103.00,10,4.00,2,13,,,330.00,,14,331.00,,13.00,,,2.00,,,,,,,,,,,,,,,,,2,,,,,,,2242.50,5.00,,,4,4,2,1,,,,,,,,,,,11.00,4.00,2.00,2.00,30.00,2.00,4.00,
1104.00,5,4.00,2,2,1,3,150.00,,14,151.00,,13.00,1,1.00,2.00,,,,,,,,,,,,14.00,,,,1,2,,,,,7,,9524.96,6.00,,,5,5,1,2,3,11,,,,,,,,,11.00,4.00,2.00,2.00,20.00,2.00,4.00,1.00
1105.00,5,4.00,2,2,,,300.00,,14,301.00,,13.00,,1.00,,,,,,,,,,,,,,,,,1,,,,,,,,865.91,2.00,,,4,4,1,2,4,10,,,,,,,,,11.00,4.00,2.00,1.00,30.00,2.00,4.00,
1106.00,10,4.00,3,,,,240.00,,14,241.00,,13.00,,,,,,,,,,,,,,,,,,17.00,,,,,,,,8,7793.15,6.00,,,5,4,3,1,2,,,,,,,,,,11.00,4.00,2.00,1.00,40.00,3.00,4.00,
1107.00,5,4.00,4,,,,270.00,,14,271.00,,13.00,,1.00,,,,,,,,,,,,,14.00,,16.00,,1,,,,,,7,,6061.34,6.00,,,5,5,1,3,9,12,14,,,,,,,,11.00,4.00,2.00,1.00,20.00,4.00,4.00,
1108.00,15,4.00,2,1,2,3,330.00,,14,331.00,,13.00,,1.00,,,4.00,,,,,,,,,,,,,,1,,,4,,,,,,98.00,,,5,5,1,3,,,,,,,,,,,11.00,4.00,2.00,2.00,50.00,2.00,4.00,
1109.00,1,1.00,3,,,,240.00,,14,241.00,,13.00,,,,,,,,,,,10.00,,,,,,,,,,,,,6,,,3463.62,6.00,,,5,4,1,13,,,,,,,,,,,11.00,4.00,2.00,1.00,40.00,3.00,1.00,
1110.00,3,3.00,3,,,,240.00,,14,241.00,,13.00,,,,,,,,,,,10.00,,,,,,,,,,,,,6,,,8226.11,6.00,,,4,5,3,1,13,,,,,,,,,,11.00,4.00,2.00,1.00,20.00,3.00,3.00,
1111.00,5,4.00,1,2,3,4,240.00,,14,241.00,,13.00,,1.00,2.00,3.00,,,,,,,,,,,,,,,1,2,3,,,,,,,98.00,,,4,4,1,2,3,4,,,,,,,,,11.00,4.00,2.00,1.00,30.00,1.00,4.00,
1112.00,10,4.00,2,3,1,,364.00,,14,365.00,,13.00,,1.00,,,,,,7.00,,,,,,,,,,17.00,1,,,,5,,,8,4329.53,6.00,,,5,5,1,3,2,,,,,,,,,,11.00,4.00,2.00,2.00,60.00,2.00,4.00,
1113.00,3,3.00,3,,,,47.00,47.00,13,48.00,48.00,11.00,2,1.00,,,,5.00,,,,,,,,,,,,,1,,,,5,,,,2164.76,5.00,45.10,1.00,5,4,13,2,1,,,,,,,,,,11.00,4.00,2.00,1.00,40.00,3.00,3.00,2.00
1114.00,6,4.00,2,13,,,300.00,,14,301.00,,13.00,,,,,,,,,,,,,,,,,16.00,,,,,,,,7,,2597.72,5.00,,,4,4,1,3,,,,,,,,,,,11.00,4.00,2.00,2.00,60.00,2.00,4.00,
1115.00,5,4.00,2,13,,,364.00,,14,365.00,,13.00,,,,3.00,,,,,,,,,,,,,,,,,3,,,,,,6061.34,6.00,,,4,4,1,2,,,,,,,,,,,11.00,4.00,2.00,2.00,20.00,2.00,4.00,
1116.00,1,1.00,2,2,1,,180.00,,14,181.00,,13.00,1,1.00,,,,,,,,,,,,,,,,,1,,,,,,,,8659.06,6.00,,,4,4,1,2,,,,,,,,,,,11.00,4.00,2.00,2.00,30.00,2.00,1.00,1.00
1117.00,3,3.00,2,4,3,1,19.00,19.00,11,20.00,20.00,11.00,1,1.00,2.00,3.00,,,,,,,,,,,,,,,1,2,3,,,,,,2500.00,5.00,125.00,2.00,5,5,2,3,10,11,,,,,,,,,11.00,4.00,9.00,2.00,20.00,2.00,3.00,1.00
1118.00,2,2.00,2,1,3,12,149.00,,14,150.00,,13.00,1,1.00,,3.00,4.00,,,,,,,,,,,,,,1,,3,4,,,,,7400.00,6.00,,,5,5,1,2,3,4,5,6,10,11,12,,,,11.00,4.00,9.00,2.00,20.00,2.00,2.00,1.00
1119.00,6,4.00,2,13,,,90.00,,14,91.00,,13.00,1,1.00,2.00,,,,,,,,,,,,,,,,1,2,,,,,,,5000.00,6.00,,,5,5,1,2,,,,,,,,,,,11.00,4.00,9.00,2.00,50.00,2.00,4.00,1.00
1120.00,11,4.00,3,,,,45.00,45.00,13,46.00,46.00,11.00,1,,,,,,,,,9.00,,,,,,,,,,,,,,6,,,,98.00,,,4,4,13,,,,,,,,,,,,11.00,4.00,10.00,1.00,40.00,3.00,4.00,1.00
1121.00,15,4.00,3,,,,59.00,59.00,13,60.00,60.00,11.00,1,,,,,,,,,9.00,,,,,,,,,,,,,,6,,,,98.00,,,5,5,13,,,,,,,,,,,,11.00,4.00,10.00,1.00,50.00,3.00,4.00,1.00
1122.00,3,3.00,3,,,,210.00,,14,211.00,,13.00,1,,,,,,6.00,,,,,,,,,,,,,,,,5,,,,3500.00,6.00,,,5,5,13,,,,,,,,,,,,11.00,4.00,9.00,1.00,40.00,3.00,3.00,1.00
1123.00,1,1.00,6,,,,40.00,40.00,13,41.00,41.00,11.00,1,1.00,,,,,,,,,,,,,,,,,1,,,,,,,,3000.00,5.00,73.17,1.00,5,5,16,,,,,,,,,,,,11.00,4.00,9.00,1.00,40.00,6.00,1.00,1.00
1124.00,1,1.00,3,,,,24.00,24.00,12,25.00,25.00,11.00,1,1.00,,,,,,,,,10.00,,,,,,,,1,,,,,6,,,3000.00,5.00,120.00,2.00,5,5,13,,,,,,,,,,,,11.00,4.00,9.00,1.00,30.00,3.00,1.00,1.00
1125.00,2,2.00,4,,,,364.00,,14,365.00,,13.00,,1.00,2.00,3.00,,,,,,,,,,,,,,,1,2,3,,,,,,,98.00,,,4,4,1,2,3,14,5,6,10,,,,,,11.00,4.00,11.00,2.00,20.00,4.00,2.00,
1126.00,2,2.00,2,13,,,120.00,,14,121.00,,13.00,1,,,,,,,,,,,,,,,15.00,,,,,,,,,7,,2597.72,5.00,,,5,4,1,2,3,11,,,,,,,,,11.00,4.00,6.00,2.00,40.00,2.00,2.00,1.00
1127.00,1,1.00,4,,,,364.00,,14,365.00,,13.00,,1.00,2.00,,,,,,,,,,,13.00,,,,17.00,1,2,,,,6,,8,,98.00,,,5,3,1,2,3,4,7,10,11,14,,,,,11.00,4.00,13.00,2.00,20.00,4.00,1.00,
1128.00,4,4.00,3,,,,90.00,,14,91.00,,13.00,1,,,,,,,7.00,,,,,,,,,,,,,,,5,,,,5000.00,6.00,,,3,3,13,,,,,,,,,,,,11.00,4.00,97.00,1.00,40.00,3.00,4.00,1.00
1129.00,5,4.00,3,,,,180.00,,14,181.00,,13.00,1,,,,,,,,,,10.00,11.00,,,,,,,,,,,,6,,,6000.00,6.00,,,4,4,13,1,,,,,,,,,,,11.00,4.00,16.00,1.00,40.00,3.00,4.00,1.00
1130.00,2,2.00,3,,,,35.00,35.00,13,36.00,36.00,11.00,1,,,,,,,,,,,,,13.00,,,,,,,,,,6,,,2800.00,5.00,77.78,1.00,4,5,13,,,,,,,,,,,,11.00,4.00,15.00,1.00,40.00,3.00,2.00,1.00
1131.00,10,4.00,3,,,,30.00,30.00,12,31.00,31.00,11.00,2,1.00,,,,,,,,,,,,,,,,,1,,,,,,,,3820.00,6.00,123.23,2.00,4,3,13,,,,,,,,,,,,11.00,4.00,1.00,1.00,40.00,3.00,4.00,2.00
1132.00,3,3.00,3,,,,90.00,,14,91.00,,13.00,1,,,,,5.00,,,,,,,,,,,,,,,,,5,,,,5730.00,6.00,,,3,3,13,1,,,,,,,,,,,11.00,4.00,1.00,1.00,30.00,3.00,3.00,1.00
1133.00,3,3.00,2,13,,,180.00,,14,181.00,,13.00,1,1.00,2.00,,4.00,,,,,,,,,,,,,,1,2,,4,,,,,3200.00,6.00,,,5,5,1,2,3,11,,,,,,,,,11.00,4.00,9.00,2.00,60.00,2.00,3.00,1.00
1134.00,4,4.00,2,13,7,2,90.00,,14,91.00,,13.00,1,1.00,,,,,,7.00,,,,,,,,,,,1,,,,5,,,,7800.00,6.00,,,5,5,2,3,7,11,,,,,,,,,11.00,4.00,9.00,2.00,20.00,2.00,4.00,1.00
1135.00,2,2.00,2,13,3,4,49.00,49.00,13,50.00,50.00,11.00,1,1.00,,,,,,,,,,,,13.00,,,,17.00,1,,,,,6,,8,2584.00,5.00,51.68,1.00,5,5,2,3,4,5,6,,,,,,,,11.00,4.00,11.00,2.00,50.00,2.00,2.00,1.00
1136.00,3,3.00,3,,,,30.00,30.00,12,31.00,31.00,11.00,1,1.00,2.00,,,,,,,,,,,,,,,,1,2,,,,,,,9317.60,6.00,300.57,4.00,4,3,1,13,,,,,,,,,,,11.00,4.00,13.00,1.00,40.00,3.00,3.00,1.00
1137.00,5,4.00,3,,,,240.00,,14,241.00,,13.00,,,2.00,,,,,,,,,,,,,,,,,2,,,,,,,,98.00,,,4,5,1,2,13,,,,,,,,,,11.00,4.00,2.00,1.00,30.00,3.00,4.00,
1138.00,2,2.00,4,,,,364.00,,14,365.00,,13.00,,1.00,,,4.00,,,,,,,,,,,,,,1,,,4,,,,,,98.00,,,4,5,1,2,3,4,5,9,10,12,14,,,,11.00,4.00,2.00,1.00,20.00,4.00,2.00,
1139.00,2,2.00,4,,,,364.00,,14,365.00,,13.00,,1.00,,,,,,,,,,,,,,,,,1,,,,,,,,,98.00,,,4,2,1,2,4,10,11,14,,,,,,,11.00,4.00,2.00,1.00,20.00,4.00,2.00,
1140.00,1,1.00,3,,,,180.00,,14,181.00,,13.00,1,,,3.00,,,,,,,,,,,,,,,,,3,,,,,,1495.00,3.00,,,5,4,13,1,,,,,,,,,,,11.00,4.00,2.00,1.00,30.00,3.00,1.00,1.00
1141.00,6,4.00,2,13,,,364.00,,14,365.00,,13.00,,1.00,,,,,,,,,,,,,,,,,1,,,,,,,,,98.00,,,5,5,1,2,,,,,,,,,,,11.00,4.00,2.00,1.00,50.00,2.00,4.00,
1142.00,1,1.00,4,,,,364.00,,14,365.00,,13.00,,,,,,,,,,,,,,,,,16.00,,,,,,,,7,,,98.00,,,5,4,1,2,14,,,,,,,,,,11.00,4.00,2.00,1.00,20.00,4.00,1.00,
1143.00,1,1.00,4,,,,364.00,,14,365.00,,13.00,,,,,,,,,,,,,,,,,16.00,,,,,,,,7,,8659.06,6.00,,,5,5,1,2,3,14,,,,,,,,,11.00,4.00,2.00,1.00,20.00,4.00,1.00,
1144.00,6,4.00,4,,,,300.00,,14,301.00,,13.00,,1.00,,,,,,,,,,,,,,,,,1,,,,,,,,,98.00,,,4,4,1,2,10,14,,,,,,,,,11.00,4.00,2.00,2.00,20.00,4.00,4.00,
1145.00,1,1.00,4,,,,29.00,29.00,12,30.00,30.00,11.00,1,1.00,,,,,,,,,,,,,,,,,1,,,,,,,,1298.86,3.00,43.30,1.00,5,5,1,14,,,,,,,,,,,11.00,4.00,2.00,2.00,20.00,4.00,1.00,1.00
1146.00,1,1.00,4,,,,330.00,,14,331.00,,13.00,,1.00,,,,,,,,,,,,,,,,,1,,,,,,,,,98.00,,,5,3,1,2,4,14,,,,,,,,,11.00,4.00,2.00,1.00,20.00,4.00,1.00,
1147.00,2,2.00,4,,,,270.00,,14,271.00,,13.00,,1.00,,,,,,,,,,,,,,,,,1,,,,,,,,,98.00,,,4,4,1,2,3,4,5,14,,,,,,,11.00,4.00,2.00,2.00,20.00,4.00,2.00,
1148.00,6,4.00,4,,,,120.00,,14,121.00,,13.00,1,1.00,,,,,,,,,,,,,,,,,1,,,,,,,,3737.50,6.00,,,3,4,1,2,3,11,14,,,,,,,,11.00,4.00,2.00,2.00,20.00,4.00,4.00,1.00
1149.00,6,4.00,4,,,,330.00,,14,331.00,,13.00,,1.00,,,,,,,,9.00,,,,13.00,,,,,1,,,,,6,,,8659.06,6.00,,,4,3,1,3,2,12,8,9,10,11,14,,,,11.00,4.00,2.00,2.00,20.00,4.00,4.00,
1150.00,5,4.00,1,2,5,8,240.00,,14,241.00,,13.00,,1.00,,,,,,,,,,,,,,,,,1,,,,,,,,2990.00,5.00,,,4,4,1,2,3,12,,,,,,,,,11.00,4.00,2.00,2.00,20.00,1.00,4.00,
1151.00,7,4.00,4,,,,300.00,,14,301.00,,13.00,,1.00,,,,,,,,,,,,,,,,,1,,,,,,,,8659.06,6.00,,,4,4,1,14,2,,,,,,,,,,11.00,4.00,2.00,2.00,20.00,4.00,4.00,
1152.00,4,4.00,4,,,,240.00,,14,241.00,,13.00,,1.00,,,,,,,,,,,,,,,,,1,,,,,,,,7360.20,6.00,,,3,5,1,14,,,,,,,,,,,11.00,4.00,2.00,2.00,20.00,4.00,4.00,
1153.00,5,4.00,2,13,,,364.00,,14,365.00,,13.00,,,,,,,,,,,,11.00,,,,,,,,,,,,6,,,3463.62,6.00,,,4,4,1,2,3,10,,,,,,,,,11.00,4.00,2.00,2.00,20.00,2.00,4.00,
1154.00,6,4.00,3,,,,210.00,,14,211.00,,13.00,1,,,,,,,,,9.00,,,,,,,,,,,,,,6,,,4329.53,6.00,,,4,4,1,2,13,,,,,,,,,,11.00,4.00,2.00,1.00,30.00,3.00,4.00,1.00
1155.00,10,4.00,3,,,,120.00,,14,121.00,,13.00,1,,,,,,,,,,10.00,,,13.00,,,,,,,,,,6,,,4849.07,6.00,,,5,4,1,2,3,13,,,,,,,,,11.00,4.00,2.00,1.00,40.00,3.00,4.00,1.00
1156.00,5,4.00,2,13,,,364.00,,14,365.00,,13.00,,,,,4.00,,,,,,,,,,,,,,,,,4,,,,,6061.34,6.00,,,5,3,1,3,,,,,,,,,,,11.00,4.00,2.00,1.00,50.00,2.00,4.00,
1157.00,3,3.00,2,2,1,,29.00,29.00,12,30.00,30.00,11.00,1,1.00,2.00,,,,,,,,,,,,,,,,1,2,,,,,,,2597.72,5.00,86.59,1.00,4,4,2,1,,,,,,,,,,,11.00,4.00,2.00,2.00,20.00,2.00,3.00,1.00
1158.00,3,3.00,4,,,,240.00,,14,241.00,,13.00,,1.00,2.00,,,,,,,,,,,,,,,,1,2,,,,,,,6428.50,6.00,,,4,4,1,2,6,7,14,,,,,,,,11.00,4.00,2.00,2.00,20.00,4.00,3.00,
1159.00,6,4.00,4,,,,150.00,,14,151.00,,13.00,1,1.00,2.00,,,,,,,,,,,,,,,,1,2,,,,,,,8222.50,6.00,,,4,4,1,2,3,6,10,14,,,,,,,11.00,4.00,2.00,2.00,20.00,4.00,4.00,1.00
1160.00,10,4.00,2,13,,,60.00,60.00,14,61.00,,12.00,1,1.00,,,,,,,,,,,,,,,,,1,,,,,,,,7752.00,6.00,,,5,5,2,10,,,,,,,,,,,11.00,4.00,11.00,2.00,20.00,2.00,4.00,1.00
1161.00,3,3.00,3,,,,22.00,22.00,12,23.00,23.00,11.00,2,,,,,5.00,,,,,,,,,,,,,,,,,5,,,,2597.72,5.00,112.94,2.00,4,4,13,,,,,,,,,,,,11.00,4.00,12.00,1.00,40.00,3.00,3.00,2.00
1162.00,10,4.00,2,13,,,60.00,60.00,14,61.00,,12.00,1,1.00,,,,,,,,,,,,,,,,,1,,,,,,,,4329.53,6.00,,,5,5,1,2,3,4,6,,,,,,,,11.00,4.00,11.00,1.00,20.00,2.00,4.00,1.00
1163.00,2,2.00,3,,,,8.00,8.00,8,9.00,9.00,9.00,2,,2.00,,,,,,,,,,,,,,,,,2,,,,,,,3028.22,6.00,336.47,4.00,4,5,13,,,,,,,,,,,,11.00,4.00,97.00,1.00,30.00,3.00,2.00,2.00
1164.00,2,2.00,3,,,,7.00,7.00,7,8.00,8.00,8.00,2,1.00,,,,,,,,,,,,,,,,,1,,,,,,,,2329.40,5.00,291.18,3.00,4,4,13,,,,,,,,,,,,11.00,4.00,12.00,1.00,40.00,3.00,2.00,2.00
1165.00,5,4.00,3,,,,5.00,5.00,5,6.00,6.00,6.00,2,1.00,,,,,,,,,,,,,,,,,1,,,,,,,,5000.00,6.00,833.33,7.00,4,5,13,,,,,,,,,,,,11.00,4.00,4.00,1.00,40.00,3.00,4.00,2.00
1166.00,1,1.00,3,,,,9.00,9.00,9,10.00,10.00,10.00,2,,,,,,,,,,,,,13.00,,,,,,,,,,6,,,3030.67,6.00,303.07,4.00,4,5,13,,,,,,,,,,,,11.00,4.00,8.00,2.00,40.00,3.00,1.00,2.00
1167.00,12,4.00,3,,,,35.00,35.00,13,36.00,36.00,11.00,1,,2.00,,,,,,,,10.00,,,,14.00,15.00,,,,2,,,,6,7,,3000.00,5.00,83.33,1.00,5,5,13,,,,,,,,,,,,11.00,4.00,9.00,1.00,60.00,3.00,4.00,1.00
1168.00,4,4.00,3,,,,300.00,,14,301.00,,13.00,,,,,,,,,,,,11.00,,,,,,,,,,,,6,,,4329.53,6.00,,,5,5,1,2,3,4,13,,,,,,,,11.00,4.00,97.00,1.00,30.00,3.00,4.00,
1169.00,3,3.00,4,,,,310.00,,14,311.00,,13.00,,1.00,2.00,,,,,,,,,,,,,,,17.00,1,2,,,,,,8,7000.00,6.00,,,5,5,1,2,3,5,14,,,,,,,,11.00,4.00,97.00,1.00,20.00,4.00,3.00,
1170.00,1,1.00,3,,,,9.00,9.00,9,10.00,10.00,10.00,2,,,,,,,,,,10.00,,,,,,,,,,,,,6,,,4134.40,6.00,413.44,5.00,5,5,13,,,,,,,,,,,,11.00,4.00,11.00,2.00,30.00,3.00,1.00,2.00
1171.00,2,2.00,2,13,,,75.00,,14,76.00,,12.00,1,1.00,,,,,,,,,,,,13.00,,,,,1,,,,,6,,,1731.81,4.00,,,5,5,2,3,6,,,,,,,,,,11.00,4.00,97.00,2.00,20.00,2.00,2.00,1.00
1172.00,3,3.00,4,,,,270.00,,14,271.00,,13.00,,1.00,,3.00,4.00,,,,,,,,,,,,,,1,,3,4,,,,,3000.00,5.00,,,4,5,2,3,14,4,5,6,,,,,,,11.00,4.00,15.00,1.00,20.00,4.00,3.00,
1173.00,2,2.00,3,,,,120.00,,14,121.00,,13.00,1,1.00,,,,,,,,,,,,,,,,,1,,,,,,,,,98.00,,,4,2,1,3,13,,,,,,,,,,11.00,4.00,12.00,1.00,30.00,3.00,2.00,1.00
1174.00,3,3.00,2,13,6,4,180.00,,14,181.00,,13.00,1,1.00,2.00,,,,,,,,,,,,,,,17.00,1,2,,,,,,8,5195.43,6.00,,,5,5,2,3,4,7,,,,,,,,,11.00,4.00,9.00,2.00,20.00,2.00,3.00,1.00
1175.00,2,2.00,3,,,,300.00,,14,301.00,,13.00,,,2.00,,4.00,,,,,,,,,,,,,,,2,,4,,,,,6061.34,6.00,,,4,4,1,2,13,,,,,,,,,,11.00,4.00,17.00,2.00,20.00,3.00,2.00,
1176.00,2,2.00,3,,,,330.00,,14,331.00,,13.00,,,,3.00,,,6.00,,,,,,,,,,,,,,3,,5,,,,4494.00,6.00,,,4,3,10,13,,,,,,,,,,,11.00,4.00,6.00,1.00,30.00,3.00,2.00,
1177.00,10,4.00,3,,,,60.00,60.00,14,61.00,,12.00,1,,,,,,,,,,,11.00,,,,,,,,,,,,6,,,6000.00,6.00,,,4,5,13,,,,,,,,,,,,11.00,4.00,9.00,1.00,40.00,3.00,4.00,1.00
1178.00,3,3.00,2,13,,,80.00,,14,81.00,,12.00,1,1.00,2.00,,,,,,,,,,,,,,,,1,2,,,,,,,5000.00,6.00,,,5,5,16,,,,,,,,,,,,11.00,4.00,9.00,1.00,60.00,2.00,3.00,1.00
1179.00,2,2.00,1,13,,,79.00,,14,80.00,,12.00,1,1.00,,,,,,,,,,,,,,,,,1,,,,,,,,8000.00,6.00,,,5,5,1,3,4,5,6,12,,,,,,,11.00,4.00,9.00,1.00,60.00,1.00,2.00,1.00
1180.00,4,4.00,2,13,,,120.00,,14,121.00,,13.00,1,,,,,,,,,,,,,,,,16.00,,,,,,,,7,,3000.00,5.00,,,5,5,1,2,,,,,,,,,,,11.00,4.00,9.00,2.00,60.00,2.00,4.00,1.00
1181.00,1,1.00,4,,,,364.00,,14,365.00,,13.00,,1.00,2.00,3.00,4.00,,,,,,,,12.00,13.00,,,,,1,2,3,4,,6,,,9500.00,6.00,,,5,2,1,2,3,4,6,7,10,11,14,,,,11.00,4.00,17.00,2.00,20.00,4.00,1.00,
1182.00,10,4.00,3,,,,30.00,30.00,12,31.00,31.00,11.00,2,1.00,,,,,,,,,,,,,,,,,1,,,,,,,,4297.50,6.00,138.63,2.00,4,2,13,,,,,,,,,,,,11.00,4.00,1.00,1.00,40.00,3.00,4.00,2.00
1183.00,2,2.00,3,,,,60.00,60.00,14,61.00,,12.00,1,,,,,,6.00,,,,,,,,,,,,,,,,5,,,,5252.50,6.00,,,3,4,13,1,,,,,,,,,,,11.00,4.00,1.00,1.00,30.00,3.00,2.00,1.00
1184.00,2,2.00,4,,,,270.00,,14,271.00,,13.00,,1.00,2.00,,,,,,,,,,,,,,,,1,2,,,,,,,4200.00,6.00,,,5,3,1,2,6,10,14,,,,,,,,11.00,4.00,9.00,2.00,20.00,4.00,2.00,
1185.00,1,1.00,2,2,1,,300.00,,14,301.00,,13.00,,,2.00,3.00,,,,,,,,,,,,,,,,2,3,,,,,,,98.00,,,5,5,1,2,3,4,10,,,,,,,,11.00,4.00,2.00,2.00,20.00,2.00,1.00,
1186.00,1,1.00,4,,,,180.00,,14,181.00,,13.00,1,1.00,,,,,,,,,,,,,,,,,1,,,,,,,,7176.00,6.00,,,4,4,1,2,14,,,,,,,,,,11.00,4.00,2.00,2.00,20.00,4.00,1.00,1.00
1187.00,6,4.00,2,13,,,270.00,,14,271.00,,13.00,,1.00,,,,,,,,,,,,,,,,,1,,,,,,,,8226.11,6.00,,,4,4,1,3,,,,,,,,,,,11.00,4.00,2.00,2.00,30.00,2.00,4.00,
1188.00,10,4.00,2,11,,,120.00,,14,121.00,,13.00,1,1.00,,,,,,,,9.00,,,,,,,,,1,,,,,6,,,3737.50,6.00,,,4,4,2,11,10,3,1,,,,,,,,11.00,4.00,2.00,2.00,30.00,2.00,4.00,1.00
1189.00,10,4.00,4,,,,300.00,,14,301.00,,13.00,,,,,,,,,,,,,,,14.00,,,,,,,,,,7,,5195.43,6.00,,,5,5,1,2,14,,,,,,,,,,11.00,4.00,2.00,2.00,20.00,4.00,4.00,
1190.00,2,2.00,4,,,,90.00,,14,91.00,,13.00,1,1.00,,,4.00,,,,,,,,,,,,,,1,,,4,,,,,5830.50,6.00,,,4,4,1,2,3,8,4,5,6,7,11,14,,,11.00,4.00,2.00,2.00,20.00,4.00,2.00,1.00
1191.00,1,1.00,4,,,,120.00,,14,121.00,,13.00,1,,2.00,,,,,,,,,,,,,,,,,2,,,,,,,2597.72,5.00,,,4,4,1,2,14,,,,,,,,,,11.00,4.00,2.00,2.00,20.00,4.00,1.00,1.00
1192.00,10,4.00,3,,,,330.00,,14,331.00,,13.00,,1.00,,,4.00,,,,,,,,,,,,,,1,,,4,,,,,9957.92,6.00,,,5,5,1,2,3,6,10,12,13,,,,,,11.00,4.00,2.00,2.00,20.00,3.00,4.00,
1193.00,4,4.00,4,,,,364.00,,14,365.00,,13.00,,1.00,,,,,,,,,,,,,,,,,1,,,,,,,,,98.00,,,5,4,2,3,4,5,10,14,,,,,,,11.00,4.00,2.00,1.00,20.00,4.00,4.00,
1194.00,4,4.00,4,,,,120.00,,14,121.00,,13.00,1,1.00,,,,,,,,,,,,,,,,,1,,,,,,,,5980.00,6.00,,,5,5,2,11,14,6,4,3,,,,,,,11.00,4.00,2.00,2.00,20.00,4.00,4.00,1.00
1195.00,5,4.00,1,3,5,7,270.00,,14,271.00,,13.00,,1.00,,,,,,,,,,,,,,,,,1,,,,,,,,,98.00,,,5,5,1,2,3,4,5,6,,,,,,,11.00,4.00,2.00,2.00,20.00,1.00,4.00,
1196.00,1,1.00,2,5,3,,30.00,30.00,12,31.00,31.00,11.00,1,,,,4.00,,,,,,,,,,,,,,,,,4,,,,,2242.50,5.00,72.34,1.00,4,4,1,3,,,,,,,,,,,11.00,4.00,2.00,1.00,40.00,2.00,1.00,1.00
1197.00,3,3.00,2,13,,,330.00,,14,331.00,,13.00,,,,,,,6.00,,,,,,12.00,,,,,,,,,,5,6,,,5195.43,6.00,,,5,5,1,3,,,,,,,,,,,11.00,4.00,2.00,1.00,60.00,2.00,3.00,
1198.00,2,2.00,2,5,,,330.00,,14,331.00,,13.00,,1.00,,3.00,,,,,,,,,,,,,,,1,,3,,,,,,2597.72,5.00,,,4,4,1,2,,,,,,,,,,,11.00,4.00,2.00,2.00,20.00,2.00,2.00,
1199.00,4,4.00,4,,,,364.00,,14,365.00,,13.00,,1.00,,3.00,4.00,,,,,,,,,,,,,17.00,1,,3,4,,,,8,,98.00,,,4,4,1,2,3,6,7,10,11,14,,,,,11.00,4.00,2.00,2.00,20.00,4.00,4.00,
1200.00,8,4.00,4,,,,120.00,,14,121.00,,13.00,1,1.00,,,,,,,,,,,,,,,,,1,,,,,,,,6061.34,6.00,,,3,2,1,2,3,10,11,14,,,,,,,11.00,4.00,2.00,2.00,20.00,4.00,4.00,1.00
1201.00,4,4.00,4,,,,240.00,,14,241.00,,13.00,,1.00,,,,,,,,,,,,,,,,,1,,,,,,,,7793.15,6.00,,,5,5,5,6,14,1,3,2,,,,,,,11.00,4.00,2.00,2.00,20.00,4.00,4.00,
1202.00,2,2.00,4,,,,120.00,,14,121.00,,13.00,1,1.00,,,,,,,,,,,,,,,,,1,,,,,,,,7176.00,6.00,,,5,5,2,14,1,,,,,,,,,,11.00,4.00,2.00,1.00,20.00,4.00,2.00,1.00
1203.00,2,2.00,4,,,,270.00,,14,271.00,,13.00,,1.00,,,,,,,,,,,,,,,,,1,,,,,,,,5195.43,6.00,,,4,3,1,2,3,11,7,8,9,10,12,14,,,11.00,4.00,2.00,1.00,20.00,4.00,2.00,
1204.00,1,1.00,3,,,,39.00,39.00,13,40.00,40.00,11.00,2,,,,,,,,,,,,,,,15.00,,,,,,,,,7,,3463.62,6.00,86.59,1.00,5,4,13,1,,,,,,,,,,,11.00,4.00,2.00,1.00,30.00,3.00,1.00,2.00
1205.00,2,2.00,3,,,,44.00,44.00,13,45.00,45.00,11.00,1,1.00,,,,,,,,,,,,13.00,,,,,1,,,,,6,,,5195.43,6.00,115.45,2.00,4,5,2,1,3,13,,,,,,,,,11.00,4.00,2.00,1.00,30.00,3.00,2.00,1.00
1206.00,1,1.00,2,13,,,270.00,,14,271.00,,13.00,,,,,,,,,,,10.00,,,,,,,,,,,,,6,,,2597.72,5.00,,,5,5,1,3,,,,,,,,,,,11.00,4.00,2.00,1.00,50.00,2.00,1.00,
1207.00,5,4.00,2,2,1,4,300.00,,14,301.00,,13.00,,,,,,,,,,9.00,,,,,,,,,,,,,,6,,,9092.01,6.00,,,4,4,1,2,3,4,,,,,,,,,11.00,4.00,2.00,1.00,20.00,2.00,4.00,
1208.00,2,2.00,3,,,,21.00,21.00,12,22.00,22.00,11.00,2,1.00,,,,,,,,,,,,,,,,,1,,,,,,,,4658.80,6.00,211.76,3.00,5,5,13,,,,,,,,,,,,11.00,4.00,12.00,1.00,30.00,3.00,2.00,2.00
1209.00,4,4.00,3,,,,40.00,40.00,13,41.00,41.00,11.00,2,,2.00,,,,,,,,,,,,,,,,,2,,,,,,,5823.50,6.00,142.04,2.00,3,4,13,3,4,,,,,,,,,,11.00,4.00,97.00,1.00,30.00,3.00,4.00,2.00
1210.00,10,4.00,3,,,,14.00,14.00,11,15.00,15.00,11.00,2,1.00,,,,,,7.00,,,,,,,,,,,1,,,,5,,,,3463.62,6.00,230.91,3.00,5,5,13,,,,,,,,,,,,11.00,4.00,15.00,1.00,50.00,3.00,4.00,2.00
1211.00,6,4.00,3,,,,249.00,,14,250.00,,13.00,,1.00,2.00,3.00,,,,,,,,,,,,,,,1,2,3,,,,,,2597.72,5.00,,,5,5,2,13,10,,,,,,,,,,11.00,4.00,15.00,1.00,50.00,3.00,4.00,
1212.00,2,2.00,4,,,,180.00,,14,181.00,,13.00,1,1.00,,,,,,,,,,,,,,,,,1,,,,,,,,5714.98,6.00,,,4,5,14,,,,,,,,,,,,11.00,4.00,2.00,1.00,20.00,4.00,2.00,1.00
1213.00,6,4.00,4,,,,60.00,60.00,14,61.00,,12.00,1,1.00,,,,,,,,,,,,,,,,,1,,,,,,,,3737.50,6.00,,,5,5,14,,,,,,,,,,,,11.00,4.00,2.00,2.00,20.00,4.00,4.00,1.00
1214.00,1,1.00,3,,,,90.00,,14,91.00,,13.00,2,,,3.00,,,,,,,,,,,,,,,,,3,,,,,,5980.00,6.00,,,5,5,13,,,,,,,,,,,,11.00,4.00,2.00,1.00,40.00,3.00,1.00,2.00
1215.00,8,4.00,4,,,,80.00,,14,81.00,,12.00,1,1.00,,,,,,,,,,,,,,,,,1,,,,,,,,3030.67,6.00,,,5,4,2,14,,,,,,,,,,,11.00,4.00,2.00,2.00,30.00,4.00,4.00,1.00
1216.00,1,1.00,2,13,,,300.00,,14,301.00,,13.00,,1.00,2.00,3.00,4.00,,,,,,,,,,,,,,1,2,3,4,,,,,1731.81,4.00,,,5,5,1,2,3,4,6,10,12,,,,,,11.00,4.00,2.00,2.00,20.00,2.00,1.00,
1217.00,20,4.00,3,,,,30.00,30.00,12,31.00,31.00,11.00,2,1.00,2.00,,,,,,,,,,,,,,,,1,2,,,,,,,2929.20,5.00,94.49,1.00,5,5,2,13,,,,,,,,,,,11.00,4.00,4.00,1.00,50.00,3.00,4.00,2.00
1218.00,3,3.00,2,13,,,290.00,,14,291.00,,13.00,,1.00,2.00,,,,,,,,,,,,,,,,1,2,,,,,,,10000.00,6.00,,,5,5,2,3,4,5,12,,,,,,,,11.00,4.00,9.00,1.00,30.00,2.00,3.00,
1219.00,2,2.00,1,11,,,60.00,60.00,14,61.00,,12.00,1,1.00,,,,,,,,,,,,,,,,,1,,,,,,,,4522.00,6.00,,,5,5,2,11,,,,,,,,,,,11.00,4.00,11.00,2.00,20.00,1.00,2.00,1.00
1220.00,4,4.00,3,,,,6.00,6.00,6,7.00,7.00,7.00,2,,,3.00,,,,,,,,,,,,,,,,,3,,,,,,4658.80,6.00,665.54,6.00,4,5,13,,,,,,,,,,,,11.00,4.00,97.00,1.00,40.00,3.00,4.00,2.00
1221.00,2,2.00,3,,,,330.00,,14,331.00,,13.00,,,,,,,,,,,,,,13.00,,,,,,,,,,6,,,3030.67,6.00,,,5,5,1,2,3,13,,,,,,,,,11.00,4.00,15.00,1.00,20.00,3.00,2.00,
1222.00,2,2.00,3,,,,49.00,49.00,13,50.00,50.00,11.00,1,1.00,,,,,,,,,,11.00,,13.00,,,,,1,,,,,6,,,3488.40,6.00,69.77,1.00,4,3,13,,,,,,,,,,,,11.00,4.00,11.00,1.00,50.00,3.00,2.00,1.00
1223.00,3,3.00,3,,,,90.00,,14,91.00,,13.00,1,,,,,,,,,,,,,,,15.00,,,,,,,,,7,,5332.00,6.00,,,3,2,13,,,,,,,,,,,,11.00,4.00,14.00,1.00,30.00,3.00,3.00,1.00
1224.00,2,2.00,2,13,,,300.00,,14,301.00,,13.00,,1.00,2.00,,4.00,,,,,,,,,,,,,,1,2,,4,,,,,6200.00,6.00,,,5,5,2,3,10,11,,,,,,,,,11.00,4.00,14.00,2.00,20.00,2.00,2.00,
1225.00,10,4.00,3,,,,80.00,,14,81.00,,12.00,1,1.00,,,,,,,,,,,,,,,,,1,,,,,,,,5730.00,6.00,,,4,4,13,1,2,,,,,,,,,,11.00,4.00,1.00,1.00,40.00,3.00,4.00,1.00
1226.00,8,4.00,3,,,,59.00,59.00,13,60.00,60.00,11.00,1,,,,,,6.00,,,,,,,,,,,,,,,,5,,,,5252.50,6.00,87.54,1.00,3,3,13,,,,,,,,,,,,11.00,4.00,1.00,1.00,50.00,3.00,4.00,1.00
1227.00,5,4.00,3,,,,45.00,45.00,13,46.00,46.00,11.00,1,,,,,,,,8.00,,,,,,,,,,,,,,5,,,,4584.00,6.00,99.65,1.00,4,4,13,2,,,,,,,,,,,11.00,4.00,1.00,1.00,40.00,3.00,4.00,1.00
1228.00,2,2.00,3,,,,90.00,,14,91.00,,13.00,1,,,,,,,,,,,,,,,15.00,,,,,,,,,7,,2480.00,5.00,,,4,4,13,,,,,,,,,,,,11.00,4.00,14.00,1.00,40.00,3.00,2.00,1.00
1229.00,2,2.00,3,,,,32.00,32.00,13,33.00,33.00,11.00,1,,,,,,,,,,,11.00,,,,,,,,,,,,6,,,3629.00,6.00,109.97,2.00,4,4,13,2,,,,,,,,,,,11.00,4.00,1.00,1.00,30.00,3.00,2.00,1.00
1230.00,1,1.00,3,,,,60.00,60.00,14,61.00,,12.00,2,1.00,,,,,,,,,,,,13.00,,,,,1,,,,,6,,,5823.50,6.00,,,5,5,13,1,,,,,,,,,,,11.00,4.00,12.00,1.00,60.00,3.00,1.00,2.00
1231.00,1,1.00,4,,,,79.00,,14,80.00,,12.00,1,,,,,5.00,,,,,,,,,,,,,,,,,5,,,,6000.00,6.00,,,5,3,3,6,14,,,,,,,,,,11.00,4.00,12.00,2.00,20.00,4.00,1.00,1.00
1232.00,1,1.00,4,,,,364.00,,14,365.00,,13.00,,1.00,,3.00,,,,,,,,,,,,,,17.00,1,,3,,,,,8,,98.00,,,5,4,1,2,3,4,5,6,7,8,9,10,11,14,11.00,4.00,97.00,1.00,30.00,4.00,1.00,
1233.00,6,4.00,3,,,,1.00,1.00,1,2.00,2.00,2.00,2,,,,,,,7.00,,,,,,,,,,,,,,,5,,,,3494.10,6.00,1747.05,8.00,5,5,13,1,,,,,,,,,,,11.00,4.00,12.00,1.00,60.00,3.00,4.00,2.00
1234.00,1,1.00,3,,,,364.00,,14,365.00,,13.00,,,,3.00,,,,,,,,,,,,,,17.00,,,3,,,,,8,5195.43,6.00,,,5,4,2,1,13,3,,,,,,,,,11.00,4.00,2.00,2.00,40.00,3.00,1.00,
1235.00,10,4.00,3,,,,364.00,,14,365.00,,13.00,,1.00,,,,,,,,,,,,,,,,,1,,,,,,,,,98.00,,,5,5,1,3,2,13,,,,,,,,,11.00,4.00,2.00,1.00,40.00,3.00,4.00,
1236.00,2,2.00,2,5,,,270.00,,14,271.00,,13.00,,,2.00,,,,,,,,,,,,,,,,,2,,,,,,,2597.72,5.00,,,5,4,1,3,,,,,,,,,,,11.00,4.00,2.00,1.00,60.00,2.00,2.00,
1237.00,10,4.00,3,,,,330.00,,14,331.00,,13.00,,,2.00,,,,,,,,,,,,,,,,,2,,,,,,,8659.06,6.00,,,5,5,1,13,11,,,,,,,,,,11.00,4.00,2.00,1.00,40.00,3.00,4.00,
1238.00,5,4.00,2,1,2,,300.00,,14,301.00,,13.00,,1.00,,,,,,,,,,,,,,,,,1,,,,,,,,9524.96,6.00,,,5,5,1,2,,,,,,,,,,,11.00,4.00,2.00,2.00,30.00,2.00,4.00,
1239.00,4,4.00,2,2,1,,270.00,,14,271.00,,13.00,,,2.00,,,,,,,,,,,,,,,,,2,,,,,,,5980.00,6.00,,,4,5,2,3,1,,,,,,,,,,11.00,4.00,2.00,2.00,50.00,2.00,4.00,
1240.00,5,4.00,4,,,,270.00,,14,271.00,,13.00,,1.00,,,,,,,,,,,,13.00,,,,17.00,1,,,,,6,,8,8226.11,6.00,,,4,4,1,2,3,5,9,10,11,12,13,14,,,11.00,4.00,2.00,1.00,20.00,4.00,4.00,
1241.00,1,1.00,3,,,,60.00,60.00,14,61.00,,12.00,1,1.00,,,,,,,,,,,,,,,,,1,,,,,,,,2597.72,5.00,,,4,4,2,4,10,,,,,,,,,,11.00,4.00,97.00,2.00,20.00,3.00,1.00,1.00
1242.00,10,4.00,3,,,,7.00,7.00,7,8.00,8.00,8.00,2,,,,,,6.00,,,,,,,,,,,,,,,,5,,,,,98.00,,,5,5,13,,,,,,,,,,,,11.00,4.00,12.00,1.00,50.00,3.00,4.00,2.00
1243.00,1,1.00,3,,,,60.00,60.00,14,61.00,,12.00,2,1.00,,,,,,,,,,,,13.00,,,,,1,,,,,6,,,6988.20,6.00,,,5,5,13,,,,,,,,,,,,11.00,4.00,12.00,1.00,30.00,3.00,1.00,2.00
1244.00,5,4.00,3,,,,30.00,30.00,12,31.00,31.00,11.00,2,,,,,,,7.00,,,,,,,,,,,,,,,5,,,,4076.45,6.00,131.50,2.00,5,5,13,3,,,,,,,,,,,11.00,4.00,12.00,1.00,60.00,3.00,4.00,2.00
1245.00,1,1.00,4,,,,280.00,,14,281.00,,13.00,,1.00,,,,,,,,9.00,,,,13.00,,15.00,,17.00,1,,,,,6,7,8,,98.00,,,4,5,2,3,4,5,14,,,,,,,,11.00,4.00,12.00,1.00,20.00,4.00,1.00,
1246.00,1,1.00,4,,,,300.00,,14,301.00,,13.00,,1.00,,,,,,,,,,,,,,,,,1,,,,,,,,6988.20,6.00,,,4,5,2,3,5,6,14,,,,,,,,11.00,4.00,12.00,1.00,20.00,4.00,1.00,
1247.00,8,4.00,3,,,,7.00,7.00,7,8.00,8.00,8.00,2,,,,,,,,,,10.00,,,,,,,,,,,,,6,,,4658.80,6.00,582.35,6.00,5,5,13,,,,,,,,,,,,11.00,4.00,12.00,1.00,30.00,3.00,4.00,2.00
1248.00,12,4.00,3,,,,13.00,13.00,11,14.00,14.00,11.00,2,,,,,,,,,9.00,,,,,,,,,,,,,,6,,,3494.10,6.00,249.58,3.00,4,4,13,,,,,,,,,,,,11.00,4.00,12.00,1.00,50.00,3.00,4.00,2.00
1249.00,2,2.00,1,13,10,,270.00,,14,271.00,,13.00,,,,,,,,,,,,,12.00,13.00,,,,,,,,,,6,,,4000.00,6.00,,,5,5,3,4,12,,,,,,,,,,11.00,4.00,9.00,2.00,20.00,1.00,2.00,
1250.00,4,4.00,3,,,,45.00,45.00,13,46.00,46.00,11.00,1,,,,,,,,,9.00,,11.00,,,,,,,,,,,,6,,,10000.00,6.00,217.39,3.00,5,5,2,3,13,,,,,,,,,,11.00,4.00,7.00,1.00,40.00,3.00,4.00,1.00
1251.00,3,3.00,3,,,,350.00,,14,351.00,,13.00,,1.00,,,,,,,,,,,,13.00,,,,,1,,,,,6,,,5195.43,6.00,,,4,4,1,2,3,4,10,,,,,,,,11.00,4.00,14.00,2.00,20.00,3.00,3.00,
1252.00,2,2.00,3,,,,64.00,,14,65.00,,12.00,1,1.00,2.00,,,,,,,,,,,,,,,,1,2,,,,,,,7000.00,6.00,,,4,5,2,13,,,,,,,,,,,11.00,4.00,9.00,1.00,40.00,3.00,2.00,1.00
1253.00,1,1.00,3,,,,75.00,,14,76.00,,12.00,1,,2.00,,,,,,,,,,,,,,,,,2,,,,,,,5500.00,6.00,,,3,5,1,13,,,,,,,,,,,11.00,4.00,9.00,1.00,50.00,3.00,1.00,1.00
1254.00,1,1.00,2,13,,,90.00,,14,91.00,,13.00,1,1.00,,,,,,,,,,11.00,,13.00,,,,,1,,,,,6,,,4000.00,6.00,,,5,5,2,3,4,12,,,,,,,,,11.00,4.00,9.00,1.00,30.00,2.00,1.00,1.00
1255.00,4,4.00,3,,,,180.00,,14,181.00,,13.00,1,,,,4.00,,,,,,,,,,,,,,,,,4,,,,,6927.25,6.00,,,4,4,13,,,,,,,,,,,,11.00,4.00,97.00,1.00,40.00,3.00,4.00,1.00
1256.00,2,2.00,3,,,,300.00,,14,301.00,,13.00,,1.00,,,,,,,,,10.00,,,,,,,,1,,,,,6,,,6500.00,6.00,,,5,5,13,2,10,,,,,,,,,,11.00,4.00,97.00,1.00,20.00,3.00,2.00,
1257.00,3,3.00,3,,,,14.00,14.00,11,15.00,15.00,11.00,2,1.00,,,,,,,,,,,,,,,,,1,,,,,,,,3000.00,5.00,200.00,2.00,1,1,13,,,,,,,,,,,,11.00,4.00,15.00,1.00,50.00,3.00,3.00,2.00
1258.00,2,2.00,3,,,,364.00,,14,365.00,,13.00,,,,,,,,,,9.00,,,,,,,,,,,,,,6,,,,98.00,,,5,3,13,10,2,,,,,,,,,,11.00,4.00,97.00,1.00,40.00,3.00,2.00,
1259.00,5,4.00,3,,,,65.00,,14,66.00,,12.00,1,,,,,,,,,,,,,,,15.00,,,,,,,,,7,,4690.00,6.00,,,4,4,13,,,,,,,,,,,,11.00,4.00,16.00,1.00,40.00,3.00,4.00,1.00
1260.00,1,1.00,3,,,,240.00,,14,241.00,,13.00,,1.00,,,,,,,,,,,,,,,,,1,,,,,,,,5000.00,6.00,,,4,2,13,2,,,,,,,,,,,11.00,4.00,97.00,1.00,30.00,3.00,1.00,
1261.00,3,3.00,3,,,,60.00,60.00,14,61.00,,12.00,1,1.00,2.00,,,,,,,,,,,,,,,,1,2,,,,,,,0.00,1.00,,,5,5,13,,,,,,,,,,,,11.00,4.00,16.00,1.00,30.00,3.00,3.00,1.00
1262.00,3,3.00,3,,,,40.00,40.00,13,41.00,41.00,11.00,1,,2.00,3.00,,,,,,,,,,,,,,,,2,3,,,,,,5921.00,6.00,144.41,2.00,5,5,13,2,,,,,,,,,,,11.00,4.00,1.00,1.00,30.00,3.00,3.00,1.00
1263.00,10,4.00,3,,,,60.00,60.00,14,61.00,,12.00,1,,,,,,,,,,,,,,14.00,,,,,,,,,,7,,4297.50,6.00,,,3,3,13,,,,,,,,,,,,11.00,4.00,1.00,1.00,50.00,3.00,4.00,1.00
1264.00,2,2.00,3,,,,25.00,25.00,12,26.00,26.00,11.00,2,,,,,,,,8.00,,,,,,,,,,,,,,5,,,,3000.00,5.00,115.38,2.00,4,3,13,2,,,,,,,,,,,11.00,4.00,97.00,1.00,30.00,3.00,2.00,2.00
1265.00,2,2.00,4,,,,364.00,,14,365.00,,13.00,,1.00,2.00,3.00,,,,,,,,,,13.00,,,,17.00,1,2,3,,,6,,8,,98.00,,,5,3,1,2,3,4,6,9,10,11,14,,,,11.00,4.00,9.00,2.00,20.00,4.00,2.00,
1266.00,4,4.00,3,,,,300.00,,14,301.00,,13.00,,1.00,2.00,,,,,,,,,,,,,,,,1,2,,,,,,,,98.00,,,5,5,13,2,,,,,,,,,,,11.00,4.00,9.00,1.00,40.00,3.00,4.00,
1267.00,5,4.00,2,13,,,100.00,,14,101.00,,13.00,1,,,,,,,,,9.00,,,,,,,,,,,,,,6,,,4800.00,6.00,,,5,5,1,2,3,10,11,,,,,,,,11.00,4.00,9.00,2.00,30.00,2.00,4.00,1.00
1268.00,4,4.00,2,13,,,90.00,,14,91.00,,13.00,1,,,,,5.00,,,,,,,,,,,,,,,,,5,,,,5000.00,6.00,,,5,5,1,2,,,,,,,,,,,11.00,4.00,9.00,2.00,50.00,2.00,4.00,1.00
1269.00,2,2.00,4,,,,240.00,,14,241.00,,13.00,,1.00,,,,,,,,,,,,13.00,,,,17.00,1,,,,,6,,8,,98.00,,,5,5,2,3,4,5,6,7,10,14,,,,,11.00,4.00,13.00,2.00,20.00,4.00,2.00,
1270.00,1,1.00,1,4,10,1,60.00,60.00,14,61.00,,12.00,1,1.00,,,,,,,,,,,,,,,,,1,,,,,,,,4000.00,6.00,,,5,4,2,3,4,6,10,,,,,,,,11.00,4.00,9.00,1.00,20.00,1.00,1.00,1.00
1271.00,2,2.00,3,,,,90.00,,14,91.00,,13.00,1,1.00,,,,,,,,,,,,,,,,,1,,,,,,,,10000.00,6.00,,,4,4,2,3,4,6,11,13,,,,,,,11.00,4.00,9.00,2.00,20.00,3.00,2.00,1.00
1272.00,4,4.00,3,,,,35.00,35.00,13,36.00,36.00,11.00,1,,2.00,,,,,,,,,,,,,,,,,2,,,,,,,5823.50,6.00,161.76,2.00,4,3,13,,,,,,,,,,,,11.00,4.00,97.00,1.00,30.00,3.00,4.00,1.00
1273.00,1,1.00,3,,,,30.00,30.00,12,31.00,31.00,11.00,1,,2.00,,,,,,,,,,,,,15.00,,,,2,,,,,7,,5500.00,6.00,177.42,2.00,5,5,1,10,13,,,,,,,,,,11.00,4.00,9.00,2.00,50.00,3.00,1.00,1.00
1274.00,1,1.00,3,,,,10.00,10.00,10,11.00,11.00,11.00,2,1.00,,,,,,,,,,,,,,,,,1,,,,,,,,4800.00,6.00,436.36,5.00,5,5,13,,,,,,,,,,,,11.00,4.00,9.00,1.00,50.00,3.00,1.00,2.00
1275.00,1,1.00,3,,,,30.00,30.00,12,31.00,31.00,11.00,1,1.00,2.00,,,,,,,,,,,,,15.00,,,1,2,,,,,7,,7000.00,6.00,225.81,3.00,4,4,1,2,13,,,,,,,,,,11.00,4.00,9.00,1.00,40.00,3.00,1.00,1.00
1276.00,1,1.00,3,,,,35.00,35.00,13,36.00,36.00,11.00,1,1.00,,,,,,,,,,,,,,15.00,,,1,,,,,,7,,5000.00,6.00,138.89,2.00,5,3,13,,,,,,,,,,,,11.00,4.00,9.00,2.00,30.00,3.00,1.00,1.00
1277.00,3,3.00,2,13,,,60.00,60.00,14,61.00,,12.00,1,1.00,2.00,,,5.00,,,,,,,,,,,,,1,2,,,5,,,,4000.00,6.00,,,5,5,1,2,3,,,,,,,,,,11.00,4.00,9.00,2.00,50.00,2.00,3.00,1.00
1278.00,1,1.00,3,,,,35.00,35.00,13,36.00,36.00,11.00,1,,,,,,,,,,,,,,,15.00,,,,,,,,,7,,5000.00,6.00,138.89,2.00,5,5,13,,,,,,,,,,,,11.00,4.00,9.00,2.00,30.00,3.00,1.00,1.00
1279.00,1,1.00,3,,,,60.00,60.00,14,61.00,,12.00,1,,,,4.00,,,,,9.00,,,,,,,,,,,,4,,6,,,8152.90,6.00,,,4,3,13,,,,,,,,,,,,11.00,4.00,97.00,1.00,50.00,3.00,1.00,1.00
1280.00,1,1.00,3,,,,10.00,10.00,10,11.00,11.00,11.00,2,1.00,,,,,,,,,,,,,,,,,1,,,,,,,,5000.00,6.00,454.55,5.00,5,4,13,,,,,,,,,,,,11.00,4.00,15.00,2.00,40.00,3.00,1.00,2.00
1281.00,4,4.00,2,13,,,70.00,,14,71.00,,12.00,1,1.00,,,4.00,,,,,9.00,,,,,,,,,1,,,4,,6,,,2597.72,5.00,,,5,5,1,2,3,4,5,6,,,,,,,11.00,4.00,97.00,1.00,30.00,2.00,4.00,1.00
1282.00,2,2.00,3,,,,330.00,,14,331.00,,13.00,,1.00,,,,,,,,,,,,13.00,,,,,1,,,,,6,,,4500.00,6.00,,,4,5,2,3,4,13,,,,,,,,,11.00,4.00,7.00,1.00,20.00,3.00,2.00,
1283.00,2,2.00,3,,,,340.00,,14,341.00,,13.00,,1.00,,,,,,,,,,,,,,,,,1,,,,,,,,2597.72,5.00,,,5,5,2,3,4,13,,,,,,,,,11.00,4.00,97.00,1.00,20.00,3.00,2.00,
1284.00,1,1.00,4,,,,90.00,,14,91.00,,13.00,1,1.00,,,,,,,,,,,,,,,,,1,,,,,,,,3382.65,6.00,,,5,5,2,5,10,4,14,15,,,,,,,11.00,4.00,10.00,2.00,20.00,4.00,1.00,1.00
1285.00,2,2.00,4,,,,300.00,,14,301.00,,13.00,,1.00,,3.00,,,,,,,,,,,,,,,1,,3,,,,,,3030.67,6.00,,,4,4,1,2,3,4,8,10,14,,,,,,11.00,4.00,2.00,1.00,20.00,4.00,2.00,
1286.00,2,2.00,4,,,,364.00,,14,365.00,,13.00,,1.00,2.00,,,,,,,,,,,13.00,,,,,1,2,,,,6,,,,98.00,,,4,2,1,2,3,10,11,14,,,,,,,11.00,4.00,2.00,2.00,20.00,4.00,2.00,
1287.00,1,1.00,4,,,,270.00,,14,271.00,,13.00,,1.00,2.00,,4.00,,,,,,,,12.00,,,,,,1,2,,4,,6,,,7400.25,6.00,,,4,4,1,2,3,4,6,10,14,,,,,,11.00,4.00,2.00,2.00,20.00,4.00,1.00,
1288.00,10,4.00,3,,,,120.00,,14,121.00,,13.00,1,,,,,,,7.00,,,,,,,,,,,,,,,5,,,,9717.50,6.00,,,3,3,13,2,,,,,,,,,,,11.00,4.00,2.00,1.00,40.00,3.00,4.00,1.00
1289.00,4,4.00,2,13,,,120.00,,14,121.00,,13.00,1,,,,,,6.00,,,,,,,,,,,,,,,,5,,,,3500.00,6.00,,,5,5,2,,,,,,,,,,,,11.00,4.00,9.00,2.00,60.00,2.00,4.00,1.00
1290.00,1,1.00,4,,,,300.00,,14,301.00,,13.00,,1.00,2.00,,,,,,,,,,,,,,,,1,2,,,,,,,,98.00,,,4,2,1,2,3,10,14,,,,,,,,11.00,4.00,5.00,1.00,20.00,4.00,1.00,
1291.00,2,2.00,4,,,,270.00,,14,271.00,,13.00,,1.00,2.00,,,,,,,,,11.00,,,,15.00,,,1,2,,,,6,7,,7100.43,6.00,,,5,4,1,2,3,7,10,14,,,,,,,11.00,4.00,2.00,2.00,20.00,4.00,2.00,
1292.00,1,1.00,3,,,,48.00,48.00,13,49.00,49.00,11.00,1,,,,,,6.00,,,,,,,,,,,,,,,,5,,,,4600.00,6.00,93.88,1.00,5,5,13,2,1,,,,,,,,,,11.00,4.00,97.00,1.00,40.00,3.00,1.00,1.00
1293.00,2,2.00,3,,,,60.00,60.00,14,61.00,,12.00,2,1.00,,,,,,,,,,,,,,,,,1,,,,,,,,7000.00,6.00,,,5,5,13,,,,,,,,,,,,11.00,4.00,15.00,2.00,30.00,3.00,2.00,2.00
1294.00,4,4.00,3,,,,14.00,14.00,11,15.00,15.00,11.00,2,1.00,,,,,,,,,,,,,,,,,1,,,,,,,,2900.00,5.00,193.33,2.00,4,4,13,,,,,,,,,,,,11.00,4.00,97.00,1.00,60.00,3.00,4.00,2.00
1295.00,4,4.00,3,,,,90.00,,14,91.00,,13.00,1,,,,,,,,,,,,,,14.00,,,,,,,,,,7,,9000.00,6.00,,,5,5,13,2,,,,,,,,,,,11.00,4.00,97.00,1.00,40.00,3.00,4.00,1.00
1296.00,1,1.00,4,,,,364.00,,14,365.00,,13.00,,1.00,2.00,,,,,,,,10.00,,12.00,13.00,,,,,1,2,,,,6,,,,98.00,,,5,5,1,2,3,4,7,6,10,11,14,,,,11.00,4.00,97.00,2.00,20.00,4.00,1.00,
1297.00,1,1.00,3,,,,14.00,14.00,11,15.00,15.00,11.00,2,,,,,,,,,,,,,,,15.00,,,,,,,,,7,,4400.00,6.00,293.33,3.00,4,4,13,,,,,,,,,,,,11.00,4.00,9.00,1.00,40.00,3.00,1.00,2.00
1298.00,3,3.00,3,,,,42.00,42.00,13,43.00,43.00,11.00,1,,2.00,,,,,,,,,,,,,,,,,2,,,,,,,7500.00,6.00,174.42,2.00,5,3,1,13,,,,,,,,,,,11.00,4.00,9.00,1.00,40.00,3.00,3.00,1.00
1299.00,12,4.00,3,,,,35.00,35.00,13,36.00,36.00,11.00,1,1.00,,,,,,,,,,,,13.00,,,,,1,,,,,6,,,7000.00,6.00,194.44,2.00,4,3,13,,,,,,,,,,,,11.00,4.00,9.00,1.00,50.00,3.00,4.00,1.00
1300.00,1,1.00,3,,,,35.00,35.00,13,36.00,36.00,11.00,1,,2.00,,,,,,,,,,,,,,,,,2,,,,,,,6000.00,6.00,166.67,2.00,5,5,13,,,,,,,,,,,,11.00,4.00,9.00,1.00,30.00,3.00,1.00,1.00
1301.00,4,4.00,2,13,,,300.00,,14,301.00,,13.00,,1.00,2.00,,,,,,,,10.00,,,13.00,,,,17.00,1,2,,,,6,,8,,98.00,,,5,5,2,3,4,7,12,,,,,,,,11.00,4.00,9.00,2.00,20.00,2.00,4.00,
1302.00,4,4.00,2,13,,,300.00,,14,301.00,,13.00,,1.00,,,,,,,,,,,,,,,,,1,,,,,,,,5195.43,6.00,,,4,4,1,3,,,,,,,,,,,11.00,4.00,2.00,1.00,60.00,2.00,4.00,
1303.00,5,4.00,2,13,,,330.00,,14,331.00,,13.00,,,2.00,,,,,,,,,,,,,,,,,2,,,,,,,6061.34,6.00,,,4,3,1,3,,,,,,,,,,,11.00,4.00,2.00,2.00,60.00,2.00,4.00,
1304.00,10,4.00,3,,,,330.00,,14,331.00,,13.00,,1.00,,,,,,,,,,,,,,,,,1,,,,,,,,9524.96,6.00,,,4,4,13,1,2,,,,,,,,,,11.00,4.00,2.00,1.00,40.00,3.00,4.00,
1305.00,1,1.00,4,,,,60.00,60.00,14,61.00,,12.00,1,,2.00,,,,,7.00,,,,,,,,,,,,2,,,5,,,,2990.00,5.00,,,4,4,14,1,,,,,,,,,,,11.00,4.00,2.00,2.00,20.00,4.00,1.00,1.00
1306.00,6,4.00,2,5,1,2,270.00,,14,271.00,,13.00,,,,,,,,,,,,,,13.00,,,,,,,,,,6,,,1943.50,4.00,,,4,3,1,2,3,12,,,,,,,,,11.00,4.00,2.00,2.00,30.00,2.00,4.00,
1307.00,4,4.00,2,2,1,5,300.00,,14,301.00,,13.00,,1.00,2.00,,,,,,,,,,,,,,,,1,2,,,,,,,3588.00,6.00,,,5,4,1,2,12,3,11,,,,,,,,11.00,4.00,2.00,2.00,50.00,2.00,4.00,
1308.00,4,4.00,4,,,,90.00,,14,91.00,,13.00,1,1.00,,3.00,,,,,,,,,,,,,,,1,,3,,,,,,3463.62,6.00,,,5,5,1,2,14,,,,,,,,,,11.00,4.00,2.00,2.00,20.00,4.00,4.00,1.00
1309.00,9,4.00,3,,,,20.00,20.00,11,21.00,21.00,11.00,1,1.00,,,,,,,,,,,,,,,,,1,,,,,,,,1298.86,3.00,61.85,1.00,3,3,1,2,,,,,,,,,,,11.00,4.00,2.00,2.00,60.00,3.00,4.00,1.00
1310.00,10,4.00,3,,,,180.00,,14,181.00,,13.00,1,1.00,2.00,,,,,,,,,,,,,,,,1,2,,,,,,,,98.00,,,4,4,11,1,2,,,,,,,,,,11.00,4.00,2.00,1.00,30.00,3.00,4.00,1.00
1311.00,5,4.00,2,2,1,,39.00,39.00,13,40.00,40.00,11.00,1,1.00,2.00,,,,,,,,,,,,,,,,1,2,,,,,,,1495.00,3.00,37.38,1.00,4,4,1,2,,,,,,,,,,,11.00,4.00,2.00,1.00,20.00,2.00,4.00,1.00
1312.00,1,1.00,4,,,,150.00,,14,151.00,,13.00,1,1.00,,,,,,,,,,,,,,,,17.00,1,,,,,,,8,,98.00,,,5,5,1,2,3,4,5,14,,,,,,,11.00,4.00,2.00,1.00,20.00,4.00,1.00,1.00
1313.00,2,2.00,2,13,,,270.00,,14,271.00,,13.00,,,,,,5.00,,,,,,,,,,,,,,,,,5,,,,2597.72,5.00,,,4,4,1,,,,,,,,,,,,11.00,4.00,2.00,1.00,20.00,2.00,2.00,
1314.00,5,4.00,4,,,,270.00,,14,271.00,,13.00,,,2.00,,,,,,,,,,,,,,,,,2,,,,,,,,98.00,,,4,4,13,1,2,,,,,,,,,,11.00,4.00,2.00,1.00,30.00,4.00,4.00,
1315.00,3,3.00,2,13,,,300.00,,14,301.00,,13.00,,1.00,,,,,,,,,,,,,,,,,1,,,,,,,,5628.39,6.00,,,4,4,1,2,3,,,,,,,,,,11.00,4.00,2.00,1.00,20.00,2.00,3.00,
1316.00,10,4.00,3,,,,180.00,,14,181.00,,13.00,1,1.00,,,,,,,,,,,,,,,,,1,,,,,,,,5195.43,6.00,,,5,5,1,2,,,,,,,,,,,11.00,4.00,2.00,1.00,40.00,3.00,4.00,1.00
1317.00,6,4.00,2,5,,,300.00,,14,301.00,,13.00,,,2.00,,,,,,,,,,,,,,,,,2,,,,,,,3463.62,6.00,,,5,5,1,,,,,,,,,,,,11.00,4.00,2.00,2.00,60.00,2.00,4.00,
1318.00,2,2.00,4,,,,180.00,,14,181.00,,13.00,1,1.00,2.00,,,,,,,,,,,,,,,,1,2,,,,,,,8659.06,6.00,,,4,4,1,2,3,4,14,,,,,,,,11.00,4.00,2.00,1.00,20.00,4.00,2.00,1.00
1319.00,5,4.00,2,13,,,240.00,,14,241.00,,13.00,,1.00,2.00,,,,,,,,,,,13.00,,,,,1,2,,,,6,,,,98.00,,,4,4,1,2,3,,,,,,,,,,11.00,4.00,2.00,1.00,20.00,2.00,4.00,
1320.00,2,2.00,2,13,,,330.00,,14,331.00,,13.00,,,2.00,,,,,,,,,,,,,,,,,2,,,,,,,2597.72,5.00,,,5,5,1,12,3,,,,,,,,,,11.00,4.00,2.00,1.00,60.00,2.00,2.00,
1321.00,5,4.00,2,2,1,,60.00,60.00,14,61.00,,12.00,1,1.00,,,,,,,,,,,,,,,,,1,,,,,,,,5195.43,6.00,,,5,4,1,2,,,,,,,,,,,11.00,4.00,2.00,2.00,30.00,2.00,4.00,1.00
1322.00,30,4.00,3,,,,49.00,49.00,13,50.00,50.00,11.00,1,1.00,,3.00,,,,,,,,,,,,,,,1,,3,,,,,,2164.76,5.00,43.30,1.00,5,4,13,1,3,,,,,,,,,,11.00,4.00,2.00,1.00,30.00,3.00,4.00,1.00
1323.00,5,4.00,4,,,,240.00,,14,241.00,,13.00,,1.00,,,,,,,,,,,,,,,,,1,,,,,,,,7793.15,6.00,,,5,4,1,2,12,3,,,,,,,,,11.00,4.00,2.00,2.00,20.00,4.00,4.00,
1324.00,1,1.00,3,,,,14.00,14.00,11,15.00,15.00,11.00,2,,,,,,,7.00,,,,,,,,,,,,,,,5,,,,4658.80,6.00,310.59,4.00,5,5,13,,,,,,,,,,,,11.00,4.00,12.00,1.00,30.00,3.00,1.00,2.00
1325.00,1,1.00,3,,,,21.00,21.00,12,22.00,22.00,11.00,1,1.00,,,,,,,,,,,,,,,,,1,,,,,,,,4076.45,6.00,185.29,2.00,4,4,13,,,,,,,,,,,,11.00,4.00,12.00,1.00,30.00,3.00,1.00,1.00
1326.00,3,3.00,3,,,,23.00,23.00,12,24.00,24.00,11.00,2,,,3.00,,,,,,,10.00,,,,,,,,,,3,,,6,,,4076.45,6.00,169.85,2.00,5,5,13,,,,,,,,,,,,11.00,4.00,12.00,1.00,40.00,3.00,3.00,2.00
1327.00,2,2.00,3,,,,50.00,50.00,13,51.00,51.00,11.00,1,1.00,,,,,,7.00,,,,,,,,,,,1,,,,5,,,,5241.15,6.00,102.77,2.00,3,3,13,,,,,,,,,,,,11.00,4.00,12.00,1.00,30.00,3.00,2.00,1.00
1328.00,20,4.00,3,,,,4.00,4.00,4,5.00,5.00,5.00,2,1.00,,,,,,,,,,,,,,,,,1,,,,,,,,4076.45,6.00,815.29,7.00,5,3,13,,,,,,,,,,,,11.00,4.00,97.00,1.00,50.00,3.00,4.00,2.00
1329.00,15,4.00,3,,,,279.00,,14,280.00,,13.00,,,,,,,,7.00,,,,,,13.00,,,,,,,,,5,6,,,,98.00,,,5,5,1,2,13,3,10,,,,,,,,11.00,4.00,15.00,1.00,30.00,3.00,4.00,
1330.00,9,4.00,3,,,,250.00,,14,251.00,,13.00,,1.00,,3.00,,,,,,,,,,,,,,,1,,3,,,,,,2000.00,4.00,,,5,5,1,13,,,,,,,,,,,11.00,4.00,15.00,1.00,50.00,3.00,4.00,
1331.00,3,3.00,2,13,,,180.00,,14,181.00,,13.00,1,,,3.00,,,,,,,,,12.00,,,,,,,,3,,,6,,,3463.62,6.00,,,5,5,1,2,3,,,,,,,,,,11.00,4.00,15.00,2.00,50.00,2.00,3.00,1.00
1332.00,3,3.00,2,13,,,90.00,,14,91.00,,13.00,1,1.00,,,,,,,,,,,,,,,,,1,,,,,,,,3000.00,5.00,,,4,4,3,4,5,,,,,,,,,,11.00,4.00,9.00,1.00,20.00,2.00,3.00,1.00
1333.00,6,4.00,2,13,,,60.00,60.00,14,61.00,,12.00,1,1.00,2.00,,,5.00,,,,,,,,,,,,,1,2,,,5,,,,2000.00,4.00,,,5,5,1,2,,,,,,,,,,,11.00,4.00,9.00,1.00,40.00,2.00,4.00,1.00
1334.00,2,2.00,2,13,,,330.00,,14,331.00,,13.00,,,,,,,,,,,,,,,,15.00,16.00,,,,,,,,7,,4000.00,6.00,,,5,5,1,2,,,,,,,,,,,11.00,4.00,15.00,2.00,30.00,2.00,2.00,
1335.00,1,1.00,3,,,,14.00,14.00,11,15.00,15.00,11.00,2,,,,,,,,,,,,,,,,16.00,,,,,,,,7,,4425.86,6.00,295.06,3.00,4,5,13,,,,,,,,,,,,11.00,4.00,97.00,1.00,50.00,3.00,1.00,2.00
1336.00,2,2.00,4,,,,300.00,,14,301.00,,13.00,,1.00,,3.00,,,,,,,,,,,,,,,1,,3,,,,,,5195.43,6.00,,,4,5,2,4,10,11,5,6,7,8,14,,,,11.00,4.00,15.00,2.00,20.00,4.00,2.00,
1337.00,5,4.00,2,13,,,300.00,,14,301.00,,13.00,,,,,,,,,,,,11.00,,,,,,,,,,,,6,,,1731.81,4.00,,,5,5,16,,,,,,,,,,,,11.00,4.00,15.00,1.00,50.00,2.00,4.00,
1338.00,1,1.00,3,,,,90.00,,14,91.00,,13.00,1,1.00,,,,,,,,,,,,,,,,,1,,,,,,,,4367.63,6.00,,,4,5,2,4,6,10,11,13,,,,,,,11.00,4.00,13.00,2.00,20.00,3.00,1.00,1.00
1339.00,2,2.00,2,13,1,6,360.00,,14,361.00,,13.00,,1.00,,,,,6.00,,,,,,,13.00,,15.00,,,1,,,,5,6,7,,5195.43,6.00,,,5,5,1,3,4,,,,,,,,,,11.00,4.00,11.00,1.00,30.00,2.00,2.00,
1340.00,1,1.00,3,,,,42.00,42.00,13,43.00,43.00,11.00,2,1.00,,,,,,,,,,,,,,15.00,,,1,,,,,,7,,3876.00,6.00,90.14,1.00,5,3,2,6,13,,,,,,,,,,11.00,4.00,11.00,1.00,40.00,3.00,1.00,2.00
1341.00,1,1.00,3,,,,30.00,30.00,12,31.00,31.00,11.00,2,,,,,,,,,,10.00,,,,,,,,,,,,,6,,,4658.80,6.00,150.28,2.00,4,5,6,13,,,,,,,,,,,11.00,4.00,13.00,1.00,50.00,3.00,1.00,2.00
1342.00,2,2.00,4,,,,270.00,,14,271.00,,13.00,,1.00,,,,,,,,,,,,,,,,,1,,,,,,,,5684.80,6.00,,,5,5,2,3,4,10,14,,,,,,,,11.00,4.00,11.00,2.00,20.00,4.00,2.00,
1343.00,8,4.00,3,,,,49.00,49.00,13,50.00,50.00,11.00,1,,2.00,,,,6.00,,,,,,,,,,,,,2,,,5,,,,7000.00,6.00,140.00,2.00,4,5,13,,,,,,,,,,,,11.00,4.00,9.00,1.00,30.00,3.00,4.00,1.00
1344.00,10,4.00,3,,,,50.00,50.00,13,51.00,51.00,11.00,1,1.00,,3.00,,,,,,,,,,,,,,,1,,3,,,,,,7162.50,6.00,140.44,2.00,3,3,13,2,,,,,,,,,,,11.00,4.00,1.00,1.00,30.00,3.00,4.00,1.00
1345.00,4,4.00,3,,,,364.00,,14,365.00,,13.00,,1.00,2.00,,4.00,,,,,,,,12.00,13.00,,,,,1,2,,4,,6,,,,98.00,,,5,5,1,2,3,10,7,,,,,,,,11.00,4.00,11.00,2.00,20.00,3.00,4.00,
1346.00,2,2.00,3,,,,364.00,,14,365.00,,13.00,,,,,,,,,,,,,,,,15.00,,,,,,,,,7,,3000.00,5.00,,,5,5,1,2,3,10,13,,,,,,,,11.00,4.00,9.00,2.00,30.00,3.00,2.00,
1347.00,10,4.00,3,,,,30.00,30.00,12,31.00,31.00,11.00,2,1.00,,,,,,,,,,,,,,,,,1,,,,,,,,4297.50,6.00,138.63,2.00,3,3,13,,,,,,,,,,,,11.00,4.00,1.00,1.00,40.00,3.00,4.00,2.00
1348.00,1,1.00,4,,,,79.00,,14,80.00,,12.00,1,1.00,,,,,,,,,,,,,,,,,1,,,,,,,,5232.50,6.00,,,5,4,1,2,14,,,,,,,,,,11.00,4.00,2.00,2.00,20.00,4.00,1.00,1.00
1349.00,10,4.00,3,,,,300.00,,14,301.00,,13.00,,1.00,,,,,,,,,,,,,,,,,1,,,,,,,,9524.96,6.00,,,4,4,1,13,,,,,,,,,,,11.00,4.00,2.00,1.00,50.00,3.00,4.00,
1350.00,15,4.00,2,5,3,1,300.00,,14,301.00,,13.00,,1.00,2.00,,,,,,,,,,,,,,,,1,2,,,,,,,3463.62,6.00,,,5,4,1,3,,,,,,,,,,,11.00,4.00,2.00,1.00,50.00,2.00,4.00,
1351.00,1,1.00,4,,,,90.00,,14,91.00,,13.00,1,1.00,,,,,,,,,,,,,,,,,1,,,,,,,,4329.53,6.00,,,4,4,1,2,4,5,6,10,,,,,,,11.00,4.00,2.00,1.00,20.00,4.00,1.00,1.00
1352.00,1,1.00,2,13,,,330.00,,14,331.00,,13.00,,1.00,2.00,,,,,,,,,,,,,,,,1,2,,,,,,,4329.53,6.00,,,5,5,1,2,3,,,,,,,,,,11.00,4.00,2.00,2.00,60.00,2.00,1.00,
1353.00,2,2.00,4,,,,364.00,,14,365.00,,13.00,,1.00,,,,,,,,,,,,,,,,,1,,,,,,,,7475.00,6.00,,,5,4,7,6,1,2,3,5,12,14,,,,,11.00,4.00,2.00,1.00,20.00,4.00,2.00,
1354.00,1,1.00,4,,,,364.00,,14,365.00,,13.00,,1.00,,,4.00,,,,,,,,,,,,,,1,,,4,,,,,9092.01,6.00,,,5,5,1,2,3,4,6,10,14,,,,,,11.00,4.00,2.00,1.00,20.00,4.00,1.00,
1355.00,4,4.00,1,5,1,12,300.00,,14,301.00,,13.00,,1.00,2.00,,,,,,,,,,12.00,,,,,,1,2,,,,6,,,8659.06,6.00,,,4,4,1,3,5,6,4,2,,,,,,,11.00,4.00,2.00,2.00,30.00,1.00,4.00,
1356.00,2,2.00,4,,,,90.00,,14,91.00,,13.00,1,1.00,,,,,,,,,,,,,,,,,1,,,,,,,,8659.06,6.00,,,4,4,14,1,2,,,,,,,,,,11.00,4.00,2.00,1.00,20.00,4.00,2.00,1.00
1357.00,2,2.00,4,,,,90.00,,14,91.00,,13.00,1,1.00,2.00,,,,,,,,,,,,,,,,1,2,,,,,,,2990.00,5.00,,,5,4,1,2,3,4,5,6,10,14,,,,,11.00,4.00,2.00,2.00,20.00,4.00,2.00,1.00
1358.00,6,4.00,3,,,,300.00,,14,301.00,,13.00,,1.00,2.00,,,,,,,,,,,,,,,,1,2,,,,,,,8659.06,6.00,,,4,4,1,2,3,13,,,,,,,,,11.00,4.00,2.00,1.00,30.00,3.00,4.00,
1359.00,5,4.00,2,13,,,19.00,19.00,11,20.00,20.00,11.00,1,,,,,,6.00,,,,,,,,,,,,,,,,5,,,,,98.00,,,4,4,2,1,11,,,,,,,,,,11.00,4.00,2.00,2.00,30.00,2.00,4.00,1.00
1360.00,5,4.00,4,,,,300.00,,14,301.00,,13.00,,1.00,,,,,,,,,,,,,,,,,1,,,,,,,,9524.96,6.00,,,4,4,2,14,,,,,,,,,,,11.00,4.00,2.00,2.00,20.00,4.00,4.00,
1361.00,2,2.00,4,,,,270.00,,14,271.00,,13.00,,1.00,2.00,,,,,,,,,,,,,,,,1,2,,,,,,,,98.00,,,3,4,2,5,14,,,,,,,,,,11.00,4.00,2.00,1.00,20.00,4.00,2.00,
1362.00,2,2.00,4,,,,270.00,,14,271.00,,13.00,,1.00,2.00,,,,,,,,,,,,,,,,1,2,,,,,,,,98.00,,,3,4,2,10,14,,,,,,,,,,11.00,4.00,2.00,1.00,20.00,4.00,2.00,
1363.00,3,3.00,4,,,,270.00,,14,271.00,,13.00,,1.00,,,,,,,,,,,,,,,,,1,,,,,,,,8659.06,6.00,,,4,4,1,3,5,11,2,4,14,,,,,,11.00,4.00,9.00,2.00,20.00,4.00,3.00,
1364.00,5,4.00,2,1,2,,364.00,,14,365.00,,13.00,,1.00,,,,,,,,,,,,,,,,,1,,,,,,,,7793.15,6.00,,,4,4,1,2,,,,,,,,,,,11.00,4.00,2.00,1.00,20.00,2.00,4.00,
1365.00,2,2.00,4,,,,90.00,,14,91.00,,13.00,1,1.00,,,,,,,,,,,,,14.00,,,,1,,,,,,7,,2990.00,5.00,,,4,4,1,2,14,,,,,,,,,,11.00,4.00,2.00,2.00,20.00,4.00,2.00,1.00
1366.00,5,4.00,4,,,,330.00,,14,331.00,,13.00,,1.00,,,,,,,,,,,,,,15.00,,17.00,1,,,,,,7,8,,98.00,,,4,4,1,2,3,14,,,,,,,,,11.00,4.00,2.00,1.00,20.00,4.00,4.00,
1367.00,4,4.00,4,,,,330.00,,14,331.00,,13.00,,1.00,,,,,,,,,,,,,,15.00,,17.00,1,,,,,,7,8,9524.96,6.00,,,4,4,1,2,3,14,,,,,,,,,11.00,4.00,2.00,2.00,20.00,4.00,4.00,
1368.00,7,4.00,2,2,1,13,300.00,,14,301.00,,13.00,,1.00,2.00,,,,,,,,,,,,,,,,1,2,,,,,,,8659.06,6.00,,,4,4,1,3,2,,,,,,,,,,11.00,4.00,2.00,2.00,30.00,2.00,4.00,
1369.00,5,4.00,4,,,,210.00,,14,211.00,,13.00,1,,,,,,,,,,,,,,,15.00,,,,,,,,,7,,4485.00,6.00,,,5,5,1,2,14,,,,,,,,,,11.00,4.00,2.00,1.00,20.00,4.00,4.00,1.00
1370.00,3,3.00,3,,,,275.00,,14,276.00,,13.00,,,2.00,,,,,,,,,,,,,,,,,2,,,,,,,3000.00,5.00,,,5,3,14,13,8,10,,,,,,,,,11.00,4.00,97.00,1.00,20.00,3.00,3.00,
1371.00,4,4.00,2,13,,,90.00,,14,91.00,,13.00,1,1.00,,,,,,,8.00,,,,,13.00,,15.00,,,1,,,,5,6,7,,4000.00,6.00,,,5,5,3,5,11,4,2,,,,,,,,11.00,4.00,9.00,2.00,20.00,2.00,4.00,1.00
1372.00,1,1.00,3,,,,24.00,24.00,12,25.00,25.00,11.00,2,,2.00,,,,,,,,,,,,,,,,,2,,,,,,,8000.00,6.00,320.00,4.00,4,4,13,,,,,,,,,,,,11.00,4.00,9.00,1.00,50.00,3.00,1.00,2.00
1373.00,1,1.00,3,,,,21.00,21.00,12,22.00,22.00,11.00,1,1.00,,,,,,,,,,,,,,,,,1,,,,,,,,2500.00,5.00,113.64,2.00,4,4,13,,,,,,,,,,,,11.00,4.00,9.00,1.00,20.00,3.00,1.00,1.00
1374.00,4,4.00,4,,,,28.00,28.00,12,29.00,29.00,11.00,1,,,3.00,,,,,,,,,,,,,,17.00,,,3,,,,,8,,98.00,,,5,5,14,1,3,4,10,,,,,,,,11.00,4.00,9.00,2.00,20.00,4.00,4.00,1.00
1375.00,15,4.00,3,,,,330.00,,14,331.00,,13.00,,1.00,2.00,,,,,,,9.00,,11.00,,,,,,,1,2,,,,6,,,5000.00,6.00,,,5,5,1,2,3,4,9,,,,,,,,11.00,4.00,10.00,1.00,30.00,3.00,4.00,
1376.00,14,4.00,2,13,,,30.00,30.00,12,31.00,31.00,11.00,1,,2.00,,,,,,,,,,,,,,,,,2,,,,,,,3000.00,5.00,96.77,1.00,5,5,2,3,5,13,,,,,,,,,11.00,4.00,9.00,1.00,30.00,2.00,4.00,1.00
1377.00,1,1.00,1,4,3,10,21.00,21.00,12,22.00,22.00,11.00,1,1.00,,,,,,,,,,,,,,,,,1,,,,,,,,2000.00,4.00,90.91,1.00,5,5,4,3,,,,,,,,,,,11.00,4.00,9.00,2.00,30.00,1.00,1.00,1.00
1378.00,15,4.00,3,,,,10.00,10.00,10,11.00,11.00,11.00,2,1.00,,,,,,,,,,,,,,,,,1,,,,,,,,3261.16,6.00,296.47,3.00,5,5,13,,,,,,,,,,,,11.00,4.00,97.00,1.00,30.00,3.00,4.00,2.00
1379.00,12,4.00,3,,,,120.00,,14,121.00,,13.00,1,1.00,,,,,,7.00,,,,,,13.00,,,,,1,,,,5,6,,,4500.00,6.00,,,4,5,2,3,4,13,,,,,,,,,11.00,4.00,9.00,2.00,30.00,3.00,4.00,1.00
1380.00,6,4.00,3,,,,8.00,8.00,8,9.00,9.00,9.00,2,,,,,,,,,,,,,13.00,,,,,,,,,,6,,,2500.00,5.00,277.78,3.00,5,5,13,,,,,,,,,,,,11.00,4.00,9.00,1.00,50.00,3.00,4.00,2.00
1381.00,1,1.00,3,,,,43.00,43.00,13,44.00,44.00,11.00,1,,2.00,3.00,,,,,,,,,,,,,,,,2,3,,,,,,3700.00,6.00,84.09,1.00,4,4,4,5,13,,,,,,,,,,11.00,4.00,9.00,1.00,30.00,3.00,1.00,1.00
1382.00,1,1.00,4,,,,270.00,,14,271.00,,13.00,,1.00,,3.00,,,,,,,,,,13.00,14.00,,,,1,,3,,,6,7,,,98.00,,,5,5,1,2,4,6,8,14,,,,,,,11.00,4.00,8.00,2.00,20.00,4.00,1.00,
1383.00,4,4.00,3,,,,40.00,40.00,13,41.00,41.00,11.00,1,1.00,2.00,,,,,,,,,,,,,,,,1,2,,,,,,,3438.00,6.00,83.85,1.00,4,4,13,,,,,,,,,,,,11.00,4.00,1.00,1.00,30.00,3.00,4.00,1.00
1384.00,10,4.00,2,13,,,60.00,60.00,14,61.00,,12.00,1,,,,,,,7.00,,,,,,,,,,,,,,,5,,,,2387.50,5.00,,,5,5,2,10,11,,,,,,,,,,11.00,4.00,1.00,2.00,20.00,2.00,4.00,1.00
1385.00,2,2.00,3,,,,45.00,45.00,13,46.00,46.00,11.00,1,,,,,,,,,,10.00,,,,,,,,,,,,,6,,,5500.00,6.00,119.57,2.00,4,4,13,,,,,,,,,,,,11.00,4.00,9.00,2.00,30.00,3.00,2.00,1.00
1386.00,3,3.00,3,,,,20.00,20.00,11,21.00,21.00,11.00,2,1.00,,,,,,,,,,,,,,,,,1,,,,,,,,4000.00,6.00,190.48,2.00,4,5,13,2,,,,,,,,,,,11.00,4.00,9.00,1.00,40.00,3.00,3.00,2.00
1387.00,2,2.00,3,,,,30.00,30.00,12,31.00,31.00,11.00,1,,2.00,,,,,,,,,,,,,,,,,2,,,,,,,2412.00,5.00,77.81,1.00,4,4,13,,,,,,,,,,,,11.00,4.00,16.00,1.00,30.00,3.00,2.00,1.00
1388.00,1,1.00,4,,,,364.00,,14,365.00,,13.00,,1.00,2.00,3.00,4.00,,6.00,,,,,11.00,,,,,,,1,2,3,4,5,6,,,,98.00,,,5,5,1,2,3,4,10,7,14,,,,,,11.00,4.00,97.00,2.00,20.00,4.00,1.00,
1389.00,4,4.00,3,,,,60.00,60.00,14,61.00,,12.00,1,,,,,,,,,,,,,,14.00,,,,,,,,,,7,,7500.00,6.00,,,3,3,13,,,,,,,,,,,,11.00,4.00,15.00,1.00,30.00,3.00,4.00,1.00
1390.00,1,1.00,4,,,,364.00,,14,365.00,,13.00,,1.00,2.00,,,,,,,,,,,,,,,17.00,1,2,,,,,,8,,98.00,,,5,2,1,2,3,4,5,7,10,14,,,,,11.00,4.00,15.00,2.00,20.00,4.00,1.00,
1391.00,5,4.00,4,,,,330.00,,14,331.00,,13.00,,,,,,,,7.00,,,,,,,,,,,,,,,5,,,,,98.00,,,3,4,14,2,1,3,,,,,,,,,12.00,4.00,2.00,1.00,40.00,4.00,4.00,
1392.00,4,4.00,4,,,,300.00,,14,301.00,,13.00,,,2.00,,,,,,,,,,,,,,,,,2,,,,,,,,98.00,,,3,4,2,3,4,14,,,,,,,,,12.00,4.00,2.00,1.00,20.00,4.00,4.00,
1393.00,3,3.00,4,,,,90.00,,14,91.00,,13.00,1,,,,,,,7.00,,,,,,,,,,,,,,,5,,,,3807.50,6.00,,,4,4,2,3,14,1,,,,,,,,,12.00,4.00,2.00,1.00,20.00,4.00,3.00,1.00
1394.00,1,1.00,4,,,,90.00,,14,91.00,,13.00,1,1.00,2.00,,,,,,,,,,,,,,,,1,2,,,,,,,9899.50,6.00,,,4,4,2,1,14,,,,,,,,,,12.00,4.00,2.00,1.00,20.00,4.00,1.00,1.00
1395.00,10,4.00,3,,,,79.00,,14,80.00,,12.00,1,,2.00,,,,,,,,,,,,,,,,,2,,,,,,,8866.11,6.00,,,5,4,2,1,13,,,,,,,,,,12.00,4.00,2.00,1.00,40.00,3.00,4.00,1.00
1396.00,1,1.00,3,,,,29.00,29.00,12,30.00,30.00,11.00,2,,,,,,,7.00,,,,,,,,,,,,,,,5,,,,761.50,2.00,25.38,1.00,4,4,13,1,,,,,,,,,,,12.00,4.00,2.00,1.00,20.00,3.00,1.00,2.00
1397.00,2,2.00,3,,,,44.00,44.00,13,45.00,45.00,11.00,2,,,,,,,7.00,,,,,,,,,,,,,,,5,,,,4876.36,6.00,108.36,2.00,5,4,1,2,13,,,,,,,,,,12.00,4.00,2.00,1.00,30.00,3.00,2.00,2.00
1398.00,6,4.00,3,,,,140.00,,14,141.00,,13.00,1,1.00,2.00,,,,,,,,,,,,,,,,1,2,,,,,,,,98.00,,,5,4,2,1,13,,,,,,,,,,12.00,4.00,2.00,2.00,20.00,3.00,4.00,1.00
1399.00,5,4.00,4,,,,300.00,,14,301.00,,13.00,,1.00,,,,,,,,,,,,,,,,,1,,,,,,,,5319.67,6.00,,,4,3,14,2,1,,,,,,,,,,12.00,4.00,2.00,2.00,20.00,4.00,4.00,
1400.00,3,3.00,4,,,,270.00,,14,271.00,,13.00,1,1.00,,,,,,,,,,,,,,,,,1,,,,,,,,6701.20,6.00,,,5,4,2,11,14,1,,,,,,,,,12.00,4.00,2.00,2.00,20.00,4.00,3.00,1.00
1401.00,2,2.00,4,,,,90.00,,14,91.00,,13.00,1,1.00,,,,,,,,,,,,,,,,,1,,,,,,,,9138.00,6.00,,,5,3,4,2,1,14,,,,,,,,,12.00,4.00,2.00,2.00,20.00,4.00,2.00,1.00
1402.00,1,1.00,4,,,,300.00,,14,301.00,,13.00,1,1.00,,,,,,,,,,,,,,,,,1,,,,,,,,5319.67,6.00,,,5,4,2,1,14,,,,,,,,,,12.00,4.00,2.00,2.00,20.00,4.00,1.00,1.00
1403.00,1,1.00,4,,,,90.00,,14,91.00,,13.00,1,1.00,,,,,,,,,,,,,,,,,1,,,,,,,,9138.00,6.00,,,5,4,2,6,3,1,7,10,14,,,,,,12.00,4.00,2.00,2.00,20.00,4.00,1.00,1.00
1404.00,2,2.00,4,,,,120.00,,14,121.00,,13.00,1,1.00,,,,,,,,,,,,,,,,,1,,,,,,,,7158.10,6.00,,,5,4,2,14,,,,,,,,,,,12.00,4.00,2.00,2.00,20.00,4.00,2.00,1.00
1405.00,10,4.00,3,,,,27.00,27.00,12,28.00,28.00,11.00,2,,2.00,,,,,,,,,,,,,,,,,2,,,,,,,1418.58,3.00,50.66,1.00,4,4,2,1,13,,,,,,,,,,12.00,4.00,2.00,1.00,40.00,3.00,4.00,2.00
1406.00,8,4.00,4,,,,120.00,,14,121.00,,13.00,1,1.00,,,,,,,,9.00,,11.00,,,,,,,1,,,,,6,,,2800.00,5.00,,,4,4,1,2,3,7,8,11,14,,,,,,12.00,4.00,5.00,2.00,20.00,4.00,4.00,1.00
1407.00,20,4.00,3,,,,330.00,,14,331.00,,13.00,,1.00,2.00,,,,,,,9.00,,,,,,,,,1,2,,,,6,,,,98.00,,,4,3,2,1,13,,,,,,,,,,12.00,4.00,2.00,1.00,30.00,3.00,4.00,
1408.00,2,2.00,4,,,,300.00,,14,301.00,,13.00,,,2.00,,,,,,,,,,,,,,,,,2,,,,,,,8376.50,6.00,,,5,4,2,14,,,,,,,,,,,12.00,4.00,2.00,1.00,20.00,4.00,2.00,
1409.00,10,4.00,3,,,,7.00,7.00,7,8.00,8.00,8.00,2,,,3.00,,,,,,,,,,,,,,,,,3,,,,,,5000.00,6.00,625.00,6.00,5,4,2,1,13,,,,,,,,,,12.00,4.00,2.00,1.00,30.00,3.00,4.00,2.00
1410.00,1,1.00,3,,,,14.00,14.00,11,15.00,15.00,11.00,2,,,,,,,,,,,,,13.00,,,,,,,,,,6,,,2000.00,4.00,133.33,2.00,4,3,13,2,,,,,,,,,,,12.00,4.00,97.00,1.00,30.00,3.00,1.00,2.00
1411.00,10,4.00,4,,,,120.00,,14,121.00,,13.00,1,,,,,,,7.00,,,,,,,,,,,,,,,5,,,,2216.53,5.00,,,3,3,1,2,14,,,,,,,,,,12.00,4.00,1.00,1.00,20.00,4.00,4.00,1.00
1412.00,10,4.00,3,,,,73.00,,14,74.00,,12.00,1,1.00,2.00,,,,,,,,,,,,,,,,1,2,,,,,,,7092.89,6.00,,,4,4,13,2,1,,,,,,,,,,12.00,4.00,5.00,1.00,30.00,3.00,4.00,1.00
1413.00,6,4.00,3,,,,45.00,45.00,13,46.00,46.00,11.00,2,1.00,,,,,,,,,,,12.00,,,,,,1,,,,,6,,,9752.72,6.00,212.02,3.00,5,5,13,,,,,,,,,,,,12.00,4.00,97.00,1.00,40.00,3.00,4.00,2.00
1414.00,50,4.00,3,,,,89.00,,14,90.00,,12.00,2,,,,,,,,,,10.00,,12.00,,,,,,,,,,,6,,,,98.00,,,5,5,13,,,,,,,,,,,,12.00,4.00,97.00,1.00,50.00,3.00,4.00,2.00
1415.00,1,1.00,3,,,,90.00,,14,91.00,,13.00,1,1.00,,,,,,,,,,,,,,,,,1,,,,,,,,4788.80,6.00,,,4,5,2,3,13,,,,,,,,,,12.00,4.00,97.00,2.00,20.00,3.00,1.00,1.00
1416.00,7,4.00,3,,,,12.00,12.00,11,13.00,13.00,11.00,2,1.00,,,,,,,,,10.00,,,,14.00,,,,1,,,,,6,7,,,98.00,,,4,5,13,,,,,,,,,,,,12.00,4.00,97.00,1.00,30.00,3.00,4.00,2.00
1417.00,1,1.00,4,,,,350.00,,14,351.00,,13.00,,1.00,,,4.00,,,,,,,,,,,,16.00,,1,,,4,,,7,,10000.00,6.00,,,5,5,1,2,3,4,6,8,14,,,,,,12.00,4.00,97.00,1.00,20.00,4.00,1.00,
1418.00,15,4.00,3,,,,14.00,14.00,11,15.00,15.00,11.00,2,,,,,,,7.00,,,,,,,,,,,,,,,5,,,,5986.00,6.00,399.07,4.00,5,5,13,,,,,,,,,,,,12.00,4.00,11.00,1.00,50.00,3.00,4.00,2.00
1419.00,1,1.00,4,,,,150.00,,14,151.00,,13.00,1,1.00,,,,,,,,,,,,13.00,14.00,,,17.00,1,,,,,6,7,8,2659.83,5.00,,,5,5,2,3,4,5,6,10,14,,,,,,12.00,4.00,97.00,1.00,20.00,4.00,1.00,1.00
1420.00,5,4.00,4,,,,120.00,,14,121.00,,13.00,1,1.00,,,,,,,,9.00,,11.00,,13.00,,,,17.00,1,,,,,6,,8,5986.00,6.00,,,4,5,2,4,5,6,7,10,11,14,,,,,12.00,4.00,97.00,2.00,20.00,4.00,4.00,1.00
1421.00,5,4.00,3,,,,290.00,,14,291.00,,13.00,,1.00,2.00,,,,,,,,,,,,,,,,1,2,,,,,,,3000.00,5.00,,,5,5,2,13,,,,,,,,,,,12.00,4.00,15.00,1.00,40.00,3.00,4.00,
1422.00,2,2.00,2,13,,,160.00,,14,161.00,,13.00,1,1.00,,,,,,,,,,,,,,,,,1,,,,,,,,4000.00,6.00,,,5,5,1,2,,,,,,,,,,,12.00,4.00,9.00,2.00,30.00,2.00,2.00,1.00
1423.00,2,2.00,3,,,,120.00,,14,121.00,,13.00,1,,,,,,,,,,,,,,,,16.00,,,,,,,,7,,2216.53,5.00,,,5,3,3,13,,,,,,,,,,,12.00,4.00,7.00,1.00,20.00,3.00,2.00,1.00
1424.00,3,3.00,2,13,,,60.00,60.00,14,61.00,,12.00,1,1.00,,,,,,,,,,,,,,,,,1,,,,,,,,2500.00,5.00,,,5,5,12,,,,,,,,,,,,12.00,4.00,9.00,1.00,30.00,2.00,3.00,1.00
1425.00,4,4.00,4,,,,364.00,,14,365.00,,13.00,,1.00,,3.00,4.00,,,7.00,,,,,,,,,,,1,,3,4,5,,,,7536.20,6.00,,,5,3,1,2,3,5,10,14,,,,,,,12.00,4.00,97.00,1.00,20.00,4.00,4.00,
1426.00,1,1.00,2,13,,,60.00,60.00,14,61.00,,12.00,1,,,,,,,,,,,,,,,15.00,,,,,,,,,7,,2500.00,5.00,,,5,5,2,,,,,,,,,,,,12.00,4.00,15.00,2.00,40.00,2.00,1.00,1.00
1427.00,1,1.00,3,,,,180.00,,14,181.00,,13.00,1,,,3.00,,,,,,,,,,,,,,,,,3,,,,,,7500.00,6.00,,,4,4,2,13,,,,,,,,,,,12.00,4.00,97.00,2.00,30.00,3.00,1.00,1.00
1428.00,1,1.00,2,13,,,50.00,50.00,13,51.00,51.00,11.00,1,1.00,2.00,,,,,,,,,,,,,,,,1,2,,,,,,,1950.54,4.00,38.25,1.00,5,5,2,1,,,,,,,,,,,12.00,4.00,97.00,2.00,50.00,2.00,1.00,1.00
1429.00,4,4.00,3,,,,90.00,,14,91.00,,13.00,1,1.00,,,,,,,,9.00,,,,,,,,,1,,,,,6,,,6000.00,6.00,,,4,4,13,,,,,,,,,,,,12.00,4.00,15.00,1.00,30.00,3.00,4.00,1.00
1430.00,2,2.00,3,,,,80.00,,14,81.00,,12.00,1,,,,,5.00,,,,,,,,,,,,,,,,,5,,,,6800.00,6.00,,,4,5,13,,,,,,,,,,,,12.00,4.00,16.00,1.00,40.00,3.00,2.00,1.00
1431.00,1,1.00,4,,,,300.00,,14,301.00,,13.00,,1.00,2.00,3.00,4.00,,,,,,,,,,,,,,1,2,3,4,,,,,,98.00,,,5,2,1,2,3,14,10,,,,,,,,12.00,4.00,13.00,2.00,20.00,4.00,1.00,
1432.00,1,1.00,4,,,,100.00,,14,101.00,,13.00,1,1.00,,,,,,,,,,,,,,,,,1,,,,,,,,2993.00,5.00,,,5,3,14,2,,,,,,,,,,,12.00,4.00,97.00,1.00,20.00,4.00,1.00,1.00
1433.00,1,1.00,4,,,,120.00,,14,121.00,,13.00,1,1.00,,,,,,,,,,,,,,,,,1,,,,,,,,5147.96,6.00,,,5,2,14,,,,,,,,,,,,12.00,4.00,97.00,2.00,20.00,4.00,1.00,1.00
1434.00,2,2.00,4,,,,364.00,,14,365.00,,13.00,,1.00,,,,,,7.00,,,,,12.00,,,,,,1,,,,5,6,,,7979.50,6.00,,,5,4,1,2,3,4,10,11,14,,,,,,12.00,4.00,97.00,2.00,20.00,4.00,2.00,
1435.00,1,1.00,3,,,,120.00,,14,121.00,,13.00,1,1.00,2.00,3.00,,,,,,,,,,,,,,,1,2,3,,,,,,3800.00,6.00,,,3,3,13,,,,,,,,,,,,12.00,4.00,97.00,1.00,40.00,3.00,1.00,1.00
1436.00,20,4.00,3,,,,72.00,,14,73.00,,12.00,1,,,,,,,7.00,,,,,,,,,,,,,,,5,,,,5749.20,6.00,,,4,4,13,,,,,,,,,,,,12.00,4.00,1.00,1.00,30.00,3.00,4.00,1.00
1437.00,7,4.00,4,,,,90.00,,14,91.00,,13.00,1,1.00,,,,,,,,,,,,,,,,,1,,,,,,,,4791.00,6.00,,,4,4,14,2,1,3,,,,,,,,,12.00,4.00,1.00,2.00,20.00,4.00,4.00,1.00
1438.00,10,4.00,3,,,,90.00,,14,91.00,,13.00,1,1.00,,,,,,,,,,,,,,,,,1,,,,,,,,2395.50,5.00,,,4,4,13,,,,,,,,,,,,12.00,4.00,1.00,1.00,50.00,3.00,4.00,1.00
1439.00,2,2.00,3,,,,300.00,,14,301.00,,13.00,,,,,,,,,,,,11.00,,,,,,,,,,,,6,,,,98.00,,,5,5,13,1,2,3,10,,,,,,,,12.00,4.00,1.00,1.00,40.00,3.00,2.00,
1440.00,4,4.00,3,,,,40.00,40.00,13,41.00,41.00,11.00,2,,,,,,,,,,,,,,14.00,,,,,,,,,,7,,4024.44,6.00,98.16,1.00,5,5,13,2,,,,,,,,,,,12.00,4.00,1.00,1.00,40.00,3.00,4.00,2.00
1441.00,2,2.00,3,,,,20.00,20.00,11,21.00,21.00,11.00,2,,,,,,,,,,10.00,,,,,,,,,,,,,6,,,3600.00,6.00,171.43,2.00,3,3,13,,,,,,,,,,,,12.00,4.00,9.00,1.00,40.00,3.00,2.00,2.00
1442.00,10,4.00,2,13,,,70.00,,14,71.00,,12.00,1,1.00,2.00,,,,,,,,,,,,,,,,1,2,,,,,,,3000.00,5.00,,,5,5,2,3,,,,,,,,,,,12.00,4.00,9.00,2.00,50.00,2.00,4.00,1.00
1443.00,7,4.00,2,13,,,60.00,60.00,14,61.00,,12.00,1,,,3.00,,,,,,,,,,,,,,,,,3,,,,,,4610.38,6.00,,,5,4,16,,,,,,,,,,,,12.00,4.00,9.00,2.00,50.00,2.00,4.00,1.00
1444.00,1,1.00,4,,,,120.00,,14,121.00,,13.00,1,1.00,,3.00,,,,7.00,,,,,,13.00,,,,17.00,1,,3,,5,6,,8,8140.96,6.00,,,5,4,2,3,4,5,6,10,11,14,,,,,12.00,4.00,13.00,2.00,20.00,4.00,1.00,1.00
1445.00,2,2.00,3,,,,60.00,60.00,14,61.00,,12.00,1,,,,,,,,,9.00,,,,,,,,,,,,,,6,,,5387.40,6.00,,,5,5,2,6,10,13,,,,,,,,,12.00,4.00,97.00,1.00,40.00,3.00,2.00,1.00
1446.00,2,2.00,3,,,,240.00,,14,241.00,,13.00,1,1.00,2.00,,,,,,,,,,,,,,,,1,2,,,,,,,6000.00,6.00,,,4,3,1,13,,,,,,,,,,,12.00,4.00,9.00,1.00,40.00,3.00,2.00,1.00
1447.00,1,1.00,3,,,,61.00,,14,62.00,,12.00,1,1.00,,,,,,,,,,,,,,,,,1,,,,,,,,3000.00,5.00,,,5,5,2,13,,,,,,,,,,,12.00,4.00,97.00,1.00,20.00,3.00,1.00,1.00
1448.00,100,4.00,3,,,,35.00,35.00,13,36.00,36.00,11.00,1,,2.00,3.00,,,,,,,10.00,,,,,,,,,2,3,,,6,,,5986.00,6.00,166.28,2.00,2,4,13,,,,,,,,,,,,12.00,4.00,97.00,1.00,60.00,3.00,4.00,1.00
1449.00,10,4.00,3,,,,21.00,21.00,12,22.00,22.00,11.00,2,1.00,,,,,,,,,10.00,,,,,,,,1,,,,,6,,,2216.53,5.00,100.75,2.00,5,5,4,3,13,,,,,,,,,,12.00,4.00,97.00,1.00,40.00,3.00,4.00,2.00
1450.00,1,1.00,3,,,,14.00,14.00,11,15.00,15.00,11.00,2,1.00,2.00,,,,,,,,,,,,,,,,1,2,,,,,,,5387.40,6.00,359.16,4.00,4,4,4,13,,,,,,,,,,,12.00,4.00,97.00,2.00,20.00,3.00,1.00,2.00
1451.00,30,4.00,3,,,,21.00,21.00,12,22.00,22.00,11.00,2,1.00,,,,,,7.00,,,,,,,,,,,1,,,,5,,,,5986.00,6.00,272.09,3.00,3,5,13,,,,,,,,,,,,12.00,4.00,97.00,1.00,50.00,3.00,4.00,2.00
1452.00,2,2.00,3,,,,60.00,60.00,14,61.00,,12.00,1,,2.00,,,,6.00,,,,,,,,,,,,,2,,,5,,,,7183.20,6.00,,,4,4,13,,,,,,,,,,,,12.00,4.00,97.00,1.00,30.00,3.00,2.00,1.00
1453.00,3,3.00,3,,,,5.00,5.00,5,6.00,6.00,6.00,2,,,,,,,,,,,,,13.00,,,,,,,,,,6,,,1773.22,4.00,295.54,3.00,4,4,13,,,,,,,,,,,,12.00,4.00,4.00,1.00,20.00,3.00,3.00,2.00
1454.00,10,4.00,3,,,,330.00,,14,331.00,,13.00,,1.00,,,4.00,,,,,,,,,,,,,,1,,,4,,,,,,98.00,,,5,5,3,12,13,,,,,,,,,,12.00,4.00,8.00,1.00,40.00,3.00,4.00,
1455.00,1,1.00,3,,,,300.00,,14,301.00,,13.00,,1.00,2.00,,4.00,,,,,,,,,,,,,,1,2,,4,,,,,,98.00,,,4,5,13,12,1,2,,,,,,,,,12.00,4.00,9.00,2.00,20.00,3.00,1.00,
1456.00,2,2.00,3,,,,90.00,,14,91.00,,13.00,1,,2.00,,,,,,,,,11.00,,,,,,,,2,,,,6,,,7000.00,6.00,,,4,3,13,,,,,,,,,,,,12.00,4.00,9.00,2.00,20.00,3.00,2.00,1.00
1457.00,1,1.00,4,,,,120.00,,14,121.00,,13.00,1,1.00,,,4.00,,,,,,,11.00,,13.00,,,16.00,17.00,1,,,4,,6,7,8,5986.00,6.00,,,5,5,2,3,4,5,6,10,14,,,,,,12.00,4.00,13.00,1.00,20.00,4.00,1.00,1.00
1458.00,3,3.00,3,,,,129.00,,14,130.00,,13.00,2,1.00,2.00,3.00,,,,,,,,,,,,,,,1,2,3,,,,,,,98.00,,,4,4,13,1,2,15,,,,,,,,,12.00,4.00,2.00,1.00,30.00,3.00,3.00,2.00
1459.00,8,4.00,3,,,,330.00,,14,331.00,,13.00,,1.00,2.00,,4.00,,,,,9.00,,,,,,,,,1,2,,4,,6,,,8866.11,6.00,,,4,4,13,3,1,2,,,,,,,,,12.00,4.00,2.00,1.00,30.00,3.00,4.00,
1460.00,1,1.00,1,5,4,1,300.00,,14,301.00,,13.00,,1.00,,3.00,,,,,,,,,,,,,,,1,,3,,,,,,7092.89,6.00,,,5,5,1,2,3,,,,,,,,,,12.00,4.00,2.00,1.00,50.00,1.00,1.00,
1461.00,6,4.00,3,,,,300.00,,14,301.00,,13.00,,1.00,,,,,,7.00,,,,11.00,,13.00,,,,,1,,,,5,6,,,9309.42,6.00,,,5,5,1,2,13,,,,,,,,,,12.00,4.00,2.00,1.00,50.00,3.00,4.00,
1462.00,2,2.00,2,1,2,3,60.00,60.00,14,61.00,,12.00,1,1.00,,,,,,,,,,,,,,,,,1,,,,,,,,1773.22,4.00,,,5,4,1,2,3,,,,,,,,,,12.00,4.00,2.00,1.00,40.00,2.00,2.00,1.00
1463.00,1,1.00,4,,,,79.00,,14,80.00,,12.00,1,1.00,,,,,,,,,,,,,,,,,1,,,,,,,,1675.30,4.00,,,5,4,1,2,14,,,,,,,,,,12.00,4.00,2.00,2.00,20.00,4.00,1.00,1.00
1464.00,5,4.00,1,1,3,5,300.00,,14,301.00,,13.00,,,,3.00,,,,,,,,,,,,,,,,,3,,,,,,,98.00,,,5,4,1,3,,,,,,,,,,,12.00,4.00,2.00,1.00,50.00,1.00,4.00,
1465.00,5,4.00,4,,,,120.00,,14,121.00,,13.00,1,,,,,,,,,,10.00,,,,,,,,,,,,,6,,,4078.41,6.00,,,5,5,1,2,3,10,7,9,14,,,,,,12.00,4.00,2.00,1.00,20.00,4.00,4.00,1.00
1466.00,3,3.00,4,,,,240.00,,14,241.00,,13.00,1,1.00,2.00,,,,,,,,,,,,,,,,1,2,,,,,,,7536.20,6.00,,,4,4,1,2,3,9,14,,,,,,,,12.00,4.00,2.00,1.00,20.00,4.00,3.00,1.00
1467.00,3,3.00,4,,,,90.00,,14,91.00,,13.00,1,,,,,,,,,,,,,,14.00,,,,,,,,,,7,,2216.53,5.00,,,5,4,14,1,,,,,,,,,,,12.00,4.00,2.00,1.00,20.00,4.00,3.00,1.00
1468.00,6,4.00,2,1,3,2,299.00,,14,300.00,,13.00,,,,,,,,,,,,,,,,,,17.00,,,,,,,,8,,98.00,,,5,5,1,2,3,,,,,,,,,,12.00,4.00,2.00,1.00,60.00,2.00,4.00,
1469.00,1,1.00,3,,,,39.00,39.00,13,40.00,40.00,11.00,1,1.00,2.00,,,,,,,,,,,,,,,,1,2,,,,,,,1675.30,4.00,41.88,1.00,5,4,13,1,2,,,,,,,,,,12.00,4.00,2.00,1.00,30.00,3.00,1.00,1.00
1470.00,1,1.00,4,,,,364.00,,14,365.00,,13.00,,1.00,,,,,,,,,,,,,,,,,1,,,,,,,,8376.50,6.00,,,5,4,1,2,3,10,12,14,,,,,,,12.00,4.00,2.00,1.00,20.00,4.00,1.00,
1471.00,2,2.00,2,2,5,1,240.00,,14,241.00,,13.00,1,1.00,2.00,,,,,,,,,,,,,,,,1,2,,,,,,,6092.00,6.00,,,5,4,1,2,3,4,,,,,,,,,12.00,4.00,2.00,2.00,30.00,2.00,2.00,1.00
1472.00,15,4.00,3,,,,300.00,,14,301.00,,13.00,,1.00,2.00,3.00,,,,,,,,,,13.00,,,,,1,2,3,,,6,,,8866.11,6.00,,,3,4,1,13,3,,,,,,,,,,12.00,4.00,2.00,1.00,40.00,3.00,4.00,
1473.00,3,3.00,4,,,,120.00,,14,121.00,,13.00,1,1.00,,,,,,,,,,,,,14.00,,,,1,,,,,,7,,9138.00,6.00,,,4,4,1,2,14,3,,,,,,,,,12.00,4.00,2.00,1.00,30.00,4.00,3.00,1.00
1474.00,2,2.00,4,,,,79.00,,14,80.00,,12.00,1,1.00,,,,,,,,,,,,,,,16.00,,1,,,,,,7,,6092.00,6.00,,,4,4,1,2,14,3,,,,,,,,,12.00,4.00,2.00,2.00,40.00,4.00,2.00,1.00
1475.00,1,1.00,4,,,,90.00,,14,91.00,,13.00,1,1.00,,,,,,,,,,,,,,,,,1,,,,,,,,5330.50,6.00,,,4,4,12,14,,,,,,,,,,,12.00,4.00,2.00,2.00,20.00,4.00,1.00,1.00
1476.00,1,1.00,4,,,,90.00,,14,91.00,,13.00,1,1.00,,,,,,,,,,,,,,,16.00,,1,,,,,,7,,6853.50,6.00,,,4,4,14,1,2,,,,,,,,,,12.00,4.00,2.00,2.00,30.00,4.00,1.00,1.00
1477.00,2,2.00,4,,,,210.00,,14,211.00,,13.00,1,1.00,,,,,,,,,,,,,,15.00,16.00,,1,,,,,,7,,6092.00,6.00,,,5,5,1,2,3,4,5,6,7,14,,,,,12.00,4.00,2.00,1.00,20.00,4.00,2.00,1.00
1478.00,3,3.00,4,,,,270.00,,14,271.00,,13.00,,1.00,,,,,,,,,,,,,,,,,1,,,,,,,,7615.00,6.00,,,4,4,1,2,6,10,14,,,,,,,,12.00,4.00,2.00,2.00,20.00,4.00,3.00,
1479.00,1,1.00,4,,,,90.00,,14,91.00,,13.00,1,,,,,,,,,,,,,,14.00,,,,,,,,,,7,,1979.90,4.00,,,4,4,1,14,,,,,,,,,,,12.00,4.00,2.00,2.00,20.00,4.00,1.00,1.00
1480.00,2,2.00,4,,,,90.00,,14,91.00,,13.00,1,,,,,,,,,,,,,,14.00,,,,,,,,,,7,,2284.50,5.00,,,3,4,2,14,,,,,,,,,,,12.00,4.00,2.00,2.00,20.00,4.00,2.00,1.00
1481.00,3,3.00,4,,,,90.00,,14,91.00,,13.00,1,,,,,,,,,,,,,,14.00,,,,,,,,,,7,,3807.50,6.00,,,4,5,1,2,14,3,,,,,,,,,12.00,4.00,2.00,1.00,20.00,4.00,3.00,1.00
1482.00,7,4.00,4,,,,270.00,,14,271.00,,13.00,,1.00,2.00,,,,,,,,,,,,,,,17.00,1,2,,,,,,8,,98.00,,,4,4,1,3,4,5,14,,,,,,,,12.00,4.00,2.00,1.00,20.00,4.00,4.00,
1483.00,5,4.00,4,,,,330.00,,14,331.00,,13.00,,1.00,,,,,,,,,,,,,,,,,1,,,,,,,,,98.00,,,3,2,6,11,14,,,,,,,,,,12.00,4.00,2.00,2.00,20.00,4.00,4.00,
1484.00,1,1.00,3,,,,30.00,30.00,12,31.00,31.00,11.00,2,,2.00,,,,,,,,,,,,,,,,,2,,,,,,,1523.00,4.00,49.13,1.00,5,4,13,1,2,,,,,,,,,,12.00,4.00,2.00,2.00,20.00,3.00,1.00,2.00
1485.00,10,4.00,4,,,,300.00,,14,301.00,,13.00,,,,,,,,,8.00,,,11.00,,13.00,,,,17.00,,,,,5,6,,8,9138.00,6.00,,,4,4,3,1,2,4,5,14,,,,,,,12.00,4.00,2.00,2.00,20.00,4.00,4.00,
1486.00,6,4.00,4,,,,300.00,,14,301.00,,13.00,,1.00,,,,,,,,,,11.00,,13.00,,,16.00,17.00,1,,,,,6,7,8,7979.50,6.00,,,5,5,5,12,1,4,7,14,,,,,,,12.00,4.00,2.00,2.00,20.00,4.00,4.00,
1487.00,2,2.00,4,,,,270.00,,14,271.00,,13.00,,1.00,,,,,,,,,,,,,,,,,1,,,,,,,,8866.11,6.00,,,5,5,1,2,14,,,,,,,,,,12.00,4.00,2.00,2.00,20.00,4.00,2.00,
1488.00,3,3.00,4,,,,160.00,,14,161.00,,13.00,1,1.00,,,,,,,,,,,,,,,,,1,,,,,,,,4433.06,6.00,,,5,5,2,14,1,,,,,,,,,,12.00,4.00,2.00,2.00,20.00,4.00,3.00,1.00
1489.00,20,4.00,3,,,,84.00,,14,85.00,,12.00,2,1.00,2.00,,,,,,,,,,,,,,,,1,2,,,,,,,1523.00,4.00,,,4,4,1,2,13,,,,,,,,,,12.00,4.00,2.00,1.00,30.00,3.00,4.00,2.00
1490.00,5,4.00,4,,,,364.00,,14,365.00,,13.00,,,,3.00,,,,,,,,,,,,,,,,,3,,,,,,4433.06,6.00,,,5,4,1,14,,,,,,,,,,,12.00,4.00,2.00,1.00,20.00,4.00,4.00,
1491.00,2,2.00,3,,,,29.00,29.00,12,30.00,30.00,11.00,2,1.00,,3.00,,,,,,,,,,,,,,,1,,3,,,,,,6092.00,6.00,203.07,3.00,4,4,13,1,2,,,,,,,,,,12.00,4.00,2.00,1.00,30.00,3.00,2.00,2.00
1492.00,15,4.00,3,,,,29.00,29.00,12,30.00,30.00,11.00,2,,2.00,,,,,7.00,,,,,,,,,,,,2,,,5,,,,9138.00,6.00,304.60,4.00,3,2,13,1,,,,,,,,,,,12.00,4.00,2.00,1.00,30.00,3.00,4.00,2.00
1493.00,5,4.00,4,,,,300.00,,14,301.00,,13.00,,1.00,2.00,,,,,,,,,,,,,,,,1,2,,,,,,,7092.89,6.00,,,4,4,14,1,,,,,,,,,,,12.00,4.00,2.00,1.00,20.00,4.00,4.00,
1494.00,2,2.00,3,,,,44.00,44.00,13,45.00,45.00,11.00,1,,,,,,,7.00,,,,,,,,,,,,,,,5,,,,9138.00,6.00,203.07,3.00,5,4,13,1,2,,,,,,,,,,12.00,4.00,2.00,1.00,30.00,3.00,2.00,1.00
1495.00,4,4.00,3,,,,30.00,30.00,12,31.00,31.00,11.00,2,,,,,,,,,,,,,,,,16.00,,,,,,,,7,,3950.76,6.00,127.44,2.00,4,4,13,,,,,,,,,,,,12.00,4.00,97.00,1.00,50.00,3.00,4.00,2.00
1496.00,4,4.00,4,,,,364.00,,14,365.00,,13.00,,1.00,2.00,3.00,,,,,,,,,,13.00,14.00,,,17.00,1,2,3,,,6,7,8,9520.00,6.00,,,5,3,1,2,3,4,6,10,9,14,,,,,12.00,4.00,16.00,2.00,30.00,4.00,4.00,
1497.00,2,2.00,3,,,,30.00,30.00,12,31.00,31.00,11.00,1,,,,4.00,,,,,,,,,,,,,,,,,4,,,,,5440.00,6.00,175.48,2.00,5,5,13,,,,,,,,,,,,12.00,4.00,16.00,1.00,50.00,3.00,2.00,1.00
1498.00,1,1.00,3,,,,14.00,14.00,11,15.00,15.00,11.00,2,,,,,,6.00,,,,,,,,,,,,,,,,5,,,,3300.00,6.00,220.00,3.00,3,3,13,,,,,,,,,,,,12.00,4.00,97.00,1.00,40.00,3.00,1.00,2.00
1499.00,2,2.00,4,,,,120.00,,14,121.00,,13.00,1,1.00,2.00,,,,,,,,,,,,,,,,1,2,,,,,,,5387.40,6.00,,,5,2,1,2,3,10,14,,,,,,,,12.00,4.00,97.00,2.00,20.00,4.00,2.00,1.00
1500.00,3,3.00,3,,,,35.00,35.00,13,36.00,36.00,11.00,2,,,,,,,,,,,,,13.00,,,,,,,,,,6,,,6800.00,6.00,188.89,2.00,4,3,13,,,,,,,,,,,,12.00,4.00,97.00,1.00,50.00,3.00,3.00,2.00
1501.00,5,4.00,2,13,,,50.00,50.00,13,51.00,51.00,11.00,1,,,,4.00,,,,,,,,,,,,,,,,,4,,,,,1916.40,4.00,37.58,1.00,5,5,1,2,,,,,,,,,,,12.00,4.00,1.00,2.00,50.00,2.00,4.00,1.00
1502.00,2,2.00,3,,,,21.00,21.00,12,22.00,22.00,11.00,2,,,3.00,,,,,,,,,,,,,,,,,3,,,,,,3449.52,6.00,156.80,2.00,3,3,13,,,,,,,,,,,,12.00,4.00,1.00,1.00,40.00,3.00,2.00,2.00
1503.00,4,4.00,4,,,,364.00,,14,365.00,,13.00,,1.00,2.00,,4.00,,,,,,,,,13.00,,,,17.00,1,2,,4,,6,,8,,98.00,,,5,2,1,2,3,4,6,7,8,10,11,14,,,12.00,4.00,1.00,2.00,20.00,4.00,4.00,
1504.00,3,3.00,3,,,,60.00,60.00,14,61.00,,12.00,1,,,,,,,,,,10.00,,,,,,,,,,,,,6,,,6345.16,6.00,,,4,4,13,,,,,,,,,,,,12.00,4.00,12.00,1.00,40.00,3.00,3.00,1.00
1505.00,1,1.00,2,13,,,90.00,,14,91.00,,13.00,1,1.00,2.00,,,,,,,,,,,,,,,,1,2,,,,,,,3831.04,6.00,,,5,5,2,,,,,,,,,,,,12.00,4.00,97.00,2.00,30.00,2.00,1.00,1.00
1506.00,2,2.00,3,,,,45.00,45.00,13,46.00,46.00,11.00,1,,,,,,,,8.00,,,,,,,,,,,,,,5,,,,4669.08,6.00,101.50,2.00,3,3,13,,,,,,,,,,,,12.00,4.00,12.00,1.00,30.00,3.00,2.00,1.00
1507.00,2,2.00,4,,,,364.00,,14,365.00,,13.00,,,2.00,,,,,,,,,,,,,,,,,2,,,,,,,,98.00,,,5,3,14,2,,,,,,,,,,,12.00,4.00,9.00,2.00,20.00,4.00,2.00,
1508.00,4,4.00,2,13,,,90.00,,14,91.00,,13.00,1,1.00,,,,,,,,,,,,,,,,,1,,,,,,,,3000.00,5.00,,,5,5,2,,,,,,,,,,,,12.00,4.00,9.00,2.00,20.00,2.00,4.00,1.00
1509.00,1,1.00,2,13,,,100.00,,14,101.00,,13.00,1,,,,,,,,,,,,12.00,,,,,,,,,,,6,,,1773.22,4.00,,,5,5,2,,,,,,,,,,,,12.00,4.00,6.00,2.00,50.00,2.00,1.00,1.00
1510.00,1,1.00,4,,,,270.00,,14,271.00,,13.00,,1.00,,,4.00,,,,,,,,,13.00,,,,,1,,,4,,6,,,7979.50,6.00,,,5,4,2,4,5,11,14,,,,,,,,12.00,4.00,97.00,2.00,20.00,4.00,1.00,
1511.00,2,2.00,3,,,,60.00,60.00,14,61.00,,12.00,1,,,,,,,,,,10.00,,,,,,,,,,,,,6,,,6584.60,6.00,,,4,5,4,13,,,,,,,,,,,12.00,4.00,12.00,1.00,50.00,3.00,2.00,1.00
1512.00,1,1.00,3,,,,180.00,,14,181.00,,13.00,1,,2.00,,,,,,,,,,,,,,,,,2,,,,,,,7700.00,6.00,,,4,4,2,6,13,,,,,,,,,,12.00,4.00,9.00,1.00,50.00,3.00,1.00,1.00
1513.00,1,1.00,3,,,,210.00,,14,211.00,,13.00,1,1.00,,,,,,,,,,,,,,,,,1,,,,,,,,8500.00,6.00,,,4,5,1,13,,,,,,,,,,,12.00,4.00,9.00,1.00,30.00,3.00,1.00,1.00
1514.00,3,3.00,3,,,,4.00,4.00,4,5.00,5.00,5.00,2,1.00,,,,,,,,,,,,,,,,,1,,,,,,,,3800.00,6.00,760.00,7.00,5,3,13,,,,,,,,,,,,12.00,4.00,9.00,1.00,40.00,3.00,3.00,2.00
1515.00,1,1.00,4,,,,120.00,,14,121.00,,13.00,1,1.00,,,,,,,,,,,,13.00,,,,,1,,,,,6,,,5000.00,6.00,,,5,5,2,3,4,5,6,10,11,12,14,,,,12.00,4.00,9.00,2.00,20.00,4.00,1.00,1.00
1516.00,1,1.00,3,,,,21.00,21.00,12,22.00,22.00,11.00,1,,2.00,,,,,,,,,,,,,,,17.00,,2,,,,,,8,3800.00,6.00,172.73,2.00,5,5,1,2,3,5,6,13,,,,,,,12.00,4.00,9.00,1.00,40.00,3.00,1.00,1.00
1517.00,1,1.00,3,,,,150.00,,14,151.00,,13.00,1,,,3.00,,,,,,,,,,13.00,,,,,,,3,,,6,,,6584.60,6.00,,,4,4,3,4,13,,,,,,,,,,12.00,4.00,13.00,1.00,30.00,3.00,1.00,1.00
1518.00,1,1.00,3,,,,180.00,,14,181.00,,13.00,1,1.00,,,,,,,,,,,,,,,,,1,,,,,,,,8000.00,6.00,,,4,5,1,2,3,4,5,6,,,,,,,12.00,4.00,9.00,2.00,20.00,3.00,1.00,1.00
1519.00,8,4.00,3,,,,30.00,30.00,12,31.00,31.00,11.00,1,,2.00,,,,,,,,,,,13.00,,,,,,2,,,,6,,,3500.00,6.00,112.90,2.00,4,4,2,13,,,,,,,,,,,12.00,4.00,97.00,1.00,30.00,3.00,4.00,1.00
1520.00,1,1.00,2,1,3,4,150.00,,14,151.00,,13.00,1,1.00,,,,,,,,,,,,,,15.00,,,1,,,,,,7,,1507.24,4.00,,,5,5,1,2,4,5,9,,,,,,,,12.00,4.00,6.00,2.00,20.00,2.00,1.00,1.00
1521.00,2,2.00,3,,,,41.00,41.00,13,42.00,42.00,11.00,1,1.00,2.00,3.00,,,,,,,,,,,,,,,1,2,3,,,,,,,98.00,,,4,5,13,1,,,,,,,,,,,12.00,4.00,8.00,1.00,50.00,3.00,2.00,1.00
1522.00,10,4.00,3,,,,62.00,,14,63.00,,12.00,1,,2.00,,,,,,,,,,,,,,,,,2,,,,,,,574.92,2.00,,,4,2,13,1,,,,,,,,,,,12.00,4.00,1.00,1.00,40.00,3.00,4.00,1.00
1523.00,3,3.00,2,13,,,150.00,,14,151.00,,13.00,1,1.00,,,,,,,,,,,,,,,,,1,,,,,,,,2659.83,5.00,,,4,4,2,1,,,,,,,,,,,12.00,4.00,2.00,2.00,30.00,2.00,3.00,1.00
1524.00,5,4.00,4,,,,330.00,,14,331.00,,13.00,,1.00,,,,,,,,,,,,,,,,,1,,,,,,,,,98.00,,,4,4,1,2,,,,,,,,,,,12.00,4.00,2.00,1.00,20.00,4.00,4.00,
1525.00,3,3.00,4,,,,59.00,59.00,13,60.00,60.00,11.00,1,,,,,,,,,,,11.00,,,,,,,,,,,,6,,,3655.20,6.00,60.92,1.00,5,4,14,1,,,,,,,,,,,12.00,4.00,2.00,1.00,30.00,4.00,3.00,1.00
1526.00,5,4.00,1,2,1,5,364.00,,14,365.00,,13.00,,1.00,,,,,,,,,,,,,,,,,1,,,,,,,,,98.00,,,5,5,1,2,,,,,,,,,,,12.00,4.00,2.00,1.00,20.00,1.00,4.00,
1527.00,1,1.00,4,,,,90.00,,14,91.00,,13.00,1,1.00,,,,,,,,,,,,,,,,,1,,,,,,,,1773.22,4.00,,,4,4,1,2,14,,,,,,,,,,12.00,4.00,2.00,1.00,20.00,4.00,1.00,1.00
1528.00,10,4.00,2,1,3,2,240.00,,14,241.00,,13.00,1,1.00,2.00,3.00,,,,,,,,,,,,,,,1,2,3,,,,,,761.50,2.00,,,4,4,3,1,,,,,,,,,,,12.00,4.00,2.00,1.00,40.00,2.00,4.00,1.00
1529.00,2,2.00,4,,,,270.00,,14,271.00,,13.00,,1.00,,,,,,,,,,,,,,,,,1,,,,,,,,8866.11,6.00,,,5,4,1,2,3,10,12,14,,,,,,,12.00,4.00,2.00,1.00,20.00,4.00,2.00,
1530.00,6,4.00,2,13,,,330.00,,14,331.00,,13.00,,1.00,,,,,,,,,,,,,,,,,1,,,,,,,,3546.45,6.00,,,5,4,1,,,,,,,,,,,,12.00,4.00,2.00,2.00,40.00,2.00,4.00,
1531.00,2,2.00,3,,,,32.00,32.00,13,33.00,33.00,11.00,1,,,,,,,,,,,,,,,15.00,,,,,,,,,7,,1437.30,3.00,43.55,1.00,3,3,1,2,13,,,,,,,,,,12.00,4.00,1.00,1.00,50.00,3.00,2.00,1.00
1532.00,50,4.00,3,,,,29.00,29.00,12,30.00,30.00,11.00,1,,2.00,,,,,,,,,,,,,,,,,2,,,,,,,2874.60,5.00,95.82,1.00,4,4,1,13,,,,,,,,,,,12.00,4.00,1.00,1.00,40.00,3.00,4.00,1.00
1533.00,1,1.00,4,,,,90.00,,14,91.00,,13.00,1,,,,,,,,,,,,,,,15.00,,,,,,,,,7,,1979.90,4.00,,,5,5,2,5,1,14,,,,,,,,,12.00,4.00,2.00,1.00,20.00,4.00,1.00,1.00
1534.00,5,4.00,2,1,,,20.00,20.00,11,21.00,21.00,11.00,1,1.00,,,,,,,,,,,,,,,,,1,,,,,,,,1773.22,4.00,84.44,1.00,5,4,1,,,,,,,,,,,,12.00,4.00,1.00,1.00,20.00,2.00,4.00,1.00
1535.00,10,4.00,2,1,2,,69.00,,14,70.00,,12.00,1,,2.00,,,,,,,,,,,,,,,,,2,,,,,,,4433.06,6.00,,,5,5,2,1,,,,,,,,,,,12.00,4.00,2.00,1.00,30.00,2.00,4.00,1.00
1536.00,15,4.00,3,,,,79.00,,14,80.00,,12.00,1,,2.00,,,,,,,,,,,,,,,,,2,,,,,,,3162.06,6.00,,,5,5,13,1,,,,,,,,,,,12.00,4.00,1.00,1.00,30.00,3.00,4.00,1.00
1537.00,1,1.00,3,,,,89.00,,14,90.00,,12.00,2,,2.00,,,,,,,,,,,,,,,,,2,,,,,,,3591.60,6.00,,,5,5,1,13,,,,,,,,,,,12.00,4.00,12.00,1.00,60.00,3.00,1.00,2.00
1538.00,4,4.00,4,,,,90.00,,14,91.00,,13.00,1,1.00,2.00,,,,,7.00,,,,,,,,,,,1,2,,,5,,,,2741.40,5.00,,,5,4,2,1,14,,,,,,,,,,12.00,4.00,2.00,2.00,20.00,4.00,4.00,1.00
1539.00,1,1.00,4,,,,90.00,,14,91.00,,13.00,1,,,,,,,,,,,,,,,15.00,,,,,,,,,7,,2284.50,5.00,,,5,5,2,1,14,,,,,,,,,,12.00,4.00,2.00,2.00,20.00,4.00,1.00,1.00
1540.00,3,3.00,4,,,,90.00,,14,91.00,,13.00,1,,2.00,,,,,,,,,,,,,,,,,2,,,,,,,7615.00,6.00,,,4,4,2,4,5,14,,,,,,,,,12.00,4.00,2.00,2.00,20.00,4.00,3.00,1.00
1541.00,5,4.00,4,,,,270.00,,14,271.00,,13.00,1,1.00,,,,,,,,,,,,,,,,,1,,,,,,,,8866.11,6.00,,,4,4,2,1,14,,,,,,,,,,12.00,4.00,2.00,2.00,20.00,4.00,4.00,1.00
1542.00,1,1.00,3,,,,60.00,60.00,14,61.00,,12.00,2,,,,,,,7.00,,,,,,,,,,,,,,,5,,,,1523.00,4.00,,,5,5,13,1,2,,,,,,,,,,12.00,4.00,2.00,1.00,30.00,3.00,1.00,2.00
1543.00,3,3.00,4,,,,180.00,,14,181.00,,13.00,1,,,,,,,,,,,,,13.00,,,,,,,,,,6,,,4569.00,6.00,,,4,4,14,1,2,3,,,,,,,,,12.00,4.00,2.00,2.00,20.00,4.00,3.00,1.00
1544.00,1,1.00,4,,,,364.00,,14,365.00,,13.00,,,,,,,,,,,,,,13.00,,,,,,,,,,6,,,,98.00,,,5,5,1,2,3,12,14,,,,,,,,12.00,4.00,2.00,2.00,20.00,4.00,1.00,
1545.00,1,1.00,4,,,,300.00,,14,301.00,,13.00,,,,,,,,7.00,,,,,,,,,,,,,,,5,,,,,98.00,,,5,5,2,1,14,,,,,,,,,,12.00,4.00,2.00,2.00,20.00,4.00,1.00,
1546.00,3,3.00,4,,,,300.00,,14,301.00,,13.00,,1.00,,,,,,,,,10.00,,,,,,,17.00,1,,,,,6,,8,,98.00,,,5,5,3,8,7,2,1,14,,,,,,,12.00,4.00,2.00,2.00,20.00,4.00,3.00,
1547.00,6,4.00,4,,,,330.00,,14,331.00,,13.00,,1.00,,,,,,,,,,,,,,,,17.00,1,,,,,,,8,,98.00,,,5,5,1,2,3,4,6,7,8,10,11,12,14,,12.00,4.00,2.00,2.00,20.00,4.00,4.00,
1548.00,2,2.00,4,,,,300.00,,14,301.00,,13.00,,1.00,,,,,,,,,,,,13.00,,,,,1,,,,,6,,,,98.00,,,4,4,1,3,14,,,,,,,,,,12.00,4.00,2.00,2.00,20.00,4.00,2.00,
1549.00,6,4.00,4,,,,330.00,,14,331.00,,13.00,,1.00,,,,,,,,,,,,,,,,,1,,,,,,,,,98.00,,,4,4,1,2,14,,,,,,,,,,12.00,4.00,2.00,1.00,20.00,4.00,4.00,
1550.00,5,4.00,2,13,,,90.00,,14,91.00,,13.00,1,1.00,,,,,,,,,,,,,,,,,1,,,,,,,,2659.83,5.00,,,4,4,1,,,,,,,,,,,,12.00,4.00,2.00,1.00,40.00,2.00,4.00,1.00
1551.00,1,1.00,4,,,,150.00,,14,151.00,,13.00,1,1.00,,,,,,,,,,,,,,,,,1,,,,,,,,2132.20,5.00,,,5,4,1,14,2,,,,,,,,,,12.00,4.00,2.00,2.00,20.00,4.00,1.00,1.00
1552.00,1,1.00,4,,,,90.00,,14,91.00,,13.00,1,1.00,,,,,,,,,,,,,,,,,1,,,,,,,,6092.00,6.00,,,4,4,14,2,1,,,,,,,,,,12.00,4.00,2.00,2.00,20.00,4.00,1.00,1.00
1553.00,5,4.00,4,,,,120.00,,14,121.00,,13.00,1,,2.00,,,,,,,,,,,,,,,,,2,,,,,,,,98.00,,,5,3,1,11,14,10,,,,,,,,,12.00,4.00,2.00,2.00,20.00,4.00,4.00,1.00
1554.00,3,3.00,4,,,,300.00,,14,301.00,,13.00,,,2.00,,,,,,,,,,,,,,,,,2,,,,,,,,98.00,,,4,4,1,2,3,4,5,6,11,12,14,,,,12.00,4.00,2.00,2.00,20.00,4.00,3.00,
1555.00,10,4.00,3,,,,300.00,,14,301.00,,13.00,,1.00,2.00,3.00,,,,,,,,,,,,,,,1,2,3,,,,,,8866.11,6.00,,,5,4,13,1,2,14,,,,,,,,,12.00,4.00,2.00,2.00,20.00,3.00,4.00,
1556.00,2,2.00,4,,,,300.00,,14,301.00,,13.00,,1.00,,,,,,,,,10.00,,,,,,,,1,,,,,6,,,5319.67,6.00,,,5,4,1,2,3,12,14,,,,,,,,12.00,4.00,2.00,2.00,20.00,4.00,2.00,
1557.00,5,4.00,4,,,,270.00,,14,271.00,,13.00,,,,,,,,,,,10.00,,,,,,,,,,,,,6,,,4433.06,6.00,,,5,5,1,2,6,12,3,14,,,,,,,12.00,4.00,2.00,1.00,20.00,4.00,4.00,
1558.00,4,4.00,4,,,,300.00,,14,301.00,,13.00,,1.00,,,,,,,,,,,,,,,,,1,,,,,,,,,98.00,,,4,3,8,11,1,6,12,2,14,,,,,,12.00,4.00,2.00,2.00,20.00,4.00,4.00,
1559.00,2,2.00,4,,,,300.00,,14,301.00,,13.00,,1.00,,,,,,,,,,,,,,,,,1,,,,,,,,,98.00,,,4,4,2,8,14,,,,,,,,,,12.00,4.00,2.00,2.00,20.00,4.00,2.00,
1560.00,6,4.00,4,,,,120.00,,14,121.00,,13.00,1,,2.00,,,,,,,,,,,,,,,,,2,,,,,,,2659.83,5.00,,,4,4,14,1,,,,,,,,,,,12.00,4.00,2.00,2.00,20.00,4.00,4.00,1.00
1561.00,4,4.00,4,,,,300.00,,14,301.00,,13.00,,,,,,,6.00,,,,,,,13.00,,,,,,,,,5,6,,,3350.60,6.00,,,4,4,1,3,2,14,,,,,,,,,12.00,4.00,2.00,1.00,20.00,4.00,4.00,
1562.00,4,4.00,3,,,,364.00,,14,365.00,,13.00,,1.00,,,,,,,,,,,,,,,,,1,,,,,,,,,98.00,,,4,4,13,1,,,,,,,,,,,12.00,4.00,2.00,1.00,30.00,3.00,4.00,
1563.00,1,1.00,4,,,,120.00,,14,121.00,,13.00,1,,,,,,,,,,,11.00,,,,,,,,,,,,6,,,4876.36,6.00,,,4,2,1,14,,,,,,,,,,,12.00,4.00,2.00,2.00,20.00,4.00,1.00,1.00
1564.00,5,4.00,4,,,,150.00,,14,151.00,,13.00,1,,2.00,,4.00,,,,,,,,,,,,,,,2,,4,,,,,5178.20,6.00,,,4,4,1,14,2,,,,,,,,,,12.00,4.00,2.00,1.00,20.00,4.00,4.00,1.00
1565.00,1,1.00,4,,,,120.00,,14,121.00,,13.00,1,1.00,,,,,,,,,,,,,,,,,1,,,,,,,,4569.00,6.00,,,4,4,1,2,14,,,,,,,,,,12.00,4.00,2.00,2.00,20.00,4.00,1.00,1.00
1566.00,6,4.00,4,,,,90.00,,14,91.00,,13.00,1,,,,,,,,,,,,,,,,16.00,,,,,,,,7,,2284.50,5.00,,,5,4,14,1,2,,,,,,,,,,12.00,4.00,2.00,2.00,20.00,4.00,4.00,1.00
1567.00,6,4.00,4,,,,90.00,,14,91.00,,13.00,1,,,,,,,,,,,,,,,,16.00,,,,,,,,7,,2436.80,5.00,,,5,4,14,1,2,,,,,,,,,,12.00,4.00,2.00,1.00,20.00,4.00,4.00,1.00
1568.00,6,4.00,1,2,3,4,300.00,,14,301.00,,13.00,,1.00,,,,,,,,9.00,,,,,,,,,1,,,,,6,,,,98.00,,,4,4,1,2,3,4,6,,,,,,,,12.00,4.00,2.00,1.00,20.00,1.00,4.00,
1569.00,2,2.00,4,,,,270.00,,14,271.00,,13.00,,1.00,,,,,,,,,,,,,,,,,1,,,,,,,,8334.15,6.00,,,4,4,14,2,4,,,,,,,,,,12.00,4.00,2.00,2.00,20.00,4.00,2.00,
1570.00,5,4.00,4,,,,270.00,,14,271.00,,13.00,,1.00,,,,,,,,,,,,,,,,,1,,,,,,,,8422.81,6.00,,,4,4,1,14,2,,,,,,,,,,12.00,4.00,2.00,1.00,20.00,4.00,4.00,
1571.00,2,2.00,4,,,,270.00,,14,271.00,,13.00,,1.00,,,,,,,,,,,,,,,,,1,,,,,,,,5330.50,6.00,,,5,4,14,2,1,4,5,,,,,,,,12.00,4.00,2.00,1.00,20.00,4.00,2.00,
1572.00,1,1.00,4,,,,90.00,,14,91.00,,13.00,1,1.00,,,,,,,,,,,,,,,,,1,,,,,,,,,98.00,,,4,4,1,2,14,,,,,,,,,,12.00,4.00,2.00,1.00,20.00,4.00,1.00,1.00
1573.00,4,4.00,3,,,,89.00,,14,90.00,,12.00,1,,,,4.00,,,,,,,,,,,,,,,,,4,,,,,5025.90,6.00,,,4,4,13,1,,,,,,,,,,,12.00,4.00,2.00,1.00,30.00,3.00,4.00,1.00
1574.00,6,4.00,4,,,,270.00,,14,271.00,,13.00,,1.00,,,,,,,,,,,,,,,,,1,,,,,,,,,98.00,,,4,4,1,2,3,5,7,10,11,14,,,,,12.00,4.00,2.00,2.00,20.00,4.00,4.00,
1575.00,1,1.00,3,,,,60.00,60.00,14,61.00,,12.00,2,,,,,,,,,,,,,13.00,,,,,,,,,,6,,,4569.00,6.00,,,5,4,13,1,3,,,,,,,,,,12.00,4.00,2.00,1.00,50.00,3.00,1.00,2.00
1576.00,5,4.00,3,,,,60.00,60.00,14,61.00,,12.00,1,1.00,,3.00,,,,,,,10.00,,,,,,,,1,,3,,,6,,,6206.28,6.00,,,3,3,13,,,,,,,,,,,,12.00,4.00,12.00,1.00,40.00,3.00,4.00,1.00
1577.00,3,3.00,3,,,,77.00,,14,78.00,,12.00,2,,2.00,,,,,,,,,,,,,,,,,2,,,,,,,,98.00,,,5,5,13,,,,,,,,,,,,12.00,4.00,97.00,1.00,50.00,3.00,3.00,2.00
1578.00,1,1.00,3,,,,23.00,23.00,12,24.00,24.00,11.00,2,1.00,2.00,,,,,,,,,,,,,,,,1,2,,,,,,,7183.20,6.00,299.30,3.00,4,4,13,3,4,6,,,,,,,,,12.00,4.00,12.00,1.00,50.00,3.00,1.00,2.00
1579.00,20,4.00,2,13,,,29.00,29.00,12,30.00,30.00,11.00,1,1.00,,,,,,,,,,,,,,,,,1,,,,,,,,10000.00,6.00,333.33,4.00,3,5,1,2,,,,,,,,,,,12.00,4.00,9.00,2.00,60.00,2.00,4.00,1.00
1580.00,2,2.00,3,,,,270.00,,14,271.00,,13.00,,,2.00,,,,,,,,,,,,,,,,,2,,,,,,,4000.00,6.00,,,5,5,1,2,3,13,10,,,,,,,,12.00,4.00,15.00,1.00,20.00,3.00,2.00,
1581.00,2,2.00,3,,,,320.00,,14,321.00,,13.00,,1.00,,3.00,,,,,,,,,,,,,,,1,,3,,,,,,2659.83,5.00,,,5,5,2,13,11,,,,,,,,,,12.00,4.00,15.00,2.00,30.00,3.00,2.00,
1582.00,3,3.00,2,13,,,360.00,,14,361.00,,13.00,,,,,,,,,,,,,,,14.00,,16.00,,,,,,,,7,,2659.83,5.00,,,5,3,2,3,4,,,,,,,,,,12.00,4.00,15.00,2.00,60.00,2.00,3.00,
1583.00,15,4.00,3,,,,300.00,,14,301.00,,13.00,,1.00,2.00,3.00,4.00,5.00,,,,,,,,,,,,,1,2,3,4,5,,,,5000.00,6.00,,,5,5,2,13,10,,,,,,,,,,12.00,4.00,15.00,1.00,40.00,3.00,4.00,
1584.00,1,1.00,3,,,,12.00,12.00,11,13.00,13.00,11.00,2,,2.00,,,,,,,,,,,,,,,,,2,,,,,,,5387.40,6.00,414.42,5.00,5,4,13,,,,,,,,,,,,12.00,4.00,97.00,1.00,30.00,3.00,1.00,2.00
1585.00,7,4.00,3,,,,42.00,42.00,13,43.00,43.00,11.00,1,,2.00,,,,,,,,,,,,,,,,,2,,,,,,,5986.00,6.00,139.21,2.00,4,4,13,,,,,,,,,,,,12.00,4.00,12.00,1.00,30.00,3.00,4.00,1.00
1586.00,18,4.00,3,,,,50.00,50.00,13,51.00,51.00,11.00,2,1.00,2.00,,,,,,,,,,,,,,,,1,2,,,,,,,7781.80,6.00,152.58,2.00,4,4,13,,,,,,,,,,,,12.00,4.00,12.00,1.00,40.00,3.00,4.00,2.00
1587.00,3,3.00,3,,,,23.00,23.00,12,24.00,24.00,11.00,2,,,,,,,7.00,,,,,,,,,,,,,,,5,,,,2216.53,5.00,92.36,1.00,4,5,13,,,,,,,,,,,,12.00,4.00,12.00,1.00,30.00,3.00,3.00,2.00
1588.00,1,1.00,3,,,,21.00,21.00,12,22.00,22.00,11.00,2,,2.00,,,,,,,,,,,,,,,,,2,,,,,,,5986.00,6.00,272.09,3.00,5,5,13,,,,,,,,,,,,12.00,4.00,12.00,1.00,30.00,3.00,1.00,2.00
1589.00,1,1.00,4,,,,180.00,,14,181.00,,13.00,1,1.00,,3.00,,,,,,,,,,13.00,,,,,1,,3,,,6,,,8000.00,6.00,,,5,5,2,3,4,10,14,,,,,,,,12.00,4.00,8.00,2.00,20.00,4.00,1.00,1.00
1590.00,1,1.00,4,,,,120.00,,14,121.00,,13.00,1,1.00,,,,,,,,,,11.00,,13.00,14.00,,,,1,,,,,6,7,,4000.00,6.00,,,5,5,1,2,3,4,6,9,12,14,,,,,12.00,4.00,12.00,1.00,20.00,4.00,1.00,1.00
1591.00,1,1.00,4,,,,120.00,,14,121.00,,13.00,1,1.00,2.00,,4.00,,,,,9.00,,,,13.00,,15.00,,17.00,1,2,,4,,6,7,8,5986.00,6.00,,,4,5,1,2,3,4,9,10,14,5,6,7,8,,12.00,4.00,12.00,2.00,20.00,4.00,1.00,1.00
1592.00,1,1.00,4,,,,120.00,,14,121.00,,13.00,1,1.00,2.00,,4.00,,,,,9.00,,,,13.00,,,,,1,2,,4,,6,,,,98.00,,,5,5,2,3,4,6,7,8,10,11,14,,,,12.00,4.00,12.00,1.00,20.00,4.00,1.00,1.00
1593.00,2,2.00,3,,,,21.00,21.00,12,22.00,22.00,11.00,2,1.00,,,,,,7.00,,,,,,,,,,,1,,,,5,,,,3591.60,6.00,163.25,2.00,4,3,13,,,,,,,,,,,,12.00,4.00,97.00,1.00,40.00,3.00,2.00,2.00
1594.00,1,1.00,4,,,,300.00,,14,301.00,,13.00,,1.00,,,,,,,,,,,,,,15.00,,,1,,,,,,7,,,98.00,,,5,5,2,4,6,3,14,,,,,,,,12.00,4.00,12.00,1.00,20.00,4.00,1.00,
1595.00,1,1.00,4,,,,350.00,,14,351.00,,13.00,,1.00,2.00,,4.00,,,,,,,,,13.00,,15.00,,17.00,1,2,,4,,6,7,8,,98.00,,,5,5,2,3,4,5,6,14,,,,,,,12.00,4.00,12.00,2.00,20.00,4.00,1.00,
1596.00,7,4.00,3,,,,25.00,25.00,12,26.00,26.00,11.00,2,1.00,,,,5.00,,,,,,11.00,,,,,,,1,,,,5,6,,,7183.20,6.00,276.28,3.00,4,5,13,,,,,,,,,,,,12.00,4.00,12.00,1.00,60.00,3.00,4.00,2.00
1597.00,2,2.00,2,13,,,300.00,,14,301.00,,13.00,,,,,,,6.00,,,,,,12.00,,,,,,,,,,5,6,,,2659.83,5.00,,,5,5,2,3,,,,,,,,,,,12.00,4.00,97.00,2.00,60.00,2.00,2.00,
1598.00,1,1.00,3,,,,24.00,24.00,12,25.00,25.00,11.00,1,,,,,,,,,,,11.00,,,,,,,,,,,,6,,,10000.00,6.00,400.00,4.00,5,4,2,13,,,,,,,,,,,12.00,4.00,9.00,1.00,50.00,3.00,1.00,1.00
1599.00,35,4.00,3,,,,29.00,29.00,12,30.00,30.00,11.00,1,,,3.00,,,,,,,10.00,,,,,,,,,,3,,,6,,,5500.00,6.00,183.33,2.00,5,5,13,14,,,,,,,,,,,12.00,4.00,9.00,1.00,60.00,3.00,4.00,1.00
1600.00,1,1.00,4,,,,90.00,,14,91.00,,13.00,1,1.00,2.00,,,,,,,,,,,,,,,,1,2,,,,,,,6000.00,6.00,,,4,5,2,3,10,,,,,,,,,,12.00,4.00,9.00,2.00,20.00,4.00,1.00,1.00
1601.00,3,3.00,3,,,,13.00,13.00,11,14.00,14.00,11.00,2,,,,,,,,,,,,,,,,16.00,,,,,,,,7,,10000.00,6.00,714.29,7.00,5,5,13,,,,,,,,,,,,12.00,4.00,9.00,1.00,40.00,3.00,3.00,2.00
1602.00,2,2.00,3,,,,360.00,,14,361.00,,13.00,,1.00,,,,,,,,,,,,,,,,,1,,,,,,,,,98.00,,,5,5,2,4,10,11,13,,,,,,,,12.00,4.00,97.00,2.00,20.00,3.00,2.00,
1603.00,1,1.00,3,,,,60.00,60.00,14,61.00,,12.00,1,1.00,,3.00,,,,,,,,,,,,,,,1,,3,,,,,,8000.00,6.00,,,4,3,13,,,,,,,,,,,,12.00,4.00,97.00,1.00,30.00,3.00,1.00,1.00
1604.00,2,2.00,4,,,,120.00,,14,121.00,,13.00,1,1.00,,,4.00,,,,,,,,,,,,,,1,,,4,,,,,3546.45,6.00,,,5,5,1,2,3,14,,,,,,,,,12.00,4.00,97.00,1.00,20.00,4.00,2.00,1.00
1605.00,1,1.00,4,,,,364.00,,14,365.00,,13.00,,1.00,,,,,,,,,,,,13.00,14.00,,,,1,,,,,6,7,,8000.00,6.00,,,5,3,1,2,3,4,14,,,,,,,,12.00,4.00,97.00,1.00,20.00,4.00,1.00,
1606.00,4,4.00,3,,,,30.00,30.00,12,31.00,31.00,11.00,1,,,,,,,,8.00,,,,,,,,,,,,,,5,,,,4080.00,6.00,131.61,2.00,3,3,13,,,,,,,,,,,,12.00,4.00,16.00,1.00,40.00,3.00,4.00,1.00
1607.00,1,1.00,4,,,,180.00,,14,181.00,,13.00,1,1.00,,,,,,,,,,,,13.00,,,,17.00,1,,,,,6,,8,,98.00,,,5,5,1,2,3,6,14,11,,,,,,,12.00,4.00,97.00,2.00,20.00,4.00,1.00,1.00
1608.00,2,2.00,3,,,,40.00,40.00,13,41.00,41.00,11.00,1,1.00,2.00,,,,,,,,,,,,,,,,1,2,,,,,,,3352.16,6.00,81.76,1.00,3,3,13,,,,,,,,,,,,12.00,4.00,97.00,1.00,30.00,3.00,2.00,1.00
1609.00,3,3.00,4,,,,300.00,,14,301.00,,13.00,,,2.00,,,,,,,,,,,,,,,,,2,,,,,,,5330.50,6.00,,,4,5,2,10,11,14,,,,,,,,,12.00,4.00,2.00,1.00,20.00,4.00,3.00,
1610.00,3,3.00,4,,,,360.00,,14,361.00,,13.00,,1.00,,3.00,,,,,,,,,,,,,,,1,,3,,,,,,6092.00,6.00,,,4,4,2,3,7,14,,,,,,,,,12.00,4.00,2.00,2.00,20.00,4.00,3.00,
1611.00,3,3.00,2,11,13,,30.00,30.00,12,31.00,31.00,11.00,1,,,,,,,,,,,11.00,,,,,,,,,,,,6,,,2000.00,4.00,64.52,1.00,5,5,1,,,,,,,,,,,,12.00,4.00,9.00,1.00,50.00,2.00,3.00,1.00
1612.00,15,4.00,3,,,,132.00,,14,133.00,,13.00,1,,,,,,,,,,10.00,,,,,,,,,,,,,6,,,4779.58,6.00,,,5,5,6,13,,,,,,,,,,,12.00,4.00,10.00,1.00,60.00,3.00,4.00,1.00
1613.00,8,4.00,3,,,,60.00,60.00,14,61.00,,12.00,1,,2.00,,,,,7.00,,,,,,,,,,,,2,,,5,,,,5000.00,6.00,,,4,3,3,13,,,,,,,,,,,12.00,4.00,9.00,1.00,50.00,3.00,4.00,1.00
1614.00,1,1.00,3,,,,210.00,,14,211.00,,13.00,1,1.00,2.00,,,,,,,,,,,13.00,,,,,1,2,,,,6,,,5000.00,6.00,,,5,5,2,3,4,13,,,,,,,,,12.00,4.00,9.00,2.00,20.00,3.00,1.00,1.00
1615.00,8,4.00,3,,,,12.00,12.00,11,13.00,13.00,11.00,2,,,,,,,7.00,,,,,,,,,,,,,,,5,,,,2500.00,5.00,192.31,2.00,4,5,13,,,,,,,,,,,,12.00,4.00,9.00,1.00,60.00,3.00,4.00,2.00
1616.00,26,4.00,3,,,,90.00,,14,91.00,,13.00,2,,,,,,,,,,,,,13.00,,,,,,,,,,6,,,3800.00,6.00,,,5,5,3,2,13,,,,,,,,,,12.00,4.00,9.00,1.00,60.00,3.00,4.00,2.00
1617.00,1,1.00,4,,,,120.00,,14,121.00,,13.00,1,1.00,,3.00,,,,,,,,,,,,,,,1,,3,,,,,,5500.00,6.00,,,5,2,3,14,,,,,,,,,,,12.00,4.00,9.00,2.00,20.00,4.00,1.00,1.00
1618.00,8,4.00,3,,,,7.00,7.00,7,8.00,8.00,8.00,2,,2.00,,,,,,,,,,,,,,,,,2,,,,,,,531.97,2.00,66.50,1.00,3,3,13,,,,,,,,,,,,12.00,4.00,1.00,1.00,30.00,3.00,4.00,2.00
1619.00,1,1.00,3,,,,77.00,,14,78.00,,12.00,1,,,,,,,,,,10.00,,,,,,,,,,,,,6,,,4542.74,6.00,,,5,5,2,3,13,,,,,,,,,,12.00,4.00,11.00,1.00,40.00,3.00,1.00,1.00
1620.00,2,2.00,3,,,,90.00,,14,91.00,,13.00,1,,,,,,,,,,,,12.00,,,,,,,,,,,6,,,6680.50,6.00,,,5,5,2,10,13,,,,,,,,,,12.00,4.00,11.00,1.00,50.00,3.00,2.00,1.00
1621.00,2,2.00,3,,,,5.00,5.00,5,6.00,6.00,6.00,2,1.00,,,,,,,,,,,,,,,,,1,,,,,,,,2300.00,5.00,383.33,4.00,4,5,13,,,,,,,,,,,,12.00,4.00,9.00,1.00,40.00,3.00,2.00,2.00
1622.00,4,4.00,3,,,,90.00,,14,91.00,,13.00,1,1.00,,,4.00,,,,,,,,,,,,,,1,,,4,,,,,6413.28,6.00,,,5,5,3,4,6,13,,,,,,,,,12.00,4.00,11.00,1.00,60.00,3.00,4.00,1.00
1623.00,1,1.00,4,,,,80.00,,14,81.00,,12.00,1,1.00,,,,,,,,,,,,13.00,,,,,1,,,,,6,,,2127.87,5.00,,,5,5,2,4,5,7,14,,,,,,,,12.00,4.00,97.00,2.00,20.00,4.00,1.00,1.00
1624.00,1,1.00,4,,,,90.00,,14,91.00,,13.00,1,,2.00,,,,,,,,,,,,,,,,,2,,,,,,,5986.00,6.00,,,2,1,2,6,14,,,,,,,,,,12.00,4.00,97.00,1.00,20.00,4.00,1.00,1.00
1625.00,3,3.00,3,,,,80.00,,14,81.00,,12.00,1,1.00,,,,,,,,,,,,,,,,17.00,1,,,,,,,8,6947.72,6.00,,,4,4,2,3,4,5,13,,,,,,,,12.00,4.00,11.00,2.00,40.00,3.00,3.00,1.00
1626.00,6,4.00,3,,,,90.00,,14,91.00,,13.00,1,,,,,,,7.00,,,,,,,,,,,,,,,5,,,,7665.60,6.00,,,5,5,13,,,,,,,,,,,,12.00,4.00,1.00,1.00,40.00,3.00,4.00,1.00
1627.00,10,4.00,3,,,,14.00,14.00,11,15.00,15.00,11.00,2,,,,,,,,,,10.00,,,,,,,,,,,,,6,,,1916.40,4.00,127.76,2.00,4,4,13,,,,,,,,,,,,12.00,4.00,1.00,1.00,50.00,3.00,4.00,2.00
1628.00,30,4.00,3,,,,56.00,56.00,13,57.00,57.00,11.00,1,,2.00,,,,,,,,,,,13.00,,,,,,2,,,,6,,,9582.00,6.00,168.11,2.00,4,4,13,,,,,,,,,,,,12.00,4.00,1.00,1.00,40.00,3.00,4.00,1.00
1629.00,2,2.00,3,,,,50.00,50.00,13,51.00,51.00,11.00,1,,,,,,,7.00,,,,,,,,,,,,,,,5,,,,3832.80,6.00,75.15,1.00,3,3,13,2,,,,,,,,,,,12.00,4.00,1.00,1.00,30.00,3.00,2.00,1.00
1630.00,4,4.00,3,,,,60.00,60.00,14,61.00,,12.00,1,1.00,,3.00,,,,,,,,,,,,,,,1,,3,,,,,,4791.00,6.00,,,5,5,13,2,1,,,,,,,,,,12.00,4.00,1.00,1.00,40.00,3.00,4.00,1.00
1631.00,2,2.00,3,,,,30.00,30.00,12,31.00,31.00,11.00,2,,,,,,,,,,,,,,14.00,,,,,,,,,,7,,4788.80,6.00,154.48,2.00,4,4,13,,,,,,,,,,,,12.00,4.00,11.00,1.00,40.00,3.00,2.00,2.00
1632.00,10,4.00,3,,,,45.00,45.00,13,46.00,46.00,11.00,1,,,,,,,7.00,,,,,,,,,,,,,,,5,,,,5940.84,6.00,129.15,2.00,5,5,13,2,1,,,,,,,,,,12.00,4.00,1.00,1.00,40.00,3.00,4.00,1.00
1633.00,10,4.00,2,13,,,60.00,60.00,14,61.00,,12.00,1,1.00,,,,,,,,,,,,,,,,,1,,,,,,,,2874.60,5.00,,,5,5,1,2,,,,,,,,,,,12.00,4.00,1.00,2.00,20.00,2.00,4.00,1.00
1634.00,1,1.00,4,,,,90.00,,14,91.00,,13.00,1,1.00,,,,,,,,,,,,13.00,,,,17.00,1,,,,,6,,8,4000.00,6.00,,,5,5,1,2,3,6,14,,,,,,,,12.00,4.00,97.00,2.00,20.00,4.00,1.00,1.00
1635.00,2,2.00,3,,,,90.00,,14,91.00,,13.00,1,,2.00,3.00,,,,,,,,,,,,,,,,2,3,,,,,,6707.40,6.00,,,4,4,13,,,,,,,,,,,,12.00,4.00,1.00,2.00,30.00,3.00,2.00,1.00
1636.00,1,1.00,4,,,,120.00,,14,121.00,,13.00,1,1.00,,,,,,,,,,,,13.00,,,,17.00,1,,,,,6,,8,4433.06,6.00,,,5,3,1,2,3,5,14,,,,,,,,12.00,4.00,11.00,2.00,20.00,4.00,1.00,1.00
1637.00,2,2.00,3,,,,40.00,40.00,13,41.00,41.00,11.00,1,1.00,,,,,,,,,,,,,,,,,1,,,,,,,,6000.00,6.00,146.34,2.00,4,3,13,1,,,,,,,,,,,12.00,4.00,9.00,1.00,40.00,3.00,2.00,1.00
1638.00,1,1.00,4,,,,180.00,,14,181.00,,13.00,1,1.00,2.00,3.00,,,,,,,,,,,,,,17.00,1,2,3,,,,,8,7200.00,6.00,,,5,2,1,2,3,14,11,,,,,,,,12.00,4.00,9.00,2.00,20.00,4.00,1.00,1.00
1639.00,2,2.00,2,13,,,80.00,,14,81.00,,12.00,1,,,,,,,,,9.00,,,,,,,,,,,,,,6,,,4300.00,6.00,,,5,5,1,2,3,,,,,,,,,,12.00,4.00,9.00,2.00,50.00,2.00,2.00,1.00
1640.00,1,1.00,3,,,,90.00,,14,91.00,,13.00,1,1.00,,3.00,,,,,,,,,,,,,,,1,,3,,,,,,800.00,2.00,,,5,5,2,3,4,5,10,13,,,,,,,12.00,4.00,97.00,1.00,20.00,3.00,1.00,1.00
1641.00,2,2.00,2,1,3,,49.00,49.00,13,50.00,50.00,11.00,1,1.00,,,,,,,,,,,,,,,,,1,,,,,,,,1000.00,2.00,20.00,1.00,5,5,1,3,2,,,,,,,,,,12.00,4.00,9.00,2.00,50.00,2.00,2.00,1.00
1642.00,5,4.00,3,,,,44.00,44.00,13,45.00,45.00,11.00,1,,,,,,,,,,,11.00,,,,,,,,,,,,6,,,,98.00,,,5,5,2,3,5,6,13,15,,,,,,,12.00,4.00,9.00,1.00,30.00,3.00,4.00,1.00
1643.00,10,4.00,3,,,,62.00,,14,63.00,,12.00,1,,2.00,,,,,,,,,,,,,,,,,2,,,,,,,6206.28,6.00,,,3,4,1,13,,,,,,,,,,,12.00,4.00,1.00,1.00,50.00,3.00,4.00,1.00
1644.00,4,4.00,3,,,,79.00,,14,80.00,,12.00,1,,2.00,,,,,,,,,,,,,,,,,2,,,,,,,9582.00,6.00,,,4,4,4,2,1,13,,,,,,,,,12.00,4.00,2.00,1.00,40.00,3.00,4.00,1.00
1645.00,5,4.00,2,1,2,5,150.00,,14,151.00,,13.00,1,1.00,,,,,,,,,10.00,,,,,,,,1,,,,,6,,,7351.00,6.00,,,5,5,1,2,3,10,4,5,6,12,,,,,12.00,4.00,8.00,1.00,20.00,2.00,4.00,1.00
1646.00,5,4.00,4,,,,90.00,,14,91.00,,13.00,1,,,,,,,,,,,11.00,,,,,,,,,,,,6,,,1773.22,4.00,,,5,5,1,2,3,5,7,14,,,,,,,12.00,4.00,1.00,2.00,20.00,4.00,4.00,1.00
1647.00,6,4.00,3,,,,3.00,3.00,3,4.00,4.00,4.00,2,,2.00,,,,,,,,,,,,,,,,,2,,,,,,,670.74,2.00,167.69,2.00,4,3,13,,,,,,,,,,,,12.00,4.00,1.00,1.00,40.00,3.00,4.00,2.00
1648.00,4,4.00,4,,,,120.00,,14,121.00,,13.00,1,1.00,,,,,,,,,,,,,,,,,1,,,,,,,,2659.83,5.00,,,4,4,2,4,3,14,,,,,,,,,12.00,4.00,97.00,2.00,20.00,4.00,4.00,1.00
1649.00,1,1.00,3,,,,364.00,,14,365.00,,13.00,,1.00,2.00,3.00,,,,,,,,,,,,,,,1,2,3,,,,,,,98.00,,,5,5,2,3,5,13,6,9,10,11,,,,,12.00,4.00,9.00,2.00,20.00,3.00,1.00,
1650.00,1,1.00,3,,,,364.00,,14,365.00,,13.00,,,,,,,,,,,10.00,,,,,,,,,,,,,6,,,9752.72,6.00,,,4,4,13,,,,,,,,,,,,12.00,4.00,17.00,1.00,20.00,3.00,1.00,
1651.00,1,1.00,4,,,,300.00,,14,301.00,,13.00,,1.00,,3.00,,,,,,,,,,,,,,,1,,3,,,,,,4000.00,6.00,,,5,5,2,3,4,5,8,14,,,,,,,12.00,4.00,9.00,2.00,20.00,4.00,1.00,
1652.00,1,1.00,3,,,,120.00,,14,121.00,,13.00,1,1.00,,3.00,,,,,,,,,,13.00,,,,,1,,3,,,6,,,7979.50,6.00,,,4,5,2,3,13,,,,,,,,,,12.00,4.00,97.00,2.00,30.00,3.00,1.00,1.00
1653.00,10,4.00,3,,,,300.00,,14,301.00,,13.00,,1.00,,,,,,,,,,,,,,,,,1,,,,,,,,7979.50,6.00,,,4,4,13,1,,,,,,,,,,,12.00,4.00,2.00,1.00,40.00,3.00,4.00,
1654.00,4,4.00,3,,,,150.00,,14,151.00,,13.00,1,1.00,,,,,,,,,,,,,,,,,1,,,,,,,,3103.14,6.00,,,4,4,13,,,,,,,,,,,,12.00,4.00,2.00,1.00,40.00,3.00,4.00,1.00
1655.00,6,4.00,4,,,,364.00,,14,365.00,,13.00,,1.00,,,,,,,,,,,,,,,,,1,,,,,,,,,98.00,,,5,5,1,14,,,,,,,,,,,12.00,4.00,14.00,2.00,20.00,4.00,4.00,
1656.00,10,4.00,4,,,,150.00,,14,151.00,,13.00,1,,,,,,,,,,,,,13.00,,,,,,,,,,6,,,3046.00,6.00,,,3,2,14,,,,,,,,,,,,12.00,4.00,2.00,2.00,20.00,4.00,4.00,1.00
1657.00,6,4.00,4,,,,120.00,,14,121.00,,13.00,1,1.00,,,,,,,,,,,,,,,,,1,,,,,,,,3837.96,6.00,,,5,3,2,1,14,,,,,,,,,,12.00,4.00,2.00,2.00,20.00,4.00,4.00,1.00
1658.00,8,4.00,4,,,,120.00,,14,121.00,,13.00,1,1.00,,,,,,,,,,,,,,,,,1,,,,,,,,3655.20,6.00,,,5,4,2,11,1,14,,,,,,,,,12.00,4.00,2.00,2.00,20.00,4.00,4.00,1.00
1659.00,2,2.00,4,,,,90.00,,14,91.00,,13.00,1,1.00,,,,,,,,,,,,,,,,,1,,,,,,,,3807.50,6.00,,,4,4,11,2,8,14,,,,,,,,,12.00,4.00,2.00,2.00,20.00,4.00,2.00,1.00
1660.00,10,4.00,4,,,,180.00,,14,181.00,,13.00,1,,,,,,,7.00,,,,,,,,,,,,,,,5,,,,5178.20,6.00,,,4,4,1,2,3,5,6,14,,,,,,,12.00,4.00,2.00,1.00,20.00,4.00,4.00,1.00
1661.00,10,4.00,4,,,,90.00,,14,91.00,,13.00,1,,,,,,,7.00,,,,,,,,,,,,,,,5,,,,2741.40,5.00,,,4,4,1,2,5,14,,,,,,,,,12.00,4.00,2.00,1.00,20.00,4.00,4.00,1.00
1662.00,10,4.00,4,,,,90.00,,14,91.00,,13.00,1,,,,,,,7.00,,,,,,,,,,,,,,,5,,,,3046.00,6.00,,,4,4,1,2,14,,,,,,,,,,12.00,4.00,2.00,2.00,20.00,4.00,4.00,1.00
1663.00,5,4.00,4,,,,330.00,,14,331.00,,13.00,,1.00,,,,,,,,,,,,,,,,,1,,,,,,,,8422.81,6.00,,,5,4,1,2,4,10,14,,,,,,,,12.00,4.00,2.00,2.00,20.00,4.00,4.00,
1664.00,3,3.00,4,,,,300.00,,14,301.00,,13.00,,1.00,,,,,,,,,,,,,,,,,1,,,,,,,,5319.67,6.00,,,4,4,2,14,,,,,,,,,,,12.00,4.00,2.00,2.00,20.00,4.00,3.00,
1665.00,8,4.00,4,,,,60.00,60.00,14,61.00,,12.00,1,1.00,,,,,,,,,,,,,,,,,1,,,,,,,,2393.85,5.00,,,4,4,2,14,,,,,,,,,,,12.00,4.00,2.00,2.00,20.00,4.00,4.00,1.00
1666.00,3,3.00,4,,,,300.00,,14,301.00,,13.00,,1.00,,,,,,,,,,,,,,,,,1,,,,,,,,8376.50,6.00,,,4,4,1,2,14,,,,,,,,,,12.00,4.00,2.00,2.00,20.00,4.00,3.00,
1667.00,8,4.00,4,,,,270.00,,14,271.00,,13.00,,,,,,,,,,,,,,,,15.00,,,,,,,,,7,,9138.00,6.00,,,4,4,3,2,14,,,,,,,,,,12.00,4.00,2.00,2.00,20.00,4.00,4.00,
1668.00,8,4.00,4,,,,300.00,,14,301.00,,13.00,,1.00,,,,,,,,,,,,,,,,,1,,,,,,,,2436.80,5.00,,,4,4,1,2,3,11,14,,,,,,,,12.00,4.00,2.00,2.00,20.00,4.00,4.00,
1669.00,1,1.00,4,,,,180.00,,14,181.00,,13.00,1,,,,,,,,,,,,,,,15.00,,,,,,,,,7,,3198.30,6.00,,,3,4,1,2,14,,,,,,,,,,12.00,4.00,2.00,2.00,20.00,4.00,1.00,1.00
1670.00,1,1.00,4,,,,180.00,,14,181.00,,13.00,1,,,,,,,,,,,,,,,15.00,,,,,,,,,7,,2741.40,5.00,,,4,4,2,4,14,,,,,,,,,,12.00,4.00,2.00,2.00,20.00,4.00,1.00,1.00
1671.00,5,4.00,3,,,,330.00,,14,331.00,,13.00,,,2.00,,,,,7.00,,,,,,,,,,,,2,,,5,,,,,98.00,,,5,4,2,1,3,13,,,,,,,,,12.00,4.00,2.00,1.00,50.00,3.00,4.00,
1672.00,1,1.00,4,,,,160.00,,14,161.00,,13.00,1,1.00,,,,,,,,9.00,,,,13.00,,,,17.00,1,,,,,6,,8,5746.56,6.00,,,5,5,2,3,4,6,10,14,,,,,,,12.00,4.00,97.00,2.00,20.00,4.00,1.00,1.00
1673.00,1,1.00,4,,,,145.00,,14,146.00,,13.00,1,1.00,,,,,,,,,,,,13.00,14.00,15.00,,17.00,1,,,,,6,7,8,4190.20,6.00,,,5,5,3,4,10,12,14,,,,,,,,12.00,4.00,97.00,1.00,20.00,4.00,1.00,1.00
1674.00,1,1.00,4,,,,150.00,,14,151.00,,13.00,1,,,,,,,,,,,11.00,,13.00,,,,17.00,,,,,,6,,8,9577.60,6.00,,,4,5,2,6,14,3,4,10,,,,,,,12.00,4.00,97.00,2.00,20.00,4.00,1.00,1.00
1675.00,3,3.00,3,,,,150.00,,14,151.00,,13.00,1,1.00,,,,,,,,,,,,,,,,,1,,,,,,,,,98.00,,,3,5,2,4,6,13,,,,,,,,,12.00,4.00,97.00,1.00,40.00,3.00,3.00,1.00
1676.00,10,4.00,2,13,,,60.00,60.00,14,61.00,,12.00,1,,,,,,,,,9.00,10.00,,12.00,13.00,,,,,,,,,,6,,,4433.06,6.00,,,5,5,3,4,,,,,,,,,,,12.00,4.00,11.00,1.00,30.00,2.00,4.00,1.00
1677.00,1,1.00,4,,,,120.00,,14,121.00,,13.00,1,1.00,,,,,,,,9.00,10.00,11.00,,,,,,,1,,,,,6,,,,98.00,,,5,5,14,2,3,4,,,,,,,,,12.00,4.00,9.00,2.00,20.00,4.00,1.00,1.00
1678.00,1,1.00,3,,,,30.00,30.00,12,31.00,31.00,11.00,1,1.00,,,,,,,,,,,,,,,,,1,,,,,,,,5000.00,6.00,161.29,2.00,5,5,2,3,4,7,13,,,,,,,,12.00,4.00,14.00,2.00,20.00,3.00,1.00,1.00
1679.00,2,2.00,3,,,,40.00,40.00,13,41.00,41.00,11.00,2,,,,,5.00,,,,,,,,,,,,,,,,,5,,,,5219.90,6.00,127.31,2.00,5,5,13,2,,,,,,,,,,,12.00,4.00,4.00,1.00,40.00,3.00,2.00,2.00
1680.00,1,1.00,4,,,,120.00,,14,121.00,,13.00,1,1.00,,,,,6.00,,,,,,,13.00,,,,,1,,,,5,6,,,8000.00,6.00,,,5,5,5,3,2,4,12,14,,,,,,,12.00,4.00,9.00,2.00,20.00,4.00,1.00,1.00
1681.00,1,1.00,3,,,,150.00,,14,151.00,,13.00,1,,,,,,,,,,,,,,,15.00,,,,,,,,,7,,3500.00,6.00,,,5,5,13,,,,,,,,,,,,12.00,4.00,10.00,1.00,30.00,3.00,1.00,1.00
1682.00,1,1.00,4,,,,160.00,,14,161.00,,13.00,1,1.00,,,,,,,,,,,,,,,,,1,,,,,,,,5500.00,6.00,,,5,5,3,4,14,6,,,,,,,,,12.00,4.00,14.00,2.00,20.00,4.00,1.00,1.00
1683.00,3,3.00,4,,,,280.00,,14,281.00,,13.00,,1.00,,,,,,,,,,,,,,,,17.00,1,,,,,,,8,6000.00,6.00,,,5,5,3,14,,,,,,,,,,,12.00,4.00,9.00,1.00,20.00,4.00,3.00,
1684.00,1,1.00,3,,,,300.00,,14,301.00,,13.00,,1.00,2.00,,,,,,,,,,,,,,,,1,2,,,,,,,8500.00,6.00,,,3,4,13,,,,,,,,,,,,12.00,4.00,9.00,1.00,20.00,3.00,1.00,
1685.00,30,4.00,3,,,,360.00,,14,361.00,,13.00,,1.00,,,,,,,,,,,,,,,,,1,,,,,,,,10000.00,6.00,,,4,5,1,2,12,13,,,,,,,,,12.00,4.00,9.00,2.00,50.00,3.00,4.00,
1686.00,20,4.00,3,,,,330.00,,14,331.00,,13.00,,,,,4.00,,,,,,,,,,,,,,,,,4,,,,,,98.00,,,5,5,2,13,3,10,,,,,,,,,12.00,4.00,9.00,1.00,60.00,3.00,4.00,
1687.00,4,4.00,3,,,,90.00,,14,91.00,,13.00,1,,,3.00,,,,,,,,,,,,,,,,,3,,,,,,5500.00,6.00,,,3,3,13,,,,,,,,,,,,12.00,4.00,16.00,1.00,40.00,3.00,4.00,1.00
1688.00,2,2.00,3,,,,30.00,30.00,12,31.00,31.00,11.00,2,,,,,,,,8.00,,,,,,,,,,,,,,5,,,,3591.60,6.00,115.86,2.00,3,3,13,,,,,,,,,,,,12.00,4.00,97.00,1.00,30.00,3.00,2.00,2.00
1689.00,1,1.00,4,,,,364.00,,14,365.00,,13.00,,1.00,2.00,3.00,4.00,,,,,,,,12.00,13.00,,,,,1,2,3,4,,6,,,,98.00,,,5,2,1,2,3,4,6,7,8,9,11,14,,,12.00,4.00,97.00,2.00,20.00,4.00,1.00,
1690.00,2,2.00,3,,,,65.00,,14,66.00,,12.00,1,1.00,,,,,,,,,,,,,,,,,1,,,,,,,,4400.00,6.00,,,4,2,13,,,,,,,,,,,,12.00,4.00,15.00,1.00,40.00,3.00,2.00,1.00
1691.00,1,1.00,3,,,,20.00,20.00,11,21.00,21.00,11.00,1,1.00,,,,,,,,,,,,,,,,,1,,,,,,,,0.00,1.00,0.00,1.00,4,2,13,,,,,,,,,,,,12.00,4.00,9.00,1.00,60.00,3.00,1.00,1.00
1692.00,2,2.00,3,,,,150.00,,14,151.00,,13.00,1,,,,,,,,,,,,,13.00,,,,,,,,,,6,,,5000.00,6.00,,,4,5,2,3,11,12,13,,,,,,,,12.00,4.00,97.00,2.00,60.00,3.00,2.00,1.00
1693.00,6,4.00,3,,,,30.00,30.00,12,31.00,31.00,11.00,1,,,,,5.00,6.00,,,,,,,,,,,,,,,,5,,,,3000.00,5.00,96.77,1.00,5,5,1,13,,,,,,,,,,,12.00,4.00,9.00,1.00,60.00,3.00,4.00,1.00
1694.00,1,1.00,3,,,,18.00,18.00,11,19.00,19.00,11.00,1,,2.00,,,,,,,,,,,,,,,,,2,,,,,,,2500.00,5.00,131.58,2.00,5,5,2,3,11,13,,,,,,,,,12.00,4.00,9.00,1.00,20.00,3.00,1.00,1.00
1695.00,2,2.00,3,,,,7.00,7.00,7,8.00,8.00,8.00,2,1.00,,,,,,,,,,,,,,,,,1,,,,,,,,3000.00,5.00,375.00,4.00,5,5,13,,,,,,,,,,,,12.00,4.00,97.00,1.00,60.00,3.00,2.00,2.00
1696.00,1,1.00,4,,,,140.00,,14,141.00,,13.00,1,1.00,,,,,,,,,,,,,,,,,1,,,,,,,,5986.00,6.00,,,5,5,2,3,4,5,10,14,,,,,,,12.00,4.00,13.00,2.00,20.00,4.00,1.00,1.00
1697.00,3,3.00,3,,,,27.00,27.00,12,28.00,28.00,11.00,2,,2.00,,,,,,,,,,,,,,,,,2,,,,,,,1595.90,4.00,57.00,1.00,5,5,13,,,,,,,,,,,,12.00,4.00,97.00,1.00,50.00,3.00,3.00,2.00
1698.00,2,2.00,3,,,,21.00,21.00,12,22.00,22.00,11.00,2,,2.00,,,,,,,,,,,,,,,,,2,,,,,,,1843.69,4.00,83.80,1.00,5,1,1,2,13,14,15,,,,,,,,12.00,4.00,13.00,1.00,20.00,3.00,2.00,2.00
1699.00,3,3.00,3,,,,70.00,,14,71.00,,12.00,1,1.00,,,,,,,,,10.00,11.00,,13.00,,,,,1,,,,,6,,,7183.20,6.00,,,4,4,1,2,3,4,13,,,,,,,,12.00,4.00,13.00,1.00,20.00,3.00,3.00,1.00
1700.00,1,1.00,3,,,,10.00,10.00,10,11.00,11.00,11.00,2,,,,,,,,,,,,,13.00,,,,,,,,,,6,,,0.00,1.00,0.00,1.00,2,5,13,,,,,,,,,,,,12.00,4.00,12.00,1.00,30.00,3.00,1.00,2.00
1701.00,2,2.00,3,,,,12.00,12.00,11,13.00,13.00,11.00,2,,,,,,6.00,,,,,,,,,,,,,,,,5,,,,5000.00,6.00,384.62,4.00,5,5,13,1,,,,,,,,,,,12.00,4.00,9.00,2.00,30.00,3.00,2.00,2.00
1702.00,1,1.00,3,,,,360.00,,14,361.00,,13.00,,1.00,2.00,3.00,4.00,,,,,,,,,,,,,,1,2,3,4,,,,,5319.67,6.00,,,4,5,1,2,3,4,5,11,13,,,,,,12.00,4.00,9.00,2.00,60.00,3.00,1.00,
1703.00,2,2.00,3,,,,6.00,6.00,6,7.00,7.00,7.00,2,,2.00,,,,,,,,,,,,,,,,,2,,,,,,,2993.00,5.00,427.57,5.00,4,5,13,,,,,,,,,,,,12.00,4.00,13.00,1.00,30.00,3.00,2.00,2.00
1704.00,1,1.00,4,,,,120.00,,14,121.00,,13.00,1,,,,,,,,,,,11.00,,13.00,,,,,,,,,,6,,,5986.00,6.00,,,5,5,3,4,6,14,,,,,,,,,12.00,4.00,13.00,1.00,20.00,4.00,1.00,1.00
1705.00,10,4.00,3,,,,14.00,14.00,11,15.00,15.00,11.00,2,,,,4.00,,,,,,,,,,,,,,,,,4,,,,,3832.80,6.00,255.52,3.00,3,3,13,,,,,,,,,,,,12.00,4.00,1.00,1.00,40.00,3.00,4.00,2.00
1706.00,4,4.00,3,,,,30.00,30.00,12,31.00,31.00,11.00,1,1.00,,,,,,,,,,,,,,,,,1,,,,,,,,3353.70,6.00,108.18,2.00,4,4,13,,,,,,,,,,,,12.00,4.00,1.00,1.00,50.00,3.00,4.00,1.00
1707.00,2,2.00,4,,,,364.00,,14,365.00,,13.00,,1.00,2.00,3.00,4.00,,,,,,,,,,,15.00,,,1,2,3,4,,,7,,8866.11,6.00,,,5,2,1,2,3,4,5,6,10,9,14,,,,12.00,4.00,1.00,2.00,20.00,4.00,2.00,
1708.00,10,4.00,3,,,,180.00,,14,181.00,,13.00,2,,,,,,,7.00,,,,,,,,,,,,,,,5,,,,4610.38,6.00,,,4,4,13,,,,,,,,,,,,12.00,4.00,1.00,1.00,50.00,3.00,4.00,2.00
1709.00,10,4.00,3,,,,90.00,,14,91.00,,13.00,1,,2.00,,,,,,,,,,,,,,,,,2,,,,,,,2874.60,5.00,,,4,4,13,,,,,,,,,,,,12.00,4.00,1.00,1.00,50.00,3.00,4.00,1.00
1710.00,20,4.00,3,,,,140.00,,14,141.00,,13.00,2,1.00,2.00,,,,,,,,,,,,,,,,1,2,,,,,,,,98.00,,,4,5,13,,,,,,,,,,,,12.00,4.00,1.00,1.00,40.00,3.00,4.00,2.00
1711.00,15,4.00,3,,,,45.00,45.00,13,46.00,46.00,11.00,1,,2.00,,,,,,,,,,,,,,,,,2,,,,,,,4791.00,6.00,104.15,2.00,5,4,13,2,,,,,,,,,,,12.00,4.00,1.00,1.00,50.00,3.00,4.00,1.00
1712.00,2,2.00,3,,,,30.00,30.00,12,31.00,31.00,11.00,2,,,,,,6.00,,,,,,,,,,,,,,,,5,,,,4000.00,6.00,129.03,2.00,3,3,13,2,,,,,,,,,,,12.00,4.00,9.00,1.00,50.00,3.00,2.00,2.00
1713.00,3,3.00,2,13,,,180.00,,14,181.00,,13.00,1,1.00,,,,,,,,,,,,,,,,,1,,,,,,,,6200.00,6.00,,,5,5,1,2,,,,,,,,,,,12.00,4.00,9.00,2.00,30.00,2.00,3.00,1.00
1714.00,12,4.00,3,,,,59.00,59.00,13,60.00,60.00,11.00,1,,,,4.00,,,,,,,,12.00,,,,,,,,,4,,6,,,1916.40,4.00,31.94,1.00,3,2,13,,,,,,,,,,,,12.00,4.00,1.00,1.00,30.00,3.00,4.00,1.00
1715.00,5,4.00,3,,,,7.00,7.00,7,8.00,8.00,8.00,2,,2.00,,,,,,,,,,,,,,,,,2,,,,,,,862.38,2.00,107.80,2.00,4,3,13,,,,,,,,,,,,12.00,4.00,1.00,1.00,40.00,3.00,4.00,2.00
1716.00,1,1.00,4,,,,120.00,,14,121.00,,13.00,1,1.00,,,,,,,,,,,,,,,,,1,,,,,,,,304.60,1.00,,,5,5,1,2,14,,,,,,,,,,12.00,4.00,2.00,2.00,20.00,4.00,1.00,1.00
1717.00,4,4.00,4,,,,90.00,,14,91.00,,13.00,1,1.00,,,4.00,,,,,,,,,,,,,,1,,,4,,,,,4569.00,6.00,,,5,5,1,2,3,10,14,,,,,,,,12.00,4.00,2.00,2.00,20.00,4.00,4.00,1.00
1718.00,5,4.00,3,,,,7.00,7.00,7,8.00,8.00,8.00,2,,,3.00,,,,,,,,,,13.00,,,,,,,3,,,6,,,341.35,1.00,42.67,1.00,3,4,13,,,,,,,,,,,,12.00,4.00,1.00,1.00,20.00,3.00,4.00,2.00
1719.00,2,2.00,4,,,,120.00,,14,121.00,,13.00,1,,,,4.00,,,,,,,,,13.00,,,,17.00,,,,4,,6,,8,6584.60,6.00,,,5,5,1,4,5,6,14,,,,,,,,12.00,4.00,12.00,2.00,20.00,4.00,2.00,1.00
1720.00,5,4.00,3,,,,7.00,7.00,7,8.00,8.00,8.00,2,1.00,,,,,,,,,,,,,,,,,1,,,,,,,,400.00,1.00,50.00,1.00,5,3,13,,,,,,,,,,,,12.00,4.00,1.00,1.00,30.00,3.00,4.00,2.00
1721.00,1,1.00,3,,,,18.00,18.00,11,19.00,19.00,11.00,1,,,3.00,,,,,,,,,,,,,,,,,3,,,,,,177.32,1.00,9.33,1.00,5,5,2,13,,,,,,,,,,,12.00,4.00,1.00,1.00,20.00,3.00,1.00,1.00
1722.00,2,2.00,4,,,,270.00,,14,271.00,,13.00,,1.00,,,,,,,,,,,,,,15.00,,,1,,,,,,7,,3000.00,5.00,,,5,5,2,12,14,,,,,,,,,,12.00,4.00,12.00,2.00,20.00,4.00,2.00,
1723.00,1,1.00,4,,,,120.00,,14,121.00,,13.00,1,1.00,,,,,,,,,,,,13.00,,,,17.00,1,,,,,6,,8,5000.00,6.00,,,5,5,2,3,4,5,14,,,,,,,,12.00,4.00,97.00,2.00,20.00,4.00,1.00,1.00
1724.00,7,4.00,3,,,,39.00,39.00,13,40.00,40.00,11.00,2,1.00,,,,5.00,,,,,,,,13.00,14.00,,,,1,,,,5,6,7,,5986.00,6.00,149.65,2.00,5,5,13,,,,,,,,,,,,12.00,4.00,12.00,1.00,40.00,3.00,4.00,2.00
1725.00,1,1.00,3,,,,45.00,45.00,13,46.00,46.00,11.00,1,1.00,,,,,6.00,7.00,,,,,,,,,,,1,,,,5,,,,6206.28,6.00,134.92,2.00,5,5,13,,,,,,,,,,,,12.00,4.00,12.00,1.00,50.00,3.00,1.00,1.00
1726.00,5,4.00,3,,,,35.00,35.00,13,36.00,36.00,11.00,2,,2.00,,,,6.00,,,,,,,,,,,,,2,,,5,,,,6584.60,6.00,182.91,2.00,4,5,13,,,,,,,,,,,,12.00,4.00,12.00,1.00,30.00,3.00,4.00,2.00
1727.00,6,4.00,3,,,,21.00,21.00,12,22.00,22.00,11.00,2,,2.00,3.00,,,6.00,,,,,,,,,,,,,2,3,,5,,,,5986.00,6.00,272.09,3.00,4,4,13,,,,,,,,,,,,12.00,4.00,12.00,1.00,20.00,3.00,4.00,2.00
1728.00,2,2.00,3,,,,60.00,60.00,14,61.00,,12.00,1,1.00,,3.00,,,,,,,,,,,,,,,1,,3,,,,,,4788.80,6.00,,,5,5,13,,,,,,,,,,,,12.00,4.00,97.00,1.00,50.00,3.00,2.00,1.00
1729.00,1,1.00,3,,,,180.00,,14,181.00,,13.00,1,1.00,,,4.00,,,,,,,,,,,,,,1,,,4,,,,,,98.00,,,5,5,2,3,13,9,,,,,,,,,12.00,4.00,12.00,1.00,30.00,3.00,1.00,1.00
1730.00,1,1.00,4,,,,120.00,,14,121.00,,13.00,1,1.00,,,,,,,,,,,,,,,,,1,,,,,,,,5986.00,6.00,,,5,5,2,4,6,14,,,,,,,,,12.00,4.00,13.00,2.00,20.00,4.00,1.00,1.00
1731.00,3,3.00,4,,,,320.00,,14,321.00,,13.00,,1.00,,,4.00,,,,,,,,,13.00,,,,17.00,1,,,4,,6,,8,9577.60,6.00,,,5,5,14,4,2,3,11,,,,,,,,12.00,4.00,12.00,2.00,20.00,4.00,3.00,
1732.00,1,1.00,3,,,,300.00,,14,301.00,,13.00,,1.00,2.00,3.00,,,,,,,,,,,,,,,1,2,3,,,,,,10000.00,6.00,,,4,5,12,2,4,6,13,10,,,,,,,12.00,4.00,9.00,1.00,20.00,3.00,1.00,
1733.00,1,1.00,4,,,,300.00,,14,301.00,,13.00,,1.00,,,,,,,,,,,,,,,,,1,,,,,,,,7000.00,6.00,,,5,4,14,10,4,5,6,2,,,,,,,12.00,4.00,9.00,2.00,20.00,4.00,1.00,
1734.00,2,2.00,4,,,,160.00,,14,161.00,,13.00,1,1.00,,,4.00,,,,,,,,,,,,,,1,,,4,,,,,5500.00,6.00,,,5,5,2,3,10,11,14,,,,,,,,12.00,4.00,9.00,2.00,20.00,4.00,2.00,1.00
1735.00,10,4.00,3,,,,300.00,,14,301.00,,13.00,,,2.00,,,,,,,,,,,,,,,,,2,,,,,,,,98.00,,,5,5,13,1,2,,,,,,,,,,12.00,4.00,2.00,1.00,40.00,3.00,4.00,
1736.00,4,4.00,2,13,,,120.00,,14,121.00,,13.00,1,,,,4.00,,,,,,,,,,,,,,,,,4,,,,,4569.00,6.00,,,5,5,2,,,,,,,,,,,,12.00,4.00,2.00,2.00,50.00,2.00,4.00,1.00
1737.00,2,2.00,4,,,,150.00,,14,151.00,,13.00,1,1.00,2.00,,,,,,,,,,,13.00,,,,,1,2,,,,6,,,9138.00,6.00,,,5,2,1,2,3,10,14,,,,,,,,12.00,4.00,2.00,2.00,20.00,4.00,2.00,1.00
1738.00,5,4.00,3,,,,180.00,,14,181.00,,13.00,1,1.00,,,,5.00,,,,,,,,,,,,,1,,,,5,,,,6548.90,6.00,,,4,4,13,2,,,,,,,,,,,12.00,4.00,2.00,1.00,30.00,3.00,4.00,1.00
1739.00,2,2.00,3,,,,30.00,30.00,12,31.00,31.00,11.00,2,,,,,,6.00,,,,,,,,,,,,,,,,5,,,,4429.64,6.00,142.89,2.00,5,5,13,,,,,,,,,,,,12.00,4.00,97.00,1.00,40.00,3.00,2.00,2.00
1740.00,2,2.00,4,,,,120.00,,14,121.00,,13.00,1,1.00,2.00,,,,,,,,,,,,,,,,1,2,,,,,,,3352.16,6.00,,,5,5,2,13,11,,,,,,,,,,12.00,4.00,12.00,2.00,20.00,4.00,2.00,1.00
1741.00,3,3.00,3,,,,45.00,45.00,13,46.00,46.00,11.00,1,,,,,,,,,,,11.00,,,,,,,,,,,,6,,,3191.80,6.00,69.39,1.00,4,4,13,,,,,,,,,,,,12.00,4.00,1.00,1.00,40.00,3.00,3.00,1.00
1742.00,2,2.00,4,,,,364.00,,14,365.00,,13.00,,1.00,2.00,3.00,,,,,,,,,,13.00,,,,17.00,1,2,3,,,6,,8,,98.00,,,5,5,1,2,3,4,5,6,7,10,11,14,,,12.00,4.00,1.00,2.00,20.00,4.00,2.00,
1743.00,10,4.00,3,,,,30.00,30.00,12,31.00,31.00,11.00,2,1.00,,,,,,,,,,,,,,,,,1,,,,,,,,3901.09,6.00,125.84,2.00,3,3,13,,,,,,,,,,,,12.00,4.00,1.00,1.00,40.00,3.00,4.00,2.00
1744.00,5,4.00,3,,,,60.00,60.00,14,61.00,,12.00,1,,2.00,,,,,,,,,,,,,,,,,2,,,,,,,5749.20,6.00,,,4,4,13,2,,,,,,,,,,,12.00,4.00,1.00,1.00,40.00,3.00,4.00,1.00
1745.00,2,2.00,4,,,,180.00,,14,181.00,,13.00,1,1.00,2.00,,,,,,,,,,,,,,,,1,2,,,,,,,6000.00,6.00,,,5,5,1,2,14,,,,,,,,,,12.00,4.00,9.00,2.00,20.00,4.00,2.00,1.00
1746.00,2,2.00,3,,,,30.00,30.00,12,31.00,31.00,11.00,2,,,,,,,,8.00,,,,,,,,,,,,,,5,,,,6584.60,6.00,212.41,3.00,5,5,13,,,,,,,,,,,,12.00,4.00,97.00,1.00,40.00,3.00,2.00,2.00
1747.00,1,1.00,3,,,,364.00,,14,365.00,,13.00,,1.00,2.00,,,,,,,,,,,,,,,,1,2,,,,,,,,98.00,,,5,2,13,2,1,10,,,,,,,,,12.00,4.00,15.00,1.00,30.00,3.00,1.00,
1748.00,1,1.00,3,,,,60.00,60.00,14,61.00,,12.00,1,,,,4.00,,,,,,,,,,,,,,,,,4,,,,,8000.00,6.00,,,4,4,13,2,,,,,,,,,,,12.00,4.00,15.00,1.00,40.00,3.00,1.00,1.00
1749.00,2,2.00,4,,,,120.00,,14,121.00,,13.00,1,1.00,2.00,,4.00,,,,,,,,12.00,,,,,,1,2,,4,,6,,,9000.00,6.00,,,5,5,1,2,3,10,14,,,,,,,,12.00,4.00,97.00,2.00,20.00,4.00,2.00,1.00
1750.00,1,1.00,4,,,,120.00,,14,121.00,,13.00,1,,,,4.00,,,,,,,,,13.00,,,,17.00,,,,4,,6,,8,4433.06,6.00,,,4,5,2,3,4,5,12,14,,,,,,,12.00,4.00,12.00,2.00,20.00,4.00,1.00,1.00
1751.00,1,1.00,4,,,,90.00,,14,91.00,,13.00,1,1.00,,,4.00,,,,,,,,,13.00,,,,,1,,,4,,6,,,5000.00,6.00,,,5,5,2,4,7,14,,,,,,,,,12.00,4.00,9.00,2.00,20.00,4.00,1.00,1.00
1752.00,5,4.00,2,13,,,30.00,30.00,12,31.00,31.00,11.00,1,,2.00,,,,,,,,,,,,,,,,,2,,,,,,,1801.42,4.00,58.11,1.00,5,5,2,3,,,,,,,,,,,12.00,4.00,1.00,2.00,40.00,2.00,4.00,1.00
1753.00,2,2.00,4,,,,300.00,,14,301.00,,13.00,,,,,,,,,,,,,,,,15.00,,17.00,,,,,,,7,8,4433.06,6.00,,,5,5,1,3,5,8,14,,,,,,,,12.00,4.00,19.00,2.00,20.00,4.00,2.00,
1754.00,1,1.00,4,,,,300.00,,14,301.00,,13.00,,1.00,2.00,3.00,,,,,,,,,,,,,,,1,2,3,,,,,,3546.45,6.00,,,4,4,1,2,3,4,5,9,14,,,,,,12.00,4.00,19.00,2.00,20.00,4.00,1.00,
1755.00,5,4.00,4,,,,300.00,,14,301.00,,13.00,,1.00,,,,,,,,,,,,,,,,,1,,,,,,,,7536.20,6.00,,,4,4,1,2,3,7,14,,,,,,,,12.00,4.00,19.00,2.00,20.00,4.00,4.00,
1756.00,5,4.00,4,,,,330.00,,14,331.00,,13.00,,,,,,,,,,,,,,,,15.00,,,,,,,,,7,,975.27,2.00,,,5,5,1,2,3,4,5,6,9,10,11,12,14,,12.00,4.00,19.00,2.00,20.00,4.00,4.00,
1757.00,1,1.00,4,,,,364.00,,14,365.00,,13.00,,,,,,,,,,9.00,,,,,,,,,,,,,,6,,,1152.59,3.00,,,4,4,1,2,6,14,,,,,,,,,12.00,4.00,19.00,1.00,20.00,4.00,1.00,
1758.00,1,1.00,3,,,,82.00,,14,83.00,,12.00,1,,2.00,,,,,,8.00,,,,,,,,,,,2,,,5,,,,814.47,2.00,,,4,4,2,1,13,,,,,,,,,,12.00,4.00,1.00,1.00,30.00,3.00,1.00,1.00
1759.00,1,1.00,3,,,,120.00,,14,121.00,,13.00,1,1.00,2.00,3.00,,,,,,,,,,13.00,,,,,1,2,3,,,6,,,,98.00,,,5,5,1,2,3,4,13,,,,,,,,12.00,4.00,9.00,1.00,30.00,3.00,1.00,1.00
1760.00,5,4.00,2,1,2,4,29.00,29.00,12,30.00,30.00,11.00,1,1.00,,,,,,,,,,,,,,,,,1,,,,,,,,95.82,1.00,3.19,1.00,5,5,1,2,,,,,,,,,,,12.00,4.00,1.00,2.00,20.00,2.00,4.00,1.00
1761.00,2,2.00,3,,,,19.00,19.00,11,20.00,20.00,11.00,1,,,,,,,,,,,,,,,15.00,,,,,,,,,7,,287.46,1.00,14.37,1.00,4,4,1,2,13,,,,,,,,,,12.00,4.00,1.00,1.00,30.00,3.00,2.00,1.00
1762.00,1,1.00,4,,,,364.00,,14,365.00,,13.00,,1.00,,,,,,,,,,,,,,,,,1,,,,,,,,10000.00,6.00,,,5,5,2,3,6,11,14,,,,,,,,12.00,4.00,15.00,1.00,20.00,4.00,1.00,
1763.00,1,1.00,3,,,,99.00,,14,100.00,,13.00,1,1.00,2.00,,,,,,,,,,,,,,,,1,2,,,,,,,3000.00,5.00,,,5,5,1,2,13,10,,,,,,,,,12.00,4.00,9.00,1.00,20.00,3.00,1.00,1.00
1764.00,1,1.00,3,,,,364.00,,14,365.00,,13.00,,1.00,2.00,3.00,,,,7.00,,,,,,,,,,,1,2,3,,5,,,,,98.00,,,5,5,1,2,3,4,6,10,11,13,,,,,12.00,4.00,15.00,1.00,30.00,3.00,1.00,
1765.00,2,2.00,4,,,,99.00,,14,100.00,,13.00,1,,,,,,,7.00,,,,,,,,,,,,,,,5,,,,3807.50,6.00,,,5,4,2,14,,,,,,,,,,,12.00,4.00,2.00,1.00,20.00,4.00,2.00,1.00
1766.00,1,1.00,3,,,,59.00,59.00,13,60.00,60.00,11.00,2,,,,,,,,,,,,12.00,,,,,,,,,,,6,,,3546.45,6.00,59.11,1.00,5,5,1,2,3,13,,,,,,,,,12.00,4.00,2.00,1.00,30.00,3.00,1.00,2.00
1767.00,6,4.00,3,,,,300.00,,14,301.00,,13.00,,,,,,,,7.00,,,,,,,,,,,,,,,5,,,,,98.00,,,4,4,13,1,,,,,,,,,,,12.00,4.00,2.00,1.00,50.00,3.00,4.00,
1768.00,1,1.00,4,,,,330.00,,14,331.00,,13.00,,,,,,,,,,,,,,,,,,17.00,,,,,,,,8,7979.50,6.00,,,3,4,1,2,3,5,14,,,,,,,,12.00,4.00,2.00,2.00,20.00,4.00,1.00,
1769.00,3,3.00,4,,,,364.00,,14,365.00,,13.00,,,,,,,,,,,,,,,,,,17.00,,,,,,,,8,8866.11,6.00,,,4,2,1,2,3,11,14,,,,,,,,12.00,4.00,2.00,2.00,20.00,4.00,3.00,
1770.00,2,2.00,4,,,,364.00,,14,365.00,,13.00,,1.00,,,,,,,,,,,,,,,,,1,,,,,,,,8866.11,6.00,,,4,4,2,4,5,6,7,8,10,12,14,,,,12.00,4.00,2.00,2.00,20.00,4.00,2.00,
1771.00,1,1.00,4,,,,120.00,,14,121.00,,13.00,1,,,,,,,,,,,,,,,,16.00,,,,,,,,7,,7979.50,6.00,,,5,5,14,2,,,,,,,,,,,12.00,4.00,2.00,1.00,20.00,4.00,1.00,1.00
1772.00,1,1.00,2,3,5,1,150.00,,14,151.00,,13.00,1,1.00,,,,,,,,,,,,,,,,,1,,,,,,,,8866.11,6.00,,,5,4,1,2,,,,,,,,,,,12.00,4.00,2.00,2.00,40.00,2.00,1.00,1.00
1773.00,1,1.00,4,,,,69.00,,14,70.00,,12.00,1,,,,,,,7.00,,,,,,,,,,,,,,,5,,,,7092.89,6.00,,,5,4,2,14,,,,,,,,,,,12.00,4.00,2.00,1.00,20.00,4.00,1.00,1.00
1774.00,1,1.00,4,,,,89.00,,14,90.00,,12.00,1,,,,,,,7.00,,,,,,,,,,,,,,,5,,,,4569.00,6.00,,,5,4,1,2,10,11,14,,,,,,,,12.00,4.00,2.00,1.00,20.00,4.00,1.00,1.00
1775.00,6,4.00,4,,,,330.00,,14,331.00,,13.00,,1.00,,,,,,,,,,,,,,,,,1,,,,,,,,,98.00,,,4,4,2,11,,,,,,,,,,,12.00,4.00,2.00,2.00,20.00,4.00,4.00,
1776.00,5,4.00,3,,,,364.00,,14,365.00,,13.00,,1.00,,,,,,,,,,,,,,,,,1,,,,,,,,,98.00,,,5,3,1,2,13,8,,,,,,,,,12.00,4.00,2.00,1.00,30.00,3.00,4.00,
1777.00,1,1.00,4,,,,270.00,,14,271.00,,13.00,,,,,,,,,,,,,,,,,16.00,,,,,,,,7,,,98.00,,,5,4,1,2,3,6,14,,,,,,,,12.00,4.00,2.00,2.00,20.00,4.00,1.00,
1778.00,2,2.00,4,,,,270.00,,14,271.00,,13.00,,,,,,,,,,,,,,,,,16.00,,,,,,,,7,,,98.00,,,5,5,1,3,2,5,6,7,11,12,14,,,,12.00,4.00,2.00,2.00,20.00,4.00,2.00,
1779.00,1,1.00,4,,,,90.00,,14,91.00,,13.00,1,1.00,,,,,,,,,,,,,,,,17.00,1,,,,,,,8,,98.00,,,3,2,1,2,14,,,,,,,,,,12.00,4.00,2.00,1.00,20.00,4.00,1.00,1.00
1780.00,2,2.00,4,,,,364.00,,14,365.00,,13.00,,1.00,,,,,,,,,,,,13.00,,,,17.00,1,,,,,6,,8,,98.00,,,4,4,1,2,3,5,6,7,14,,,,,,12.00,4.00,2.00,2.00,20.00,4.00,2.00,
1781.00,2,2.00,4,,,,364.00,,14,365.00,,13.00,,,2.00,,,,,,,,,,,,,,,,,2,,,,,,,,98.00,,,4,4,1,2,12,14,,,,,,,,,12.00,4.00,2.00,2.00,20.00,4.00,2.00,
1782.00,2,2.00,4,,,,330.00,,14,331.00,,13.00,,,,,,,,,,,10.00,,,,,,,,,,,,,6,,,8071.90,6.00,,,4,4,2,14,10,,,,,,,,,,12.00,4.00,2.00,1.00,20.00,4.00,2.00,
1783.00,4,4.00,4,,,,120.00,,14,121.00,,13.00,1,1.00,,,,,,,,,,,,,,,,,1,,,,,,,,6092.00,6.00,,,3,2,2,14,,,,,,,,,,,12.00,4.00,2.00,2.00,20.00,4.00,4.00,1.00
1784.00,1,1.00,3,,,,20.00,20.00,11,21.00,21.00,11.00,2,,,,,,,,,,,11.00,,,,,,,,,,,,6,,,3103.14,6.00,147.77,2.00,5,4,13,2,1,,,,,,,,,,12.00,4.00,2.00,1.00,30.00,3.00,1.00,2.00
1785.00,10,4.00,4,,,,300.00,,14,301.00,,13.00,,1.00,,,,,,,,,,,,,,,,17.00,1,,,,,,,8,,98.00,,,5,4,1,2,3,5,14,,,,,,,,12.00,4.00,2.00,2.00,20.00,4.00,4.00,
1786.00,5,4.00,4,,,,364.00,,14,365.00,,13.00,,,,,,,,,,,,11.00,,,,,,,,,,,,6,,,9309.42,6.00,,,5,4,14,2,,,,,,,,,,,12.00,4.00,2.00,2.00,20.00,4.00,4.00,
1787.00,1,1.00,4,,,,160.00,,14,161.00,,13.00,1,1.00,,,,,,,,,,,,,,,,,1,,,,,,,,2500.00,5.00,,,5,5,2,14,4,5,10,,,,,,,,12.00,4.00,15.00,2.00,20.00,4.00,1.00,1.00
1788.00,10,4.00,3,,,,299.00,,14,300.00,,13.00,,,,,,5.00,,,8.00,,,,,,,,,,,,,,5,,,,6000.00,6.00,,,5,5,2,13,,,,,,,,,,,12.00,4.00,15.00,1.00,40.00,3.00,4.00,
1789.00,4,4.00,2,13,,,350.00,,14,351.00,,13.00,,,,,,,,,,,,,,,,,16.00,,,,,,,,7,,3000.00,5.00,,,5,3,2,3,,,,,,,,,,,12.00,4.00,15.00,2.00,60.00,2.00,4.00,
1790.00,2,2.00,3,,,,270.00,,14,271.00,,13.00,,,,,,,,,,,10.00,11.00,,,,,,,,,,,,6,,,3000.00,5.00,,,4,4,13,2,,,,,,,,,,,12.00,4.00,15.00,2.00,30.00,3.00,2.00,
1791.00,1,1.00,4,,,,300.00,,14,301.00,,13.00,,1.00,2.00,3.00,,,,,,,,,,,,,,,1,2,3,,,,,,8000.00,6.00,,,5,4,1,2,4,5,6,14,,,,,,,12.00,4.00,15.00,1.00,20.00,4.00,1.00,
1792.00,1,1.00,2,13,,,50.00,50.00,13,51.00,51.00,11.00,1,1.00,2.00,,,,,,,,,,,,,,,,1,2,,,,,,,4000.00,6.00,78.43,1.00,4,3,1,2,3,4,10,,,,,,,,12.00,4.00,9.00,1.00,20.00,2.00,1.00,1.00
1793.00,1,1.00,2,13,,,45.00,45.00,13,46.00,46.00,11.00,1,,2.00,,,,,,,,,,,,,,,,,2,,,,,,,5000.00,6.00,108.70,2.00,4,4,1,10,,,,,,,,,,,12.00,4.00,9.00,2.00,20.00,2.00,1.00,1.00
1794.00,1,1.00,4,,,,120.00,,14,121.00,,13.00,1,1.00,,,,,,,,,,,,,,,,,1,,,,,,,,6000.00,6.00,,,4,4,1,2,4,6,5,14,,,,,,,12.00,4.00,9.00,2.00,20.00,4.00,1.00,1.00
1795.00,1,1.00,4,,,,150.00,,14,151.00,,13.00,1,1.00,,,,,,,,,,,,,,,,,1,,,,,,,,10000.00,6.00,,,5,5,2,5,14,,,,,,,,,,12.00,4.00,9.00,1.00,20.00,4.00,1.00,1.00
1796.00,1,1.00,4,,,,150.00,,14,151.00,,13.00,1,1.00,,,,,,,,,,,,13.00,,,,,1,,,,,6,,,10000.00,6.00,,,5,5,3,5,7,9,10,4,2,,6,,,,12.00,4.00,97.00,2.00,20.00,4.00,1.00,1.00
1797.00,2,2.00,3,,,,90.00,,14,91.00,,13.00,1,,,,4.00,,,,,,,,,,,,,,,,,4,,,,,6000.00,6.00,,,4,4,13,,,,,,,,,,,,12.00,4.00,15.00,1.00,30.00,3.00,2.00,1.00
1798.00,1,1.00,4,,,,130.00,,14,131.00,,13.00,1,1.00,2.00,,,,,,,,,,,,,,,,1,2,,,,,,,9577.60,6.00,,,5,5,14,11,2,3,10,,,,,,,,12.00,4.00,97.00,2.00,20.00,4.00,1.00,1.00
1799.00,3,3.00,3,,,,40.00,40.00,13,41.00,41.00,11.00,1,,,,,,,,,,10.00,,,,,,,,,,,,,6,,,3200.00,6.00,78.05,1.00,5,5,13,,,,,,,,,,,,12.00,4.00,97.00,1.00,30.00,3.00,3.00,1.00
1800.00,4,4.00,3,,,,60.00,60.00,14,61.00,,12.00,1,,,,,,,,,,,,,,14.00,,,,,,,,,,7,,7092.89,6.00,,,4,4,13,2,,,,,,,,,,,12.00,4.00,16.00,1.00,30.00,3.00,4.00,1.00
1801.00,5,4.00,4,,,,180.00,,14,181.00,,13.00,1,1.00,,,,5.00,,,,,,,12.00,13.00,,,,,1,,,,5,6,,,753.62,2.00,,,5,3,14,2,1,3,,,,,,,,,12.00,4.00,1.00,2.00,20.00,4.00,4.00,1.00
1802.00,4,4.00,3,,,,40.00,40.00,13,41.00,41.00,11.00,2,1.00,,,,,,,,,,,,,,,,,1,,,,,,,,3641.16,6.00,88.81,1.00,4,4,13,,,,,,,,,,,,12.00,4.00,1.00,1.00,30.00,3.00,4.00,2.00
1803.00,10,4.00,3,,,,60.00,60.00,14,61.00,,12.00,1,,,,,,,,,9.00,,,,,,,,,,,,,,6,,,6899.04,6.00,,,4,3,13,2,,,,,,,,,,,12.00,4.00,1.00,1.00,40.00,3.00,4.00,1.00
1804.00,2,2.00,3,,,,80.00,,14,81.00,,12.00,1,,,,,,,,,,,11.00,,,,,,,,,,,,6,,,6584.60,6.00,,,5,5,13,,,,,,,,,,,,12.00,4.00,11.00,1.00,30.00,3.00,2.00,1.00
1805.00,3,3.00,4,,,,300.00,,14,301.00,,13.00,,1.00,2.00,3.00,4.00,,,,,9.00,10.00,,,,,,,,1,2,3,4,,6,,,,98.00,,,5,3,1,2,3,4,6,10,12,14,,,,,12.00,4.00,9.00,1.00,20.00,4.00,3.00,
1806.00,2,2.00,3,,,,27.00,27.00,12,28.00,28.00,11.00,2,1.00,,,,,,,,,,11.00,,,,,,,1,,,,,6,,,4200.00,6.00,150.00,2.00,4,4,13,,,,,,,,,,,,12.00,4.00,9.00,1.00,40.00,3.00,2.00,2.00
1807.00,1,1.00,4,,,,120.00,,14,121.00,,13.00,1,1.00,2.00,,,,,,,,,,,,,,,,1,2,,,,,,,6300.00,6.00,,,5,5,2,14,,,,,,,,,,,12.00,4.00,9.00,1.00,20.00,4.00,1.00,1.00
1808.00,2,2.00,4,,,,120.00,,14,121.00,,13.00,1,1.00,,,,,,,,,,,,13.00,,,,,1,,,,,6,,,5344.40,6.00,,,5,5,2,3,4,5,6,10,14,,,,,,12.00,4.00,11.00,2.00,20.00,4.00,2.00,1.00
1809.00,10,4.00,2,3,9,13,330.00,,14,331.00,,13.00,,,,,,,,,,9.00,,,,,,,,,,,,,,6,,,8951.87,6.00,,,4,4,3,5,12,,,,,,,,,,12.00,4.00,11.00,1.00,30.00,2.00,4.00,
1810.00,2,2.00,4,,,,90.00,,14,91.00,,13.00,1,1.00,,,,,,,,,,,,,,,,17.00,1,,,,,,,8,7183.20,6.00,,,5,5,2,3,7,11,13,,,,,,,,12.00,4.00,13.00,2.00,20.00,4.00,2.00,1.00
1811.00,1,1.00,3,,,,120.00,,14,121.00,,13.00,1,,,,,,,,,,10.00,,,,,,,,,,,,,6,,,7000.00,6.00,,,4,3,2,3,13,,,,,,,,,,12.00,4.00,9.00,2.00,30.00,3.00,1.00,1.00
1812.00,2,2.00,2,1,2,3,300.00,,14,301.00,,13.00,,1.00,,,,,,,,,,,,,,,,,1,,,,,,,,7092.89,6.00,,,5,5,1,2,3,,,,,,,,,,12.00,4.00,2.00,2.00,50.00,2.00,2.00,
1813.00,6,4.00,3,,,,364.00,,14,365.00,,13.00,,1.00,,,,,,,,,,,,,,,,,1,,,,,,,,7092.89,6.00,,,5,4,13,12,,,,,,,,,,,12.00,4.00,2.00,2.00,50.00,3.00,4.00,
1814.00,2,2.00,1,2,1,,270.00,,14,271.00,,13.00,,1.00,,3.00,,,,,8.00,,,,,,,,,,1,,3,,5,,,,,98.00,,,5,4,1,2,3,5,10,,,,,,,,12.00,4.00,2.00,1.00,30.00,1.00,2.00,
1815.00,2,2.00,4,,,,150.00,,14,151.00,,13.00,1,1.00,,3.00,,,,,,9.00,,,,,,,,,1,,3,,,6,,,,98.00,,,5,2,1,3,4,14,,,,,,,,,12.00,4.00,1.00,1.00,20.00,4.00,2.00,1.00
1816.00,4,4.00,2,1,3,2,364.00,,14,365.00,,13.00,,1.00,,,,,,,,,,,,,,,,,1,,,,,,,,6206.28,6.00,,,4,4,1,2,3,,,,,,,,,,12.00,4.00,2.00,2.00,40.00,2.00,4.00,
1817.00,6,4.00,1,5,1,3,330.00,,14,331.00,,13.00,,1.00,,,,,,,,,,,,,,,,,1,,,,,,,,5319.67,6.00,,,4,4,1,3,,,,,,,,,,,12.00,4.00,2.00,1.00,50.00,1.00,4.00,
1818.00,3,3.00,2,1,3,5,300.00,,14,301.00,,13.00,,,2.00,,,,,,,,,,,,,,,,,2,,,,,,,,98.00,,,4,4,1,3,,,,,,,,,,,12.00,4.00,2.00,1.00,20.00,2.00,3.00,
1819.00,2,2.00,2,11,5,1,270.00,,14,271.00,,13.00,,,2.00,,,,,,,,,,,,,,,,,2,,,,,,,4433.06,6.00,,,5,5,2,1,3,,,,,,,,,,12.00,4.00,2.00,1.00,50.00,2.00,2.00,
1820.00,5,4.00,2,8,3,1,330.00,,14,331.00,,13.00,,1.00,2.00,,,,,,,,,,,,,,,,1,2,,,,,,,2216.53,5.00,,,5,5,1,3,11,,,,,,,,,,12.00,4.00,2.00,1.00,60.00,2.00,4.00,
1821.00,1,1.00,2,3,5,1,364.00,,14,365.00,,13.00,,,2.00,,,,,7.00,,,,,,,,,,,,2,,,5,,,,,98.00,,,5,5,1,2,3,12,,,,,,,,,12.00,4.00,2.00,1.00,50.00,2.00,1.00,
1822.00,4,4.00,3,,,,364.00,,14,365.00,,13.00,,,2.00,,,,,,,,,,12.00,,,,,,,2,,,,6,,,,98.00,,,4,4,13,1,3,2,,,,,,,,,12.00,4.00,2.00,1.00,50.00,3.00,4.00,
1823.00,6,4.00,2,3,2,1,300.00,,14,301.00,,13.00,,1.00,2.00,,,5.00,,,,,,,,,,,,,1,2,,,5,,,,,98.00,,,4,4,1,2,3,4,6,10,,,,,,,12.00,4.00,2.00,2.00,40.00,2.00,4.00,
1824.00,4,4.00,4,,,,180.00,,14,181.00,,13.00,1,1.00,,,,,,,,,,,,,,,,,1,,,,,,,,2216.53,5.00,,,5,5,1,2,14,,,,,,,,,,12.00,4.00,1.00,2.00,20.00,4.00,4.00,1.00
1825.00,5,4.00,4,,,,180.00,,14,181.00,,13.00,1,1.00,,,,,,,,,,,,,,,,,1,,,,,,,,2659.83,5.00,,,5,5,1,2,14,,,,,,,,,,12.00,4.00,1.00,2.00,20.00,4.00,4.00,1.00
1826.00,2,2.00,3,,,,87.00,,14,88.00,,12.00,1,,2.00,,,,,,,,,,,,,,,,,2,,,,,,,479.10,1.00,,,5,5,1,13,,,,,,,,,,,12.00,4.00,1.00,1.00,20.00,3.00,2.00,1.00
1827.00,5,4.00,3,,,,89.00,,14,90.00,,12.00,1,,2.00,,,,,,,,,,,,,,,,,2,,,,,,,958.20,2.00,,,4,4,12,13,,,,,,,,,,,12.00,4.00,1.00,1.00,30.00,3.00,4.00,1.00
1828.00,6,4.00,4,,,,90.00,,14,91.00,,13.00,1,1.00,,,,,,,,,,,,,,,,,1,,,,,,,,6206.28,6.00,,,4,4,2,7,11,14,,,,,,,,,12.00,4.00,2.00,2.00,20.00,4.00,4.00,1.00
1829.00,3,3.00,4,,,,90.00,,14,91.00,,13.00,1,1.00,,,,,,,,,,,,,,,,,1,,,,,,,,3546.45,6.00,,,4,4,2,14,,,,,,,,,,,12.00,4.00,2.00,1.00,20.00,4.00,3.00,1.00
1830.00,3,3.00,4,,,,150.00,,14,151.00,,13.00,1,,,,,,,,,,,11.00,,,,,,,,,,,,6,,,3989.75,6.00,,,5,4,1,2,3,5,14,,,,,,,,12.00,4.00,2.00,2.00,20.00,4.00,3.00,1.00
1831.00,4,4.00,4,,,,150.00,,14,151.00,,13.00,1,,,,,,,,,9.00,,11.00,,,,,,,,,,,,6,,,4433.06,6.00,,,4,4,5,1,2,3,14,,,,,,,,12.00,4.00,2.00,2.00,20.00,4.00,4.00,1.00
1832.00,5,4.00,4,,,,300.00,,14,301.00,,13.00,,1.00,,,,,,,,9.00,,,,,,15.00,,,1,,,,,6,7,,6206.28,6.00,,,4,4,2,3,4,14,,,,,,,,,12.00,4.00,2.00,2.00,20.00,4.00,4.00,
1833.00,10,4.00,2,3,1,,330.00,,14,331.00,,13.00,,,2.00,,4.00,,,,,,,,,,,,,,,2,,4,,,,,3103.14,6.00,,,5,4,1,3,,,,,,,,,,,12.00,4.00,2.00,1.00,50.00,2.00,4.00,
1834.00,20,4.00,2,1,3,5,330.00,,14,331.00,,13.00,,,,,4.00,,,,,,,,,,,,,,,,,4,,,,,2216.53,5.00,,,5,4,1,3,,,,,,,,,,,12.00,4.00,2.00,2.00,40.00,2.00,4.00,
1835.00,5,4.00,3,,,,364.00,,14,365.00,,13.00,,1.00,2.00,,,,,,,,,,,,,,,,1,2,,,,,,,,98.00,,,5,5,13,2,1,4,,,,,,,,,12.00,4.00,2.00,1.00,40.00,3.00,4.00,
1836.00,6,4.00,3,,,,330.00,,14,331.00,,13.00,,1.00,,,,,,,,,,,,,14.00,,,,1,,,,,,7,,,98.00,,,5,5,4,3,2,1,,,,,,,,,12.00,4.00,2.00,1.00,40.00,3.00,4.00,
1837.00,6,4.00,4,,,,364.00,,14,365.00,,13.00,,1.00,,,,,,,,,,,,,,,,,1,,,,,,,,6206.28,6.00,,,4,4,1,2,14,,,,,,,,,,12.00,4.00,2.00,1.00,20.00,4.00,4.00,
1838.00,8,4.00,4,,,,69.00,,14,70.00,,12.00,1,1.00,2.00,,,,,,,,,,,,,,,,1,2,,,,,,,5319.67,6.00,,,4,3,1,2,14,,,,,,,,,,12.00,4.00,2.00,1.00,20.00,4.00,4.00,1.00
1839.00,3,3.00,4,,,,120.00,,14,121.00,,13.00,1,1.00,2.00,,,,,,,,,,,,,,,,1,2,,,,,,,4569.00,6.00,,,4,4,1,2,14,,,,,,,,,,12.00,4.00,2.00,1.00,20.00,4.00,3.00,1.00
1840.00,2,2.00,4,,,,120.00,,14,121.00,,13.00,1,1.00,2.00,,,,,,,,,,,,,,,,1,2,,,,,,,3350.60,6.00,,,4,4,2,14,,,,,,,,,,,12.00,4.00,2.00,1.00,20.00,4.00,2.00,1.00
1841.00,1,1.00,2,13,,,364.00,,14,365.00,,13.00,,,2.00,,,,,,,,,,,,,,,,,2,,,,,,,,98.00,,,4,5,1,2,,,,,,,,,,,12.00,4.00,2.00,1.00,30.00,2.00,1.00,
1842.00,3,3.00,3,,,,330.00,,14,331.00,,13.00,,,2.00,,,,,,,,,,,,,,,,,2,,,,,,,7979.50,6.00,,,4,4,13,4,,,,,,,,,,,12.00,4.00,2.00,1.00,50.00,3.00,3.00,
1843.00,8,4.00,4,,,,300.00,,14,301.00,,13.00,,1.00,,,4.00,,,7.00,,,,,,,,,,,1,,,4,5,,,,7536.20,6.00,,,5,2,1,2,3,,,,,,,,,,12.00,4.00,2.00,1.00,20.00,4.00,4.00,
1844.00,6,4.00,4,,,,90.00,,14,91.00,,13.00,1,1.00,,3.00,,,,,,,,,,13.00,,,,,1,,3,,,6,,,5482.80,6.00,,,5,5,2,1,14,,,,,,,,,,12.00,4.00,2.00,1.00,20.00,4.00,4.00,1.00
1845.00,7,4.00,4,,,,180.00,,14,181.00,,13.00,1,,,,,5.00,,,,,,,,,,,,,,,,,5,,,,6206.28,6.00,,,5,5,1,2,14,,,,,,,,,,12.00,4.00,2.00,1.00,20.00,4.00,4.00,1.00
1846.00,2,2.00,4,,,,90.00,,14,91.00,,13.00,1,,,,,,,,,,,,,,14.00,,,,,,,,,,7,,5482.80,6.00,,,5,4,14,2,,,,,,,,,,,12.00,4.00,2.00,1.00,20.00,4.00,2.00,1.00
1847.00,5,4.00,4,,,,90.00,,14,91.00,,13.00,1,,,,,5.00,,,,,,,,,,,,,,,,,5,,,,1979.90,4.00,,,5,2,14,,,,,,,,,,,,12.00,4.00,2.00,1.00,20.00,4.00,4.00,1.00
1848.00,5,4.00,4,,,,120.00,,14,121.00,,13.00,1,,,,,5.00,,,,,,,,,,,,,,,,,5,,,,3959.80,6.00,,,5,4,14,2,,,,,,,,,,,12.00,4.00,2.00,2.00,20.00,4.00,4.00,1.00
1849.00,5,4.00,4,,,,90.00,,14,91.00,,13.00,1,,,,,5.00,,,,,,,,,,,,,,,,,5,,,,2741.40,5.00,,,4,4,14,2,,,,,,,,,,,12.00,4.00,2.00,1.00,20.00,4.00,4.00,1.00
1850.00,4,4.00,4,,,,90.00,,14,91.00,,13.00,1,,,,,,,,,,,,,,14.00,,,,,,,,,,7,,2741.40,5.00,,,5,2,14,,,,,,,,,,,,12.00,4.00,2.00,1.00,20.00,4.00,4.00,1.00
1851.00,3,3.00,4,,,,364.00,,14,365.00,,13.00,,1.00,,,,,,,,,,,,,,,,,1,,,,,,,,9899.50,6.00,,,5,4,14,,,,,,,,,,,,12.00,4.00,2.00,2.00,20.00,4.00,3.00,
1852.00,4,4.00,4,,,,364.00,,14,365.00,,13.00,,1.00,,,,,,,,,,,,,,,,17.00,1,,,,,,,8,,98.00,,,4,4,14,5,1,,,,,,,,,,12.00,4.00,2.00,2.00,20.00,4.00,4.00,
1853.00,4,4.00,4,,,,300.00,,14,301.00,,13.00,,1.00,,,,,,,,,,,,,14.00,,,,1,,,,,,7,,,98.00,,,4,4,1,2,10,14,,,,,,,,,12.00,4.00,2.00,2.00,20.00,4.00,4.00,
1854.00,4,4.00,4,,,,300.00,,14,301.00,,13.00,,1.00,,,,,,,,,,,,,,,,,1,,,,,,,,2284.50,5.00,,,5,4,2,14,,,,,,,,,,,12.00,4.00,2.00,2.00,20.00,4.00,4.00,
1855.00,6,4.00,4,,,,364.00,,14,365.00,,13.00,,1.00,,,,,,,,,,,,,,,,,1,,,,,,,,,98.00,,,5,4,1,3,9,14,11,2,8,12,,,,,12.00,4.00,2.00,2.00,20.00,4.00,4.00,
1856.00,4,4.00,1,1,3,2,330.00,,14,331.00,,13.00,,1.00,,,,,,,,,,,,,,,,,1,,,,,,,,,98.00,,,5,4,1,3,2,4,,,,,,,,,12.00,4.00,2.00,2.00,30.00,1.00,4.00,
1857.00,4,4.00,4,,,,270.00,,14,271.00,,13.00,,1.00,,,,,,,,,,,,,,,,,1,,,,,,,,8866.11,6.00,,,3,4,14,1,,,,,,,,,,,12.00,4.00,2.00,1.00,20.00,4.00,4.00,
1858.00,5,4.00,4,,,,364.00,,14,365.00,,13.00,,,,,,,,,,9.00,,,,13.00,,,,,,,,,,6,,,,98.00,,,4,4,1,2,3,5,6,10,14,,,,,,12.00,4.00,2.00,1.00,20.00,4.00,4.00,
1859.00,2,2.00,4,,,,90.00,,14,91.00,,13.00,1,1.00,,,,,,,,,,,,,,,,,1,,,,,,,,4876.36,6.00,,,4,4,14,1,2,,,,,,,,,,12.00,4.00,2.00,1.00,20.00,4.00,2.00,1.00
1860.00,2,2.00,4,,,,90.00,,14,91.00,,13.00,1,1.00,,,,,,,,,,,,13.00,,,,,1,,,,,6,,,1523.00,4.00,,,4,3,1,14,,,,,,,,,,,12.00,4.00,2.00,2.00,20.00,4.00,2.00,1.00
1861.00,2,2.00,4,,,,90.00,,14,91.00,,13.00,1,,,,,,,,,,,,,13.00,,,,,,,,,,6,,,2741.40,5.00,,,4,4,14,,,,,,,,,,,,12.00,4.00,2.00,2.00,20.00,4.00,2.00,1.00
1862.00,6,4.00,4,,,,300.00,,14,301.00,,13.00,,,,,,,,,,,,,,13.00,,,,,,,,,,6,,,9138.00,6.00,,,5,4,2,3,14,,,,,,,,,,12.00,4.00,2.00,1.00,20.00,4.00,4.00,
1863.00,3,3.00,4,,,,364.00,,14,365.00,,13.00,,1.00,,,,,,,,,,,,,,,,17.00,1,,,,,,,8,,98.00,,,4,4,1,2,3,4,14,,,,,,,,12.00,4.00,2.00,1.00,20.00,4.00,3.00,
1864.00,6,4.00,4,,,,364.00,,14,365.00,,13.00,,1.00,,,,,,,,,,,,,,,,,1,,,,,,,,,98.00,,,4,3,14,,,,,,,,,,,,12.00,4.00,2.00,1.00,20.00,4.00,4.00,
1865.00,1,1.00,4,,,,120.00,,14,121.00,,13.00,1,1.00,,,,,,,,,,,,13.00,14.00,15.00,16.00,17.00,1,,,,,6,7,8,5986.00,6.00,,,5,5,4,3,5,14,1,,,,,,,,12.00,4.00,97.00,2.00,20.00,4.00,1.00,1.00
1866.00,2,2.00,3,,,,60.00,60.00,14,61.00,,12.00,1,,2.00,,,,6.00,,,,,,,,,,,,,2,,,5,,,,,98.00,,,5,5,13,,,,,,,,,,,,12.00,4.00,97.00,1.00,30.00,3.00,2.00,1.00
1867.00,2,2.00,4,,,,140.00,,14,141.00,,13.00,1,1.00,2.00,,4.00,,6.00,,,,,,,,,,,17.00,1,2,,4,5,,,8,8380.40,6.00,,,5,5,2,3,5,8,10,12,14,,,,,,12.00,4.00,97.00,1.00,20.00,4.00,2.00,1.00
1868.00,1,1.00,3,,,,75.00,,14,76.00,,12.00,1,1.00,,,,,,,,,,,,,,,,,1,,,,,,,,8000.00,6.00,,,5,4,2,4,6,13,,,,,,,,,12.00,4.00,97.00,1.00,20.00,3.00,1.00,1.00
1869.00,10,4.00,2,13,,,85.00,,14,86.00,,12.00,1,1.00,,,,,,,,,,,,,,,,17.00,1,,,,,,,8,6584.60,6.00,,,5,5,3,1,16,,,,,,,,,,12.00,4.00,97.00,1.00,30.00,2.00,4.00,1.00
1870.00,1,1.00,4,,,,150.00,,14,151.00,,13.00,1,1.00,,,,,,,,,,,,13.00,,,,17.00,1,,,,,6,,8,6000.00,6.00,,,5,5,14,3,4,6,,,,,,,,,12.00,4.00,97.00,2.00,20.00,4.00,1.00,1.00
1871.00,2,2.00,4,,,,120.00,,14,121.00,,13.00,1,,,,,5.00,,,,,,,,,,,,,,,,,5,,,,3989.75,6.00,,,4,5,2,3,10,14,,,,,,,,,12.00,4.00,97.00,1.00,20.00,4.00,2.00,1.00
1872.00,3,3.00,3,,,,80.00,,14,81.00,,12.00,1,,2.00,,,,,,,9.00,,,,,,,,,,2,,,,6,,,,98.00,,,4,3,13,,,,,,,,,,,,12.00,4.00,12.00,1.00,30.00,3.00,3.00,1.00
1873.00,1,1.00,4,,,,150.00,,14,151.00,,13.00,1,1.00,,,,,,,,,,,,,,,16.00,,1,,,,,,7,,7781.80,6.00,,,5,5,3,5,9,10,11,12,2,4,14,,,,12.00,4.00,12.00,2.00,20.00,4.00,1.00,1.00
1874.00,1,1.00,4,,,,140.00,,14,141.00,,13.00,1,1.00,,,4.00,,,,,,,,,13.00,,,,,1,,,4,,6,,,3591.60,6.00,,,5,5,3,4,6,11,13,14,,,,,,,12.00,4.00,12.00,1.00,20.00,4.00,1.00,1.00
1875.00,1,1.00,4,,,,120.00,,14,121.00,,13.00,1,1.00,,,,,,,,,10.00,,,,,,,,1,,,,,6,,,7183.20,6.00,,,5,5,14,10,2,3,4,,,,,,,,12.00,4.00,12.00,2.00,20.00,4.00,1.00,1.00
1876.00,3,3.00,3,,,,14.00,14.00,11,15.00,15.00,11.00,2,,2.00,,,,,,,,,11.00,,,,,,,,2,,,,6,,,3352.16,6.00,223.48,3.00,5,5,13,,,,,,,,,,,,12.00,4.00,12.00,1.00,30.00,3.00,3.00,2.00
1877.00,3,3.00,3,,,,40.00,40.00,13,41.00,41.00,11.00,2,1.00,2.00,,,,,,,,,,,,,,,,1,2,,,,,,,5986.00,6.00,146.00,2.00,4,5,13,1,,,,,,,,,,,12.00,4.00,97.00,1.00,30.00,3.00,3.00,2.00
1878.00,1,1.00,3,,,,36.00,36.00,13,37.00,37.00,11.00,2,1.00,2.00,,,,,,,,,,,,,,,,1,2,,,,,,,5986.00,6.00,161.78,2.00,4,5,13,,,,,,,,,,,,12.00,4.00,97.00,1.00,50.00,3.00,1.00,2.00
1879.00,5,4.00,3,,,,64.00,,14,65.00,,12.00,2,,2.00,,,,,7.00,,,,,,,,,,,,2,,,5,,,,,98.00,,,4,4,13,,,,,,,,,,,,12.00,4.00,12.00,1.00,50.00,3.00,4.00,2.00
1880.00,1,1.00,4,,,,120.00,,14,121.00,,13.00,1,1.00,,3.00,,,,,,,,,,13.00,,,,17.00,1,,3,,,6,,8,5986.00,6.00,,,5,5,3,4,6,14,12,,,,,,,,12.00,4.00,13.00,1.00,20.00,4.00,1.00,1.00
1881.00,1,1.00,4,,,,120.00,,14,121.00,,13.00,1,1.00,,3.00,,,,,,,10.00,,,13.00,,,,,1,,3,,,6,,,5387.40,6.00,,,4,4,12,14,3,4,10,,,,,,,,12.00,4.00,97.00,1.00,20.00,4.00,1.00,1.00
1882.00,4,4.00,3,,,,90.00,,14,91.00,,13.00,1,1.00,,,,,,,,,,,,,14.00,,,,1,,,,,,7,,9577.60,6.00,,,5,5,13,1,,,,,,,,,,,12.00,4.00,12.00,1.00,40.00,3.00,4.00,1.00
1883.00,20,4.00,3,,,,10.00,10.00,10,11.00,11.00,11.00,2,,,3.00,,,,,,,,,,,,,,,,,3,,,,,,4788.80,6.00,435.35,5.00,5,5,13,,,,,,,,,,,,12.00,4.00,12.00,1.00,40.00,3.00,4.00,2.00
1884.00,1,1.00,4,,,,120.00,,14,121.00,,13.00,1,1.00,,,,,,,,,,,,13.00,,,,17.00,1,,,,,6,,8,5986.00,6.00,,,5,4,3,14,,,,,,,,,,,12.00,4.00,12.00,1.00,20.00,4.00,1.00,1.00
1885.00,1,1.00,4,,,,120.00,,14,121.00,,13.00,1,1.00,,,,,,,,,,,,13.00,,15.00,,,1,,,,,6,7,,7183.20,6.00,,,4,4,1,2,3,4,5,14,,,,,,,12.00,4.00,12.00,2.00,20.00,4.00,1.00,1.00
1886.00,1,1.00,4,,,,120.00,,14,121.00,,13.00,1,1.00,2.00,3.00,4.00,,,,,,,,,,,,,,1,2,3,4,,,,,6584.60,6.00,,,5,5,2,4,6,11,12,3,10,14,,,,,12.00,4.00,12.00,2.00,20.00,4.00,1.00,1.00
1887.00,1,1.00,4,,,,120.00,,14,121.00,,13.00,1,,,,,,,,,9.00,10.00,,,13.00,,,,,,,,,,6,,,5986.00,6.00,,,4,4,3,4,14,,,,,,,,,,12.00,4.00,97.00,1.00,20.00,4.00,1.00,1.00
1888.00,1,1.00,4,,,,120.00,,14,121.00,,13.00,1,1.00,,,,,,7.00,8.00,,,,,,,,,,1,,,,5,,,,8380.40,6.00,,,5,5,2,4,5,6,14,,,,,,,,12.00,4.00,97.00,2.00,20.00,4.00,1.00,1.00
1889.00,4,4.00,4,,,,330.00,,14,331.00,,13.00,,1.00,,,,,,,,,,,,,,,,,1,,,,,,,,,98.00,,,4,5,14,,,,,,,,,,,,12.00,4.00,10.00,2.00,20.00,4.00,4.00,
1890.00,1,1.00,3,,,,90.00,,14,91.00,,13.00,1,1.00,,,,,,,,9.00,,,,13.00,,,16.00,,1,,,,,6,7,,,98.00,,,5,5,13,,,,,,,,,,,,12.00,4.00,10.00,1.00,60.00,3.00,1.00,1.00
1891.00,2,2.00,4,,,,364.00,,14,365.00,,13.00,,1.00,,,4.00,,,,,,,,,13.00,,,16.00,,1,,,4,,6,7,,,98.00,,,5,3,1,2,3,6,7,9,10,14,,,,,12.00,4.00,13.00,2.00,20.00,4.00,2.00,
1892.00,1,1.00,4,,,,120.00,,14,121.00,,13.00,1,,,,,,,7.00,,,,,,,,,,,,,,,5,,,,4900.00,6.00,,,5,5,14,2,1,3,,,,,,,,,12.00,4.00,97.00,1.00,20.00,4.00,1.00,1.00
1893.00,4,4.00,4,,,,180.00,,14,181.00,,13.00,1,1.00,,3.00,,,,,,,,,,,,,,,1,,3,,,,,,7000.00,6.00,,,5,5,1,2,14,,,,,,,,,,12.00,4.00,97.00,2.00,20.00,4.00,4.00,1.00
1894.00,7,4.00,4,,,,180.00,,14,181.00,,13.00,1,1.00,2.00,3.00,,,,,,,,,,,,,,,1,2,3,,,,,,6000.00,6.00,,,5,5,1,2,3,14,11,,,,,,,,12.00,4.00,97.00,2.00,20.00,4.00,4.00,1.00
1895.00,1,1.00,4,,,,120.00,,14,121.00,,13.00,1,1.00,,,,,,,,,,,,,,,,,1,,,,,,,,6584.60,6.00,,,5,5,14,1,2,3,4,,,,,,,,12.00,4.00,13.00,2.00,20.00,4.00,1.00,1.00
1896.00,1,1.00,3,,,,50.00,50.00,13,51.00,51.00,11.00,1,,,,,,,,,,10.00,,,,,,,,,,,,,6,,,8000.00,6.00,156.86,2.00,4,4,13,,,,,,,,,,,,12.00,4.00,97.00,2.00,30.00,3.00,1.00,1.00
1897.00,5,4.00,3,,,,90.00,,14,91.00,,13.00,1,,,,,,,,,,,11.00,,,,,,,,,,,,6,,,5851.63,6.00,,,3,3,13,,,,,,,,,,,,12.00,4.00,16.00,1.00,40.00,3.00,4.00,1.00
1898.00,1,1.00,4,,,,120.00,,14,121.00,,13.00,1,1.00,,,,,,,,,,,,,,,,,1,,,,,,,,5387.40,6.00,,,5,5,1,2,14,,,,,,,,,,12.00,4.00,13.00,2.00,20.00,4.00,1.00,1.00
1899.00,1,1.00,3,,,,90.00,,14,91.00,,13.00,1,1.00,,,4.00,,,,,,,,,,,,,,1,,,4,,,,,6300.00,6.00,,,5,5,13,2,,,,,,,,,,,12.00,4.00,97.00,2.00,20.00,3.00,1.00,1.00
1900.00,1,1.00,4,,,,120.00,,14,121.00,,13.00,1,1.00,2.00,,,,,,,,,,,,,,,,1,2,,,,,,,5000.00,6.00,,,5,5,14,1,2,3,,,,,,,,,12.00,4.00,97.00,1.00,20.00,4.00,1.00,1.00
1901.00,2,2.00,3,,,,40.00,40.00,13,41.00,41.00,11.00,2,,,,,,,,,,,,,,14.00,,,,,,,,,,7,,8200.00,6.00,200.00,2.00,5,5,13,,,,,,,,,,,,12.00,4.00,15.00,1.00,40.00,3.00,2.00,2.00
1902.00,10,4.00,4,,,,300.00,,14,301.00,,13.00,,,,,,,,,,,10.00,,,,,,,,,,,,,6,,,9582.00,6.00,,,5,5,14,2,1,3,,,,,,,,,12.00,4.00,1.00,1.00,20.00,4.00,4.00,
1903.00,4,4.00,4,,,,180.00,,14,181.00,,13.00,1,1.00,2.00,,,,,,,,,,,,,,,,1,2,,,,,,,5749.20,6.00,,,4,4,14,1,2,6,,,,,,,,,12.00,4.00,1.00,2.00,20.00,4.00,4.00,1.00
1904.00,3,3.00,3,,,,40.00,40.00,13,41.00,41.00,11.00,2,,,,,,,,,9.00,,,,,,,,,,,,,,6,,,4886.82,6.00,119.19,2.00,4,4,13,,,,,,,,,,,,12.00,4.00,1.00,1.00,30.00,3.00,3.00,2.00
1905.00,2,2.00,2,13,,,90.00,,14,91.00,,13.00,1,1.00,,,,,,,,,,,,13.00,,,,,1,,,,,6,,,3950.76,6.00,,,5,5,2,,,,,,,,,,,,12.00,4.00,97.00,2.00,40.00,2.00,2.00,1.00
1906.00,2,2.00,3,,,,27.00,27.00,12,28.00,28.00,11.00,2,1.00,,,,,,,,,,,,,,,,,1,,,,,,,,4200.00,6.00,150.00,2.00,5,5,13,,,,,,,,,,,,12.00,4.00,9.00,1.00,40.00,3.00,2.00,2.00
1907.00,1,1.00,4,,,,120.00,,14,121.00,,13.00,1,1.00,,,,,,,,,,,,,,,,17.00,1,,,,,,,8,7000.00,6.00,,,5,5,2,3,4,7,11,14,,,,,,,12.00,4.00,9.00,2.00,20.00,4.00,1.00,1.00
