ID,D_AGE,AGE_NAME,IS_HALLYU,IS_FIT,IS_FAMILY,IS_SOLO,TOTAL_SPEND
1,2.00,20대,1,1,0,1,5
2,3.00,30대,0,1,0,0,5
3,1.00,10대,1,1,0,0,5
4,5.00,50대,1,1,0,0,4
5,4.00,40대,1,1,1,0,5
6,4.00,40대,1,1,0,0,5
7,3.00,30대,1,1,0,0,5
8,2.00,20대,1,1,0,0,4
9,5.00,50대,1,1,0,0,5
10,2.00,20대,1,1,0,0,4
11,2.00,20대,0,1,0,0,5
12,3.00,30대,0,1,0,0,4
13,3.00,30대,1,1,0,0,5
14,2.00,20대,1,1,0,1,5
15,3.00,30대,1,0,0,0,4
16,4.00,40대,0,1,1,0,4
17,2.00,20대,1,1,0,0,5
18,2.00,20대,1,1,1,0,4
19,4.00,40대,1,1,0,0,5
20,4.00,40대,1,0,0,0,5
21,3.00,30대,1,1,0,0,5
22,4.00,40대,1,1,0,0,4
23,2.00,20대,1,1,0,0,5
24,2.00,20대,1,1,0,0,4
25,2.00,20대,1,1,1,0,4
26,2.00,20대,0,1,0,0,5
27,2.00,20대,1,1,0,0,5
28,4.00,40대,0,1,0,0,4
29,3.00,30대,0,1,0,0,5
30,3.00,30대,1,1,0,0,5
31,4.00,40대,1,1,0,0,5
32,4.00,40대,0,1,0,0,4
33,3.00,30대,0,1,0,0,5
34,3.00,30대,1,1,0,0,5
35,3.00,30대,1,1,0,1,5
36,5.00,50대,0,1,0,1,5
37,1.00,10대,1,1,0,1,5
38,3.00,30대,0,0,0,0,4
39,4.00,40대,1,1,0,0,4
40,3.00,30대,1,1,0,0,4
41,3.00,30대,0,1,1,0,5
42,2.00,20대,1,1,0,0,4
43,3.00,30대,1,1,0,0,5
44,3.00,30대,0,1,0,0,5
45,3.00,30대,1,1,0,0,5
46,4.00,40대,0,1,0,0,5
47,2.00,20대,1,1,0,0,4
48,2.00,20대,0,1,0,0,3
49,4.00,40대,0,0,1,0,4
50,2.00,20대,1,1,1,0,5
51,3.00,30대,1,1,0,1,5
52,3.00,30대,1,1,0,1,5
53,2.00,20대,0,1,1,0,4
54,4.00,40대,0,1,0,0,5
55,2.00,20대,0,1,1,0,3
56,3.00,30대,0,1,0,1,4
57,3.00,30대,0,1,0,0,5
58,3.00,30대,1,1,1,0,5
59,5.00,50대,0,1,0,0,5
60,6.00,60대이상,1,1,0,1,5
61,6.00,60대이상,1,1,0,0,5
62,4.00,40대,1,1,0,1,5
63,3.00,30대,1,1,0,0,5
64,3.00,30대,0,1,0,1,3
65,5.00,50대,1,1,0,0,5
66,1.00,10대,1,0,0,0,5
67,2.00,20대,1,1,0,0,5
68,2.00,20대,1,1,0,0,5
69,3.00,30대,1,1,0,0,5
70,6.00,60대이상,0,1,0,0,5
71,3.00,30대,1,1,0,0,4
72,2.00,20대,0,0,0,1,4
73,3.00,30대,0,1,0,0,5
74,5.00,50대,1,1,0,0,4
75,2.00,20대,0,1,0,0,5
76,5.00,50대,1,0,0,0,5
77,5.00,50대,1,1,0,0,4
78,2.00,20대,0,1,0,1,5
79,4.00,40대,1,1,0,0,4
80,2.00,20대,0,1,0,0,5
81,4.00,40대,1,1,1,0,5
82,6.00,60대이상,0,1,0,1,5
83,2.00,20대,0,1,0,0,5
84,5.00,50대,1,1,0,1,5
85,2.00,20대,0,1,0,0,5
86,2.00,20대,0,1,0,0,4
87,3.00,30대,0,1,1,0,5
88,3.00,30대,1,1,1,0,5
89,4.00,40대,0,1,0,0,4
90,5.00,50대,0,0,1,0,4
91,3.00,30대,1,1,0,0,5
92,1.00,10대,0,1,0,0,5
93,4.00,40대,1,1,0,0,5
94,1.00,10대,0,0,0,0,5
95,2.00,20대,1,1,0,0,4
96,3.00,30대,0,1,0,1,5
97,5.00,50대,1,1,0,0,5
98,4.00,40대,1,0,0,0,5
99,2.00,20대,1,1,1,0,5
100,2.00,20대,1,1,0,0,5
101,1.00,10대,1,1,0,0,5
102,2.00,20대,0,0,0,0,5
103,3.00,30대,0,1,0,0,4
104,2.00,20대,0,1,0,0,5
105,4.00,40대,0,1,1,0,3
106,3.00,30대,1,1,0,0,5
107,3.00,30대,0,1,0,0,4
108,2.00,20대,0,1,0,1,5
109,6.00,60대이상,1,1,0,0,4
110,3.00,30대,1,1,0,1,5
111,2.00,20대,1,1,0,1,5
112,5.00,50대,0,1,0,0,3
113,5.00,50대,0,1,1,0,5
114,2.00,20대,0,1,1,0,4
115,3.00,30대,0,1,0,0,3
116,2.00,20대,1,1,1,0,5
117,2.00,20대,0,1,0,0,5
118,3.00,30대,1,1,0,0,5
119,3.00,30대,1,1,0,0,5
120,2.00,20대,0,0,0,0,5
121,4.00,40대,1,1,0,1,5
122,4.00,40대,1,1,1,0,5
123,3.00,30대,1,1,0,0,5
124,3.00,30대,1,1,0,0,5
125,4.00,40대,1,0,0,0,5
126,3.00,30대,0,1,0,0,5
127,4.00,40대,1,1,0,0,5
128,3.00,30대,0,1,0,0,4
129,2.00,20대,1,1,0,0,5
130,3.00,30대,0,1,0,0,5
131,2.00,20대,0,1,0,0,5
132,3.00,30대,1,0,0,1,5
133,3.00,30대,1,0,0,0,5
134,3.00,30대,0,1,0,0,5
135,1.00,10대,1,1,1,0,4
136,2.00,20대,0,1,0,0,5
137,1.00,10대,1,0,0,0,5
138,2.00,20대,1,0,0,0,5
139,3.00,30대,1,1,0,0,1
140,3.00,30대,1,1,0,0,5
141,3.00,30대,0,1,0,1,5
142,2.00,20대,1,1,0,0,5
143,2.00,20대,0,1,0,0,3
144,2.00,20대,0,0,0,0,5
145,2.00,20대,0,1,0,0,5
146,3.00,30대,0,1,0,0,4
147,3.00,30대,0,1,0,0,5
148,2.00,20대,1,1,0,0,5
149,3.00,30대,1,1,0,0,5
150,4.00,40대,1,1,0,0,5
151,3.00,30대,0,1,1,0,4
152,3.00,30대,1,1,0,0,5
153,5.00,50대,1,1,0,0,4
154,3.00,30대,0,0,0,1,4
155,3.00,30대,0,1,0,0,4
156,4.00,40대,0,1,0,0,5
157,3.00,30대,1,1,0,0,5
158,4.00,40대,0,0,1,0,5
159,3.00,30대,0,1,0,0,5
160,2.00,20대,1,1,0,1,4
161,3.00,30대,0,0,0,0,4
162,6.00,60대이상,1,1,0,0,5
163,1.00,10대,0,0,1,0,5
164,2.00,20대,0,1,0,0,5
165,5.00,50대,1,1,0,0,5
166,5.00,50대,1,1,0,1,5
167,4.00,40대,1,1,0,0,5
168,3.00,30대,0,1,0,0,4
169,5.00,50대,0,0,0,0,4
170,5.00,50대,1,1,0,0,5
171,2.00,20대,1,1,0,0,5
172,3.00,30대,1,1,0,0,5
173,5.00,50대,0,1,0,0,5
174,3.00,30대,0,0,1,0,5
175,6.00,60대이상,1,1,0,0,4
176,3.00,30대,0,1,0,0,4
177,4.00,40대,0,1,0,1,4
178,3.00,30대,0,1,1,0,5
179,4.00,40대,0,1,0,0,4
180,5.00,50대,0,1,1,0,5
181,2.00,20대,1,0,0,0,5
182,5.00,50대,1,1,0,0,5
183,2.00,20대,1,1,1,0,5
184,2.00,20대,0,1,0,0,5
185,3.00,30대,1,1,1,0,5
186,2.00,20대,0,1,0,0,5
187,5.00,50대,1,0,0,1,4
188,3.00,30대,1,1,0,1,5
189,2.00,20대,0,1,0,0,5
190,3.00,30대,1,1,0,0,5
191,5.00,50대,1,1,0,0,5
192,4.00,40대,1,1,0,0,5
193,4.00,40대,0,1,0,0,5
194,3.00,30대,1,1,0,0,5
195,4.00,40대,1,1,0,0,5
196,3.00,30대,0,1,1,0,5
197,1.00,10대,1,1,0,0,4
198,2.00,20대,0,1,0,0,5
199,3.00,30대,1,1,0,0,4
200,5.00,50대,0,1,0,0,4
201,2.00,20대,1,1,0,0,5
202,2.00,20대,0,1,0,0,5
203,5.00,50대,1,1,0,0,4
204,2.00,20대,1,1,0,0,5
205,3.00,30대,1,1,0,0,5
206,3.00,30대,1,1,0,1,4
207,4.00,40대,1,1,0,0,5
208,4.00,40대,1,1,0,1,5
209,4.00,40대,0,1,0,1,5
210,3.00,30대,1,1,1,0,4
211,2.00,20대,0,1,0,0,2
212,4.00,40대,0,1,0,0,5
213,5.00,50대,1,1,0,0,4
214,2.00,20대,1,0,0,0,5
215,2.00,20대,1,1,0,0,5
216,2.00,20대,0,1,0,1,5
217,3.00,30대,1,1,0,0,4
218,2.00,20대,0,1,0,0,5
219,4.00,40대,0,1,0,0,5
220,3.00,30대,1,1,1,0,5
221,2.00,20대,1,1,0,0,5
222,2.00,20대,1,1,0,1,5
223,2.00,20대,0,1,0,0,5
224,5.00,50대,1,1,0,1,3
225,2.00,20대,1,1,0,0,5
226,3.00,30대,1,1,0,0,4
227,2.00,20대,1,1,0,1,5
228,5.00,50대,0,1,0,0,5
229,3.00,30대,0,1,1,0,5
230,5.00,50대,1,1,0,0,4
231,2.00,20대,1,1,1,0,5
232,4.00,40대,1,1,1,0,5
233,5.00,50대,1,1,0,1,5
234,2.00,20대,0,1,0,0,5
235,3.00,30대,1,1,1,0,5
236,4.00,40대,0,1,0,0,3
237,2.00,20대,1,1,0,0,4
238,5.00,50대,1,1,0,0,4
239,3.00,30대,1,1,0,0,5
240,3.00,30대,1,0,1,0,5
241,3.00,30대,0,1,0,1,5
242,2.00,20대,1,1,0,0,5
243,3.00,30대,0,1,1,0,5
244,4.00,40대,1,1,1,0,4
245,4.00,40대,1,1,0,1,5
246,3.00,30대,0,1,0,0,4
247,4.00,40대,0,0,0,0,5
248,4.00,40대,1,1,0,0,5
249,3.00,30대,0,1,1,0,4
250,2.00,20대,1,1,0,0,3
251,4.00,40대,0,1,0,0,4
252,2.00,20대,0,0,0,0,5
253,1.00,10대,0,0,0,0,4
254,5.00,50대,0,1,0,0,4
255,4.00,40대,1,1,0,0,4
256,3.00,30대,0,1,1,0,5
257,5.00,50대,1,1,0,1,5
258,2.00,20대,1,1,1,0,5
259,3.00,30대,1,1,0,0,5
260,2.00,20대,1,1,0,0,5
261,2.00,20대,1,1,0,0,5
262,5.00,50대,1,1,0,0,5
263,3.00,30대,1,1,0,0,5
264,5.00,50대,1,1,0,0,5
265,3.00,30대,1,1,0,0,5
266,1.00,10대,1,1,1,0,5
267,2.00,20대,1,1,0,0,5
268,3.00,30대,1,1,0,1,5
269,6.00,60대이상,0,1,0,0,5
270,4.00,40대,0,1,0,0,5
271,3.00,30대,0,1,0,1,5
272,3.00,30대,1,1,0,1,4
273,5.00,50대,0,1,0,0,4
274,2.00,20대,0,1,0,0,5
275,3.00,30대,0,0,0,0,5
276,2.00,20대,0,1,0,0,4
277,2.00,20대,1,1,0,0,5
278,2.00,20대,1,1,1,0,5
279,3.00,30대,1,1,1,0,5
280,3.00,30대,1,0,0,0,5
281,2.00,20대,1,1,0,0,4
282,3.00,30대,1,1,0,1,5
283,1.00,10대,0,1,1,0,5
284,3.00,30대,1,1,1,0,4
285,4.00,40대,0,1,1,0,4
286,3.00,30대,1,1,1,0,5
287,5.00,50대,0,1,1,0,4
288,3.00,30대,1,1,0,0,5
289,5.00,50대,1,1,0,0,5
290,2.00,20대,1,1,0,0,5
291,5.00,50대,0,1,0,0,5
292,3.00,30대,1,1,0,0,4
293,2.00,20대,0,1,1,0,3
294,6.00,60대이상,1,1,0,1,5
295,2.00,20대,0,1,1,0,5
296,2.00,20대,1,1,1,0,5
297,2.00,20대,1,1,0,0,5
298,1.00,10대,1,1,0,0,5
299,4.00,40대,1,0,0,0,3
300,3.00,30대,0,0,0,1,4
301,2.00,20대,1,1,1,0,4
302,2.00,20대,0,1,0,1,5
303,2.00,20대,0,1,0,0,5
304,1.00,10대,0,1,0,0,5
305,4.00,40대,1,1,1,0,5
306,3.00,30대,1,1,1,0,5
307,5.00,50대,0,1,0,0,4
308,2.00,20대,0,1,1,0,4
309,2.00,20대,0,1,1,0,5
310,2.00,20대,1,1,1,0,5
311,4.00,40대,0,0,0,0,5
312,3.00,30대,0,0,1,0,5
313,2.00,20대,0,0,1,0,5
314,6.00,60대이상,1,1,0,0,4
315,6.00,60대이상,0,1,0,0,5
316,4.00,40대,1,1,0,0,5
317,6.00,60대이상,0,1,0,0,5
318,4.00,40대,0,1,0,0,4
319,5.00,50대,0,1,0,0,5
320,3.00,30대,0,1,0,1,5
321,2.00,20대,1,1,0,0,5
322,3.00,30대,0,1,0,0,5
323,3.00,30대,0,0,0,1,5
324,5.00,50대,1,1,0,0,4
325,6.00,60대이상,0,1,1,0,5
326,6.00,60대이상,0,1,0,0,5
327,2.00,20대,1,1,0,1,5
328,2.00,20대,1,0,1,0,5
329,2.00,20대,1,1,1,0,5
330,2.00,20대,1,0,0,0,5
331,2.00,20대,0,0,0,1,5
332,4.00,40대,0,0,0,1,5
333,6.00,60대이상,1,1,0,1,5
334,5.00,50대,0,1,0,0,5
335,4.00,40대,0,1,0,0,5
336,4.00,40대,0,1,0,0,5
337,2.00,20대,0,1,0,0,4
338,5.00,50대,0,1,0,0,4
339,4.00,40대,0,1,0,0,4
340,4.00,40대,1,1,0,0,5
341,3.00,30대,1,1,0,0,4
342,1.00,10대,0,1,0,1,5
343,3.00,30대,0,1,0,0,4
344,3.00,30대,1,1,0,0,5
345,5.00,50대,1,1,0,0,5
346,2.00,20대,0,1,0,0,5
347,4.00,40대,0,0,0,0,4
348,2.00,20대,1,1,1,0,5
349,3.00,30대,1,1,0,1,2
350,2.00,20대,1,1,0,0,5
351,4.00,40대,1,1,1,0,5
352,6.00,60대이상,1,0,0,0,5
353,2.00,20대,1,1,1,0,5
354,3.00,30대,0,1,0,0,4
355,1.00,10대,0,1,0,0,5
356,4.00,40대,0,0,0,0,5
357,3.00,30대,0,1,0,1,5
358,2.00,20대,1,1,0,1,3
359,4.00,40대,1,1,0,0,5
360,2.00,20대,0,0,1,0,4
361,4.00,40대,0,1,0,0,5
362,5.00,50대,0,1,0,0,4
363,5.00,50대,0,1,1,0,4
364,4.00,40대,1,1,0,0,5
365,4.00,40대,0,0,1,0,5
366,3.00,30대,0,1,1,0,5
367,2.00,20대,1,1,0,0,5
368,2.00,20대,1,1,0,0,4
369,3.00,30대,1,1,0,0,5
370,4.00,40대,0,0,0,1,5
371,2.00,20대,1,1,0,0,4
372,2.00,20대,0,1,0,0,5
373,3.00,30대,0,1,0,1,5
374,2.00,20대,0,1,1,0,5
375,1.00,10대,1,1,1,0,5
376,2.00,20대,1,1,0,0,5
377,5.00,50대,0,1,0,0,4
378,3.00,30대,1,1,0,0,4
379,2.00,20대,0,1,0,0,5
380,4.00,40대,0,0,1,0,4
381,5.00,50대,0,1,0,1,4
382,4.00,40대,1,1,0,0,5
383,4.00,40대,1,1,0,0,5
384,5.00,50대,0,0,1,0,4
385,6.00,60대이상,1,1,1,0,5
386,2.00,20대,0,0,0,0,4
387,3.00,30대,0,1,1,0,5
388,1.00,10대,1,1,0,0,5
389,1.00,10대,1,1,0,0,5
390,6.00,60대이상,1,1,1,0,5
391,1.00,10대,1,1,0,0,5
392,2.00,20대,1,1,0,1,5
393,3.00,30대,1,0,0,0,4
394,4.00,40대,1,1,0,1,5
395,5.00,50대,1,1,1,0,5
396,3.00,30대,0,1,0,0,5
397,3.00,30대,0,1,1,0,5
398,4.00,40대,0,0,0,0,5
399,4.00,40대,0,1,0,0,5
400,5.00,50대,1,1,0,0,5
401,2.00,20대,0,1,0,0,5
402,4.00,40대,0,1,0,0,4
403,4.00,40대,1,1,0,0,5
404,3.00,30대,1,1,1,0,5
405,2.00,20대,1,1,0,0,5
406,2.00,20대,1,1,0,0,5
407,3.00,30대,1,1,0,0,5
408,4.00,40대,0,1,0,0,5
409,4.00,40대,1,1,0,0,5
410,4.00,40대,0,1,0,0,4
411,3.00,30대,1,1,0,0,5
412,3.00,30대,1,1,0,0,5
413,4.00,40대,1,1,1,0,5
414,2.00,20대,1,1,0,0,5
415,2.00,20대,1,1,1,0,5
416,3.00,30대,1,1,0,0,5
417,4.00,40대,0,1,0,0,4
418,2.00,20대,0,1,0,0,5
419,4.00,40대,1,1,0,0,4
420,6.00,60대이상,1,1,0,0,4
421,4.00,40대,0,1,0,0,5
422,5.00,50대,1,1,0,0,5
423,4.00,40대,0,1,1,0,5
424,5.00,50대,0,1,0,0,5
425,3.00,30대,1,1,1,0,5
426,2.00,20대,0,1,0,0,5
427,2.00,20대,1,1,0,0,5
428,6.00,60대이상,1,1,0,0,5
429,4.00,40대,0,1,0,0,5
430,2.00,20대,1,1,0,0,5
431,6.00,60대이상,1,0,0,0,5
432,3.00,30대,1,1,0,0,5
433,2.00,20대,0,1,0,0,5
434,2.00,20대,1,1,0,0,5
435,4.00,40대,0,1,1,0,5
436,3.00,30대,0,1,1,0,4
437,3.00,30대,0,1,0,0,5
438,6.00,60대이상,1,1,0,0,5
439,2.00,20대,1,1,1,0,5
440,2.00,20대,1,1,0,0,5
441,2.00,20대,1,0,0,0,5
442,5.00,50대,1,0,0,0,4
443,2.00,20대,0,1,0,0,5
444,5.00,50대,0,1,0,0,5
445,2.00,20대,1,1,0,0,5
446,4.00,40대,0,1,0,0,5
447,3.00,30대,1,1,0,0,5
448,6.00,60대이상,0,1,0,0,5
449,4.00,40대,1,1,0,0,5
450,5.00,50대,0,0,0,0,5
451,5.00,50대,1,1,0,0,5
452,6.00,60대이상,0,0,1,0,5
453,3.00,30대,0,1,0,0,4
454,3.00,30대,0,1,0,0,5
455,2.00,20대,0,1,0,0,5
456,2.00,20대,0,1,0,0,5
457,3.00,30대,1,1,1,0,5
458,1.00,10대,1,1,0,0,5
459,3.00,30대,0,0,0,0,4
460,3.00,30대,1,1,0,0,5
461,6.00,60대이상,0,0,0,0,5
462,3.00,30대,0,1,1,0,5
463,2.00,20대,0,0,0,0,5
464,3.00,30대,1,1,0,0,3
465,3.00,30대,0,0,0,0,4
466,3.00,30대,0,0,1,0,5
467,3.00,30대,0,0,0,0,5
468,2.00,20대,0,0,0,0,5
469,6.00,60대이상,1,0,0,0,5
470,3.00,30대,0,0,0,0,5
471,4.00,40대,1,1,0,0,5
472,3.00,30대,1,1,1,0,5
473,2.00,20대,1,1,0,1,5
474,3.00,30대,0,0,1,0,4
475,2.00,20대,1,0,0,1,4
476,4.00,40대,0,0,0,0,4
477,2.00,20대,0,0,0,0,4
478,1.00,10대,1,0,0,1,4
479,3.00,30대,1,1,1,0,3
480,2.00,20대,1,0,0,1,5
481,3.00,30대,1,1,0,0,4
482,3.00,30대,1,1,0,0,5
483,3.00,30대,1,1,1,0,5
484,2.00,20대,1,1,0,1,5
485,2.00,20대,0,1,0,0,5
486,5.00,50대,1,1,0,0,5
487,3.00,30대,0,0,1,0,5
488,2.00,20대,1,1,1,0,5
489,2.00,20대,1,1,0,1,5
490,2.00,20대,1,1,0,1,4
491,3.00,30대,0,0,0,0,4
492,2.00,20대,1,1,0,0,5
493,4.00,40대,1,1,1,0,5
494,2.00,20대,0,1,1,0,5
495,5.00,50대,0,1,0,0,5
496,2.00,20대,0,1,0,0,5
497,5.00,50대,1,1,0,0,4
498,5.00,50대,0,1,0,0,5
499,5.00,50대,1,1,1,0,5
500,1.00,10대,0,1,0,0,5
501,3.00,30대,1,1,0,0,5
502,4.00,40대,1,1,0,0,5
503,4.00,40대,0,1,0,0,4
504,6.00,60대이상,1,1,0,0,5
505,1.00,10대,0,1,0,0,4
506,2.00,20대,1,1,0,0,5
507,5.00,50대,1,1,0,0,5
508,4.00,40대,1,1,0,0,5
509,4.00,40대,1,1,0,0,5
510,4.00,40대,0,0,0,0,5
511,2.00,20대,0,0,0,0,5
512,3.00,30대,1,1,0,0,5
513,3.00,30대,0,1,0,0,5
514,1.00,10대,1,0,1,0,5
515,4.00,40대,1,1,0,0,5
516,4.00,40대,1,0,0,0,4
517,2.00,20대,1,0,0,0,5
518,2.00,20대,0,0,0,1,5
519,3.00,30대,1,1,0,1,4
520,3.00,30대,1,1,0,0,4
521,3.00,30대,1,0,0,1,5
522,3.00,30대,0,1,0,0,4
523,4.00,40대,0,0,0,0,5
524,2.00,20대,1,1,1,0,4
525,4.00,40대,1,1,0,0,5
526,4.00,40대,1,1,0,0,5
527,3.00,30대,0,1,1,0,4
528,2.00,20대,1,1,0,0,5
529,6.00,60대이상,0,1,1,0,4
530,3.00,30대,0,1,0,0,5
531,2.00,20대,0,1,0,0,5
532,3.00,30대,1,1,1,0,5
533,2.00,20대,1,1,0,0,5
534,5.00,50대,1,1,1,0,5
535,3.00,30대,1,0,0,0,5
536,2.00,20대,1,1,0,0,5
537,3.00,30대,1,1,0,1,5
538,2.00,20대,1,1,1,0,3
539,2.00,20대,0,1,0,0,5
540,3.00,30대,1,1,1,0,4
541,6.00,60대이상,0,1,0,0,4
542,3.00,30대,0,1,0,0,4
543,5.00,50대,0,1,0,0,3
544,3.00,30대,1,1,1,0,5
545,2.00,20대,0,1,0,0,5
546,4.00,40대,1,0,0,0,4
547,4.00,40대,0,1,0,0,4
548,4.00,40대,0,0,0,0,5
549,4.00,40대,0,1,1,0,5
550,4.00,40대,0,1,0,0,5
551,5.00,50대,0,1,0,0,5
552,5.00,50대,1,1,0,1,4
553,3.00,30대,1,1,0,1,5
554,6.00,60대이상,1,1,0,0,4
555,2.00,20대,0,1,1,0,4
556,3.00,30대,0,1,0,0,5
557,2.00,20대,0,1,1,0,5
558,3.00,30대,0,1,1,0,5
559,4.00,40대,1,1,0,1,4
560,3.00,30대,1,1,0,0,4
561,2.00,20대,1,1,0,1,5
562,4.00,40대,0,1,0,0,5
563,3.00,30대,0,1,1,0,5
564,4.00,40대,0,1,0,0,5
565,2.00,20대,1,1,1,0,5
566,4.00,40대,1,1,0,0,4
567,3.00,30대,1,1,0,0,5
568,3.00,30대,0,1,0,0,5
569,2.00,20대,1,1,1,0,5
570,3.00,30대,0,1,0,0,4
571,3.00,30대,1,1,1,0,5
572,3.00,30대,0,1,0,1,5
573,4.00,40대,0,1,0,0,5
574,5.00,50대,1,1,0,0,4
575,2.00,20대,1,1,0,1,5
576,3.00,30대,1,1,1,0,5
577,2.00,20대,1,1,1,0,5
578,6.00,60대이상,1,1,0,0,5
579,1.00,10대,0,1,0,0,5
580,2.00,20대,1,1,0,0,5
581,1.00,10대,0,0,0,1,4
582,4.00,40대,1,1,0,0,3
583,3.00,30대,1,1,0,0,5
584,2.00,20대,0,1,0,0,4
585,3.00,30대,0,1,0,0,5
586,2.00,20대,1,1,0,0,5
587,3.00,30대,1,1,0,0,5
588,3.00,30대,0,0,1,0,5
589,3.00,30대,1,1,0,1,5
590,1.00,10대,1,1,0,0,5
591,3.00,30대,1,1,1,0,5
592,3.00,30대,0,1,0,1,5
593,2.00,20대,1,1,0,0,5
594,1.00,10대,0,1,0,1,4
595,3.00,30대,0,1,0,0,5
596,2.00,20대,1,1,0,0,5
597,5.00,50대,1,1,0,1,5
598,2.00,20대,0,0,0,1,4
599,5.00,50대,1,1,1,0,5
600,2.00,20대,0,1,0,0,5
601,6.00,60대이상,0,0,0,1,4
602,5.00,50대,1,1,0,0,4
603,2.00,20대,0,1,0,0,4
604,2.00,20대,0,1,0,0,5
605,3.00,30대,0,1,0,0,5
606,2.00,20대,0,1,0,0,5
607,2.00,20대,0,1,0,0,5
608,3.00,30대,1,1,0,0,4
609,3.00,30대,0,1,0,0,4
610,2.00,20대,0,1,1,0,5
611,6.00,60대이상,0,1,1,0,5
612,2.00,20대,0,1,1,0,5
613,3.00,30대,1,1,0,1,4
614,3.00,30대,1,1,0,0,5
615,2.00,20대,1,1,0,1,5
616,4.00,40대,0,1,1,0,4
617,4.00,40대,1,1,0,0,5
618,5.00,50대,0,1,0,0,4
619,3.00,30대,0,1,0,0,5
620,4.00,40대,0,0,1,0,5
621,2.00,20대,0,1,0,0,5
622,2.00,20대,0,1,0,0,5
623,2.00,20대,0,0,0,0,5
624,3.00,30대,0,0,0,0,4
625,5.00,50대,0,0,1,0,5
626,4.00,40대,1,1,0,0,5
627,2.00,20대,0,0,0,0,5
628,3.00,30대,1,1,0,1,5
629,5.00,50대,1,1,0,0,5
630,4.00,40대,0,0,0,0,4
631,2.00,20대,1,1,0,0,4
632,3.00,30대,1,1,0,0,5
633,2.00,20대,1,1,0,0,5
634,2.00,20대,1,1,0,0,5
635,2.00,20대,0,1,0,0,5
636,4.00,40대,0,1,0,0,5
637,2.00,20대,1,1,0,0,4
638,3.00,30대,1,1,0,0,4
639,2.00,20대,0,1,0,0,5
640,5.00,50대,0,0,1,0,4
641,3.00,30대,0,1,0,0,5
642,2.00,20대,0,1,0,0,5
643,3.00,30대,1,0,0,0,5
644,2.00,20대,0,1,0,0,5
645,3.00,30대,1,1,1,0,4
646,2.00,20대,0,1,0,0,5
647,4.00,40대,0,0,0,0,5
648,2.00,20대,0,1,0,0,5
649,2.00,20대,1,1,0,1,5
650,2.00,20대,0,1,0,0,5
651,1.00,10대,1,1,0,0,4
652,3.00,30대,1,1,0,0,5
653,4.00,40대,1,1,0,0,4
654,3.00,30대,0,1,0,0,4
655,2.00,20대,1,1,0,1,4
656,5.00,50대,1,1,0,0,5
657,2.00,20대,1,1,0,0,5
658,4.00,40대,1,1,1,0,5
659,2.00,20대,1,1,0,0,5
660,6.00,60대이상,1,0,0,0,5
661,2.00,20대,0,1,0,0,5
662,1.00,10대,0,1,0,0,4
663,3.00,30대,1,1,0,0,4
664,3.00,30대,1,1,0,1,5
665,5.00,50대,0,1,0,0,4
666,3.00,30대,0,1,0,0,4
667,3.00,30대,0,1,0,0,4
668,4.00,40대,0,0,0,0,5
669,2.00,20대,0,1,0,0,4
670,4.00,40대,0,1,0,0,4
671,3.00,30대,1,1,1,0,5
672,3.00,30대,1,1,0,0,5
673,4.00,40대,0,1,0,0,5
674,2.00,20대,1,1,0,1,4
675,3.00,30대,0,1,0,0,4
676,2.00,20대,1,1,0,1,5
677,2.00,20대,0,1,0,0,5
678,2.00,20대,0,1,1,0,5
679,2.00,20대,0,1,0,1,5
680,3.00,30대,1,1,0,0,5
681,5.00,50대,1,1,0,0,5
682,2.00,20대,1,0,0,1,5
683,4.00,40대,1,1,1,0,5
684,2.00,20대,0,1,0,0,5
685,3.00,30대,1,1,0,1,5
686,1.00,10대,1,1,0,0,4
687,5.00,50대,0,1,0,0,5
688,2.00,20대,1,1,0,0,4
689,2.00,20대,0,0,0,1,4
690,2.00,20대,1,1,0,0,5
691,4.00,40대,0,0,0,0,5
692,6.00,60대이상,0,1,0,0,4
693,3.00,30대,1,1,0,0,4
694,5.00,50대,0,1,0,0,5
695,2.00,20대,1,1,0,1,5
696,4.00,40대,0,1,0,0,4
697,2.00,20대,1,1,1,0,5
698,6.00,60대이상,0,1,0,0,3
699,4.00,40대,1,1,0,0,5
700,5.00,50대,1,1,1,0,4
701,4.00,40대,0,1,0,0,4
702,4.00,40대,1,1,0,0,5
703,4.00,40대,0,0,0,0,5
704,3.00,30대,0,1,0,0,5
705,3.00,30대,1,1,0,0,4
706,5.00,50대,0,1,0,0,4
707,3.00,30대,0,1,1,0,4
708,3.00,30대,1,1,0,0,5
709,3.00,30대,0,1,0,0,5
710,2.00,20대,0,1,0,0,5
711,4.00,40대,0,1,0,1,5
712,5.00,50대,1,0,0,0,4
713,3.00,30대,1,0,0,0,5
714,3.00,30대,0,1,0,1,5
715,2.00,20대,1,1,1,0,4
716,2.00,20대,0,1,0,0,5
717,2.00,20대,1,1,1,0,5
718,3.00,30대,1,1,0,1,4
719,2.00,20대,0,1,0,0,5
720,5.00,50대,1,1,0,0,5
721,4.00,40대,0,1,0,0,5
722,4.00,40대,0,1,0,0,4
723,2.00,20대,1,0,0,0,5
724,2.00,20대,0,1,0,0,5
725,4.00,40대,1,1,0,0,4
726,3.00,30대,1,1,1,0,5
727,5.00,50대,1,1,0,0,5
728,3.00,30대,0,0,0,1,5
729,5.00,50대,0,1,0,0,5
730,3.00,30대,1,1,0,0,5
731,4.00,40대,1,1,0,0,3
732,3.00,30대,0,1,1,0,5
733,2.00,20대,0,1,1,0,4
734,2.00,20대,1,1,0,1,5
735,2.00,20대,1,1,0,0,5
736,6.00,60대이상,1,1,0,0,5
737,2.00,20대,1,1,0,0,4
738,5.00,50대,1,1,0,1,5
739,3.00,30대,1,1,1,0,5
740,2.00,20대,0,1,0,1,5
741,2.00,20대,0,1,0,0,4
742,4.00,40대,1,1,0,0,5
743,6.00,60대이상,0,1,0,0,4
744,4.00,40대,0,1,1,0,4
745,4.00,40대,0,1,0,0,4
746,5.00,50대,0,1,0,1,5
747,4.00,40대,0,1,0,0,3
748,2.00,20대,0,1,1,0,4
749,2.00,20대,1,1,0,0,4
750,5.00,50대,0,1,1,0,4
751,2.00,20대,0,0,1,0,5
752,3.00,30대,0,1,1,0,5
753,2.00,20대,0,0,0,0,4
754,2.00,20대,1,1,1,0,5
755,3.00,30대,1,1,0,0,5
756,3.00,30대,1,1,0,0,5
757,2.00,20대,1,1,1,0,5
758,4.00,40대,1,1,0,0,5
759,2.00,20대,0,0,1,0,4
760,5.00,50대,0,1,0,0,5
761,6.00,60대이상,1,1,0,0,5
762,5.00,50대,1,1,1,0,5
763,3.00,30대,0,1,1,0,4
764,4.00,40대,0,1,0,1,4
765,3.00,30대,0,1,0,1,5
766,3.00,30대,0,1,0,0,4
767,5.00,50대,0,1,0,0,5
768,4.00,40대,1,1,0,0,5
769,4.00,40대,0,1,0,0,4
770,3.00,30대,0,1,1,0,5
771,4.00,40대,0,1,1,0,4
772,5.00,50대,0,1,1,0,5
773,5.00,50대,1,1,0,0,4
774,5.00,50대,1,1,0,0,4
775,6.00,60대이상,1,1,0,1,5
776,5.00,50대,1,1,0,0,5
777,3.00,30대,1,1,0,0,4
778,5.00,50대,0,1,0,0,5
779,5.00,50대,1,1,0,0,5
780,2.00,20대,1,1,0,0,4
781,5.00,50대,0,1,1,0,4
782,3.00,30대,1,0,0,0,4
783,3.00,30대,1,1,0,0,3
784,2.00,20대,1,1,0,0,5
785,3.00,30대,1,1,0,0,5
786,2.00,20대,0,1,1,0,4
787,5.00,50대,0,1,0,0,5
788,2.00,20대,1,1,0,1,5
789,2.00,20대,1,1,0,0,5
790,5.00,50대,1,1,0,0,4
791,3.00,30대,0,1,0,0,5
792,4.00,40대,1,1,0,0,5
793,3.00,30대,1,1,1,0,4
794,4.00,40대,1,1,0,0,4
795,2.00,20대,0,1,0,0,4
796,2.00,20대,1,1,0,0,5
797,6.00,60대이상,1,1,0,1,5
798,3.00,30대,0,1,0,0,5
799,5.00,50대,0,1,1,0,4
800,3.00,30대,1,1,0,0,5
801,5.00,50대,1,1,0,1,5
802,5.00,50대,1,1,1,0,5
803,6.00,60대이상,1,1,0,0,5
804,1.00,10대,1,1,0,0,5
805,3.00,30대,1,1,0,0,4
806,5.00,50대,1,1,0,0,5
807,3.00,30대,1,1,0,0,3
808,4.00,40대,1,1,0,0,5
809,3.00,30대,1,1,0,1,4
810,6.00,60대이상,0,1,0,1,5
811,5.00,50대,1,1,0,0,4
812,2.00,20대,1,1,0,0,5
813,5.00,50대,0,1,1,0,4
814,6.00,60대이상,0,1,0,0,5
815,4.00,40대,0,0,1,0,5
816,2.00,20대,0,1,1,0,4
817,3.00,30대,1,1,0,0,5
818,4.00,40대,0,1,0,0,5
819,2.00,20대,1,1,0,0,5
820,4.00,40대,0,1,0,0,5
821,3.00,30대,1,1,0,0,5
822,6.00,60대이상,0,1,0,0,5
823,2.00,20대,1,1,0,0,5
824,4.00,40대,1,1,1,0,4
825,3.00,30대,1,1,0,0,5
826,5.00,50대,0,1,0,0,5
827,2.00,20대,1,1,0,0,5
828,1.00,10대,0,1,0,1,5
829,6.00,60대이상,1,1,1,0,5
830,4.00,40대,0,1,0,0,4
831,3.00,30대,1,1,0,0,5
832,2.00,20대,1,1,0,0,5
833,6.00,60대이상,1,1,0,0,5
834,5.00,50대,0,1,0,0,4
835,3.00,30대,0,1,1,0,5
836,2.00,20대,1,1,0,1,5
837,4.00,40대,1,1,0,1,5
838,5.00,50대,1,1,0,1,5
839,4.00,40대,1,1,0,0,5
840,2.00,20대,1,1,1,0,5
841,2.00,20대,1,1,0,1,4
842,2.00,20대,0,1,0,0,5
843,4.00,40대,1,1,0,0,5
844,4.00,40대,0,1,0,0,4
845,4.00,40대,0,1,0,0,4
846,2.00,20대,0,1,0,0,5
847,5.00,50대,1,1,0,0,5
848,4.00,40대,1,1,0,0,5
849,4.00,40대,0,0,0,0,5
850,5.00,50대,0,1,0,0,5
851,3.00,30대,0,1,0,0,4
852,4.00,40대,1,1,0,0,5
853,3.00,30대,0,1,0,0,5
854,4.00,40대,0,1,0,0,4
855,2.00,20대,0,0,0,0,5
856,5.00,50대,1,1,0,1,4
857,3.00,30대,1,1,0,0,5
858,3.00,30대,0,1,0,0,5
859,2.00,20대,1,1,0,0,5
860,2.00,20대,1,1,0,0,5
861,4.00,40대,1,1,0,0,5
862,2.00,20대,1,0,0,0,4
863,3.00,30대,0,1,1,0,5
864,2.00,20대,1,1,0,0,5
865,4.00,40대,0,1,0,0,5
866,3.00,30대,1,1,0,0,5
867,2.00,20대,1,1,0,0,5
868,2.00,20대,0,0,0,1,5
869,3.00,30대,0,1,0,0,5
870,2.00,20대,0,1,0,0,5
871,1.00,10대,1,0,0,0,5
872,3.00,30대,0,1,0,0,5
873,2.00,20대,0,1,0,0,5
874,2.00,20대,1,0,0,0,5
875,3.00,30대,1,1,0,0,5
876,5.00,50대,1,1,1,0,5
877,3.00,30대,1,1,1,0,4
878,5.00,50대,1,1,0,0,4
879,4.00,40대,0,1,0,1,5
880,3.00,30대,0,1,1,0,5
881,4.00,40대,1,0,0,0,5
882,3.00,30대,0,1,0,1,5
883,4.00,40대,1,0,0,0,5
884,2.00,20대,1,1,0,0,5
885,4.00,40대,0,0,0,0,5
886,6.00,60대이상,0,1,1,0,5
887,2.00,20대,1,1,1,0,5
888,4.00,40대,1,1,0,0,4
889,3.00,30대,0,0,0,0,5
890,4.00,40대,0,0,1,0,4
891,1.00,10대,0,0,0,0,4
892,2.00,20대,1,0,0,0,4
893,3.00,30대,0,0,0,0,5
894,2.00,20대,0,0,0,0,3
895,2.00,20대,0,0,0,0,4
896,4.00,40대,0,0,0,0,5
897,5.00,50대,1,0,0,0,4
898,1.00,10대,0,0,1,0,4
899,5.00,50대,1,1,0,0,5
900,5.00,50대,1,1,0,0,5
901,1.00,10대,0,0,0,0,5
902,3.00,30대,0,0,1,0,5
903,2.00,20대,1,1,0,0,5
904,4.00,40대,1,0,0,0,5
905,4.00,40대,1,0,0,0,5
906,3.00,30대,1,0,0,1,5
907,2.00,20대,1,1,0,0,4
908,2.00,20대,0,0,0,0,4
909,2.00,20대,1,1,0,0,5
910,3.00,30대,0,0,0,0,5
911,4.00,40대,1,1,1,0,5
912,4.00,40대,0,1,0,0,4
913,4.00,40대,1,1,0,1,5
914,2.00,20대,1,1,0,0,5
915,3.00,30대,0,1,0,0,5
916,2.00,20대,1,0,0,0,4
917,2.00,20대,0,0,0,0,5
918,2.00,20대,0,0,0,0,5
919,2.00,20대,1,1,0,0,5
920,3.00,30대,1,1,0,1,5
921,2.00,20대,1,0,0,1,5
922,5.00,50대,1,1,0,0,5
923,5.00,50대,0,1,0,1,5
924,4.00,40대,0,1,0,0,5
925,4.00,40대,1,1,0,0,5
926,4.00,40대,0,1,0,0,5
927,3.00,30대,0,0,1,0,5
928,2.00,20대,0,1,0,1,5
929,1.00,10대,0,1,0,0,4
930,3.00,30대,1,1,1,0,5
931,2.00,20대,1,1,1,0,4
932,1.00,10대,0,1,1,0,5
933,4.00,40대,0,1,0,1,5
934,2.00,20대,0,0,0,0,5
935,2.00,20대,0,1,0,0,5
936,2.00,20대,1,1,0,0,5
937,3.00,30대,1,1,1,0,5
938,2.00,20대,0,1,1,0,5
939,3.00,30대,0,1,0,0,5
940,3.00,30대,0,1,0,0,5
941,2.00,20대,1,1,0,0,5
942,3.00,30대,1,1,0,0,5
943,4.00,40대,1,0,0,0,4
944,3.00,30대,0,1,0,1,5
945,2.00,20대,0,1,0,0,4
946,2.00,20대,0,1,0,0,5
947,4.00,40대,1,1,0,0,3
948,4.00,40대,0,1,0,0,5
949,4.00,40대,1,1,0,0,5
950,1.00,10대,0,1,0,0,4
951,5.00,50대,0,1,1,0,5
952,2.00,20대,0,1,0,1,4
953,5.00,50대,1,1,0,0,4
954,3.00,30대,0,1,0,1,5
955,3.00,30대,1,1,1,0,5
956,5.00,50대,0,1,0,0,5
957,5.00,50대,0,1,0,0,5
958,3.00,30대,0,1,0,0,5
959,3.00,30대,0,1,0,0,5
960,2.00,20대,1,1,0,0,5
961,3.00,30대,1,1,0,1,5
962,3.00,30대,1,1,1,0,5
963,3.00,30대,1,1,1,0,5
964,2.00,20대,0,1,0,0,5
965,4.00,40대,0,1,0,0,5
966,2.00,20대,1,1,1,0,5
967,3.00,30대,1,1,0,0,5
968,4.00,40대,1,1,0,0,5
969,3.00,30대,1,1,0,1,5
970,4.00,40대,0,1,0,0,5
971,2.00,20대,1,1,0,1,4
972,2.00,20대,0,1,1,0,4
973,2.00,20대,1,1,0,0,5
974,2.00,20대,1,0,0,0,5
975,2.00,20대,0,1,1,0,5
976,4.00,40대,0,0,0,0,4
977,4.00,40대,0,1,0,0,4
978,4.00,40대,1,1,0,0,4
979,2.00,20대,1,0,0,0,5
980,5.00,50대,1,1,0,0,4
981,5.00,50대,1,0,1,0,5
982,4.00,40대,0,0,1,0,4
983,6.00,60대이상,0,1,0,0,5
984,4.00,40대,0,0,0,0,4
985,6.00,60대이상,1,1,0,1,5
986,2.00,20대,0,0,1,0,4
987,2.00,20대,0,0,0,0,5
988,5.00,50대,0,0,1,0,4
989,4.00,40대,0,0,0,0,4
990,4.00,40대,1,1,0,0,5
991,4.00,40대,0,0,1,0,4
992,4.00,40대,0,1,1,0,5
993,6.00,60대이상,0,1,0,0,4
994,3.00,30대,0,1,0,0,4
995,2.00,20대,1,1,1,0,5
996,3.00,30대,0,1,0,0,4
997,4.00,40대,0,0,1,0,5
998,2.00,20대,1,1,0,0,5
999,3.00,30대,1,1,0,0,5
1000,2.00,20대,1,1,1,0,5
1001,6.00,60대이상,1,1,1,0,5
1002,3.00,30대,1,0,0,1,5
1003,5.00,50대,0,1,0,0,5
1004,2.00,20대,1,1,0,0,5
1005,2.00,20대,0,0,0,1,5
1006,5.00,50대,0,0,0,0,4
1007,2.00,20대,0,1,1,0,5
1008,3.00,30대,0,1,0,0,4
1009,2.00,20대,1,1,1,0,4
1010,3.00,30대,0,1,1,0,5
1011,2.00,20대,1,0,0,1,5
1012,2.00,20대,1,0,0,0,4
1013,5.00,50대,0,1,1,0,5
1014,3.00,30대,0,0,1,0,5
1015,2.00,20대,1,1,0,1,4
1016,5.00,50대,0,1,0,0,4
1017,4.00,40대,0,1,0,0,4
1018,5.00,50대,1,0,0,0,4
1019,3.00,30대,0,1,0,0,5
1020,3.00,30대,1,1,0,0,5
1021,4.00,40대,0,1,0,0,5
1022,3.00,30대,1,1,0,1,5
1023,3.00,30대,1,1,0,0,5
1024,4.00,40대,0,1,1,0,4
1025,2.00,20대,0,1,0,0,3
1026,4.00,40대,1,1,0,1,5
1027,3.00,30대,0,0,0,0,5
1028,4.00,40대,1,1,0,1,5
1029,4.00,40대,1,1,0,0,5
1030,5.00,50대,0,1,0,0,5
1031,3.00,30대,0,1,0,0,5
1032,2.00,20대,1,0,0,0,5
1033,2.00,20대,1,1,0,0,4
1034,5.00,50대,1,1,0,0,5
1035,2.00,20대,0,1,0,0,5
1036,6.00,60대이상,1,1,0,0,5
1037,2.00,20대,1,1,1,0,5
1038,3.00,30대,0,1,0,1,5
1039,5.00,50대,0,1,1,0,5
1040,2.00,20대,0,1,0,1,4
1041,5.00,50대,0,0,1,0,5
1042,2.00,20대,0,1,0,0,5
1043,2.00,20대,1,1,1,0,5
1044,6.00,60대이상,0,1,0,0,5
1045,4.00,40대,1,1,0,0,5
1046,4.00,40대,1,1,0,0,4
1047,6.00,60대이상,1,1,0,0,5
1048,6.00,60대이상,1,1,0,0,5
1049,4.00,40대,0,1,0,0,5
1050,3.00,30대,1,1,0,1,5
1051,5.00,50대,1,0,0,1,4
1052,4.00,40대,0,1,0,0,4
1053,3.00,30대,0,1,0,1,5
1054,3.00,30대,1,1,0,1,5
1055,3.00,30대,1,0,0,0,5
1056,2.00,20대,0,1,0,0,4
1057,2.00,20대,1,1,0,0,5
1058,2.00,20대,0,0,0,1,5
1059,2.00,20대,0,1,0,0,5
1060,2.00,20대,0,1,0,1,5
1061,3.00,30대,0,0,0,0,5
1062,5.00,50대,0,1,0,0,5
1063,2.00,20대,1,0,0,0,5
1064,1.00,10대,1,1,0,0,4
1065,5.00,50대,0,1,0,0,5
1066,3.00,30대,0,1,0,0,5
1067,3.00,30대,1,1,0,0,5
1068,2.00,20대,0,1,0,1,5
1069,5.00,50대,0,1,1,0,5
1070,5.00,50대,1,1,0,0,4
1071,2.00,20대,1,1,0,0,5
1072,2.00,20대,1,1,0,1,5
1073,3.00,30대,1,0,0,0,5
1074,4.00,40대,0,1,0,0,3
1075,5.00,50대,0,1,0,0,5
1076,2.00,20대,0,1,0,1,5
1077,2.00,20대,1,1,1,0,5
1078,3.00,30대,1,1,0,0,4
1079,3.00,30대,0,1,0,0,5
1080,4.00,40대,1,0,0,0,5
1081,3.00,30대,0,1,1,0,4
1082,2.00,20대,0,1,0,0,5
1083,5.00,50대,1,1,0,0,4
1084,6.00,60대이상,0,1,0,1,5
1085,2.00,20대,0,1,0,0,3
1086,3.00,30대,0,1,0,0,4
1087,5.00,50대,1,0,0,0,4
1088,1.00,10대,1,1,0,0,5
1089,3.00,30대,0,1,1,0,4
1090,3.00,30대,0,1,1,0,5
1091,4.00,40대,1,0,0,0,4
1092,4.00,40대,1,1,1,0,5
1093,4.00,40대,1,0,0,0,5
1094,5.00,50대,1,1,0,0,4
1095,3.00,30대,0,1,0,0,3
1096,4.00,40대,1,1,0,0,5
1097,3.00,30대,0,0,0,0,4
1098,4.00,40대,1,1,0,0,5
1099,4.00,40대,0,1,0,0,5
1100,3.00,30대,1,1,1,0,5
1101,4.00,40대,1,1,1,0,5
1102,6.00,60대이상,0,1,0,0,5
1103,2.00,20대,1,0,0,0,4
1104,3.00,30대,0,1,0,0,5
1105,4.00,40대,0,1,0,1,5
1106,4.00,40대,0,1,0,0,5
1107,3.00,30대,1,1,0,0,5
1108,6.00,60대이상,1,1,0,0,4
1109,4.00,40대,0,1,0,0,3
1110,3.00,30대,0,1,0,0,5
1111,5.00,50대,1,1,1,0,5
1112,2.00,20대,1,1,0,0,5
1113,5.00,50대,1,1,0,0,5
1114,3.00,30대,1,1,0,0,5
1115,3.00,30대,1,1,1,0,5
1116,2.00,20대,1,1,0,1,5
1117,3.00,30대,1,1,0,0,3
1118,2.00,20대,0,1,0,0,5
1119,3.00,30대,0,1,0,1,4
1120,3.00,30대,0,1,0,1,5
1121,2.00,20대,0,1,0,0,5
1122,2.00,20대,0,1,0,0,5
1123,2.00,20대,1,1,0,0,5
1124,2.00,20대,0,1,0,0,5
1125,3.00,30대,0,1,0,0,5
1126,2.00,20대,1,1,1,0,5
1127,2.00,20대,1,1,0,0,4
1128,3.00,30대,0,1,0,0,5
1129,3.00,30대,0,1,0,0,5
1130,3.00,30대,1,1,0,0,5
1131,4.00,40대,0,1,0,0,5
1132,5.00,50대,1,1,1,0,5
1133,3.00,30대,0,1,0,0,5
1134,1.00,10대,1,1,1,0,5
1135,5.00,50대,1,1,0,0,5
1136,5.00,50대,1,0,0,1,5
1137,3.00,30대,0,1,0,0,5
1138,4.00,40대,0,1,0,0,5
1139,4.00,40대,1,1,0,0,5
1140,5.00,50대,1,1,0,0,3
1141,6.00,60대이상,1,1,0,0,5
1142,2.00,20대,1,1,0,1,5
1143,4.00,40대,1,1,1,0,5
1144,5.00,50대,0,1,0,0,4
1145,3.00,30대,1,1,0,0,5
1146,4.00,40대,1,1,0,0,5
1147,1.00,10대,0,1,0,0,4
1148,2.00,20대,1,0,1,0,4
1149,5.00,50대,0,1,0,0,5
1150,3.00,30대,0,1,0,0,5
1151,5.00,50대,1,1,0,0,5
1152,4.00,40대,0,1,0,1,5
1153,1.00,10대,0,1,0,0,4
1154,2.00,20대,1,1,0,0,5
1155,2.00,20대,1,1,0,0,5
1156,4.00,40대,0,0,0,0,5
1157,4.00,40대,1,0,0,0,5
1158,2.00,20대,0,0,0,0,4
1159,2.00,20대,0,1,0,0,5
1160,5.00,50대,0,1,1,0,4
1161,5.00,50대,0,1,1,0,5
1162,2.00,20대,0,1,0,0,5
1163,1.00,10대,1,1,0,0,5
1164,2.00,20대,0,1,0,0,3
1165,5.00,50대,1,1,0,0,5
1166,1.00,10대,1,1,0,0,5
1167,2.00,20대,0,1,0,0,5
1168,2.00,20대,0,1,0,0,5
1169,3.00,30대,0,1,0,1,5
1170,5.00,50대,0,1,0,0,5
1171,4.00,40대,0,0,0,0,5
1172,4.00,40대,1,0,0,0,5
1173,2.00,20대,0,1,1,0,5
1174,3.00,30대,0,1,0,0,5
1175,6.00,60대이상,0,1,0,0,4
1176,2.00,20대,0,0,1,0,4
1177,3.00,30대,0,0,0,1,5
1178,2.00,20대,1,0,0,0,5
1179,3.00,30대,0,0,1,0,5
1180,3.00,30대,0,1,0,0,4
1181,2.00,20대,1,1,0,0,5
1182,4.00,40대,0,1,0,0,5
1183,2.00,20대,1,1,0,0,5
1184,3.00,30대,0,1,0,0,5
1185,3.00,30대,1,1,0,0,4
1186,3.00,30대,0,1,0,0,5
1187,3.00,30대,0,1,0,0,5
1188,4.00,40대,0,1,0,0,4
1189,2.00,20대,1,1,1,0,5
1190,3.00,30대,0,1,0,0,5
1191,2.00,20대,0,1,0,0,5
1192,2.00,20대,1,1,0,0,5
1193,3.00,30대,1,1,0,0,5
1194,4.00,40대,0,1,1,0,5
1195,3.00,30대,0,1,0,0,5
1196,5.00,50대,0,1,0,0,4
1197,2.00,20대,1,1,0,0,5
1198,3.00,30대,1,0,0,0,5
1199,6.00,60대이상,0,1,1,0,5
1200,5.00,50대,0,1,0,0,5
1201,2.00,20대,0,1,1,0,5
1202,3.00,30대,1,1,1,0,5
1203,6.00,60대이상,1,1,0,1,4
1204,4.00,40대,1,1,0,1,5
1205,3.00,30대,1,1,0,1,5
1206,3.00,30대,0,1,0,1,5
1207,4.00,40대,1,1,0,1,5
1208,2.00,20대,1,1,0,0,4
1209,2.00,20대,1,1,1,0,5
1210,2.00,20대,0,1,0,1,5
1211,3.00,30대,0,1,0,0,5
1212,2.00,20대,0,1,0,0,5
1213,3.00,30대,1,1,0,0,5
1214,2.00,20대,0,1,0,1,5
1215,3.00,30대,0,1,0,0,5
1216,5.00,50대,0,1,0,0,5
1217,2.00,20대,1,1,0,0,5
1218,5.00,50대,1,1,0,0,4
1219,3.00,30대,1,1,0,0,4
1220,2.00,20대,0,1,0,0,5
1221,5.00,50대,0,1,0,0,5
1222,2.00,20대,0,1,0,0,5
1223,4.00,40대,0,1,0,0,5
1224,2.00,20대,0,1,0,0,5
1225,2.00,20대,0,1,0,1,5
1226,6.00,60대이상,0,1,0,0,5
1227,5.00,50대,1,1,1,0,5
1228,4.00,40대,1,1,0,0,5
1229,4.00,40대,0,1,0,0,4
1230,2.00,20대,1,1,0,0,5
1231,6.00,60대이상,0,1,0,0,5
1232,4.00,40대,0,0,0,0,4
1233,2.00,20대,1,0,1,0,5
1234,2.00,20대,0,0,0,1,4
1235,2.00,20대,0,0,0,1,5
1236,4.00,40대,1,0,0,0,5
1237,6.00,60대이상,0,0,1,0,5
1238,3.00,30대,0,0,0,1,5
1239,2.00,20대,0,1,1,0,5
1240,2.00,20대,0,0,1,0,5
1241,6.00,60대이상,1,1,0,0,5
1242,5.00,50대,0,1,0,1,5
1243,4.00,40대,1,1,0,0,5
1244,2.00,20대,1,1,1,0,5
1245,3.00,30대,1,1,0,1,4
1246,2.00,20대,1,1,0,0,5
1247,2.00,20대,1,1,0,0,5
1248,2.00,20대,1,1,0,0,4
1249,3.00,30대,0,1,0,0,4
1250,4.00,40대,0,1,0,0,5
1251,5.00,50대,0,1,0,1,5
1252,1.00,10대,0,1,0,0,5
1253,5.00,50대,0,1,0,0,4
1254,2.00,20대,1,1,0,0,5
1255,4.00,40대,1,1,0,1,5
1256,2.00,20대,1,0,1,0,3
1257,4.00,40대,0,0,1,0,5
1258,2.00,20대,1,1,0,0,4
1259,3.00,30대,1,1,1,0,5
1260,2.00,20대,1,1,1,0,5
1261,3.00,30대,0,1,0,0,4
1262,2.00,20대,0,1,0,0,5
1263,1.00,10대,1,1,0,1,5
1264,2.00,20대,0,1,0,0,5
1265,3.00,30대,1,1,0,1,5
1266,2.00,20대,0,1,0,0,5
1267,4.00,40대,0,1,0,0,4
1268,2.00,20대,1,1,1,0,5
1269,3.00,30대,1,1,0,0,5
1270,2.00,20대,0,1,0,0,5
1271,6.00,60대이상,1,1,0,0,5
1272,4.00,40대,0,1,0,0,5
1273,5.00,50대,1,1,1,0,5
1274,2.00,20대,0,1,0,0,5
1275,2.00,20대,0,1,0,0,4
1276,2.00,20대,1,1,1,0,4
1277,5.00,50대,1,1,0,0,5
1278,3.00,30대,1,1,1,0,5
1279,3.00,30대,1,1,0,0,5
1280,3.00,30대,0,1,0,0,5
1281,3.00,30대,1,1,0,0,5
1282,3.00,30대,0,1,1,0,4
1283,2.00,20대,0,1,1,0,5
1284,2.00,20대,0,0,1,0,4
1285,2.00,20대,0,1,0,0,5
1286,3.00,30대,1,1,0,0,4
1287,4.00,40대,1,1,0,0,4
1288,6.00,60대이상,0,0,0,0,5
1289,3.00,30대,0,1,1,0,5
1290,3.00,30대,0,0,0,0,5
1291,3.00,30대,0,1,0,0,5
1292,5.00,50대,1,1,0,0,5
1293,3.00,30대,1,1,0,0,5
1294,2.00,20대,1,1,0,0,5
1295,2.00,20대,1,1,0,1,5
1296,5.00,50대,0,1,0,0,4
1297,2.00,20대,1,1,0,0,4
1298,3.00,30대,1,1,1,0,5
1299,6.00,60대이상,0,1,0,0,4
1300,4.00,40대,0,1,0,0,4
1301,3.00,30대,0,1,0,0,4
1302,3.00,30대,0,1,1,0,5
1303,2.00,20대,1,1,0,0,4
1304,3.00,30대,0,1,0,0,5
1305,5.00,50대,1,1,0,0,4
1306,4.00,40대,1,0,1,0,5
1307,2.00,20대,1,0,0,0,4
1308,1.00,10대,0,1,1,0,4
1309,4.00,40대,1,1,0,0,4
1310,1.00,10대,0,1,0,1,5
1311,5.00,50대,0,1,1,0,1
1312,2.00,20대,0,1,0,0,5
1313,3.00,30대,0,1,0,0,5
1314,2.00,20대,1,1,1,0,5
1315,4.00,40대,0,1,0,0,5
1316,2.00,20대,1,1,0,0,4
1317,3.00,30대,1,1,0,1,5
1318,2.00,20대,0,1,0,1,5
1319,3.00,30대,1,1,0,1,5
1320,3.00,30대,1,1,0,0,5
1321,5.00,50대,0,1,1,0,4
1322,3.00,30대,0,1,0,1,5
1323,2.00,20대,0,1,0,0,5
1324,3.00,30대,0,1,0,0,4
1325,2.00,20대,1,1,1,0,5
1326,6.00,60대이상,0,1,0,0,5
1327,2.00,20대,1,1,0,0,5
1328,2.00,20대,1,1,0,0,5
1329,4.00,40대,1,1,0,0,5
1330,2.00,20대,0,1,0,0,5
1331,2.00,20대,0,1,0,0,5
1332,2.00,20대,0,1,0,0,5
1333,2.00,20대,1,1,0,0,5
1334,2.00,20대,1,1,0,0,5
1335,3.00,30대,0,1,1,0,5
1336,2.00,20대,1,1,0,0,5
1337,2.00,20대,1,0,0,0,5
1338,3.00,30대,0,1,0,0,5
1339,3.00,30대,0,1,0,0,5
1340,5.00,50대,0,1,0,0,5
1341,6.00,60대이상,0,1,0,0,4
1342,2.00,20대,0,1,0,0,5
1343,3.00,30대,1,1,0,1,5
1344,3.00,30대,1,1,0,0,4
1345,3.00,30대,1,1,0,0,5
1346,5.00,50대,0,1,1,0,5
1347,2.00,20대,1,0,0,0,5
1348,2.00,20대,1,1,0,1,5
1349,2.00,20대,1,1,0,0,5
1350,3.00,30대,1,1,1,0,5
1351,4.00,40대,1,1,0,0,5
1352,2.00,20대,1,1,0,0,5
1353,4.00,40대,1,1,0,0,5
1354,2.00,20대,1,1,0,1,5
1355,5.00,50대,1,1,1,0,4
1356,4.00,40대,0,0,1,0,5
1357,5.00,50대,0,0,0,1,5
1358,2.00,20대,1,0,0,0,5
1359,4.00,40대,1,1,1,0,5
1360,3.00,30대,0,0,0,0,5
1361,5.00,50대,1,1,0,0,5
1362,3.00,30대,1,1,0,0,5
1363,3.00,30대,1,1,0,0,5
1364,5.00,50대,0,0,1,0,5
1365,4.00,40대,1,1,0,1,5
1366,3.00,30대,0,1,1,0,5
1367,2.00,20대,1,1,0,0,4
1368,2.00,20대,0,1,0,0,5
1369,5.00,50대,1,1,0,0,5
1370,3.00,30대,1,1,0,1,5
1371,4.00,40대,1,1,1,0,5
1372,2.00,20대,0,1,0,0,5
1373,6.00,60대이상,1,0,1,0,4
1374,5.00,50대,0,0,0,0,3
1375,4.00,40대,1,1,1,0,5
1376,2.00,20대,1,1,1,0,5
1377,1.00,10대,0,1,1,0,5
1378,1.00,10대,0,0,0,0,5
1379,2.00,20대,1,1,0,0,5
1380,3.00,30대,0,1,0,1,5
1381,2.00,20대,0,1,0,0,5
1382,2.00,20대,0,1,0,1,4
1383,1.00,10대,0,1,0,0,5
1384,4.00,40대,1,1,0,0,5
1385,5.00,50대,0,1,0,0,5
1386,2.00,20대,0,1,0,0,4
1387,5.00,50대,0,1,0,0,3
1388,1.00,10대,0,0,1,0,5
1389,4.00,40대,1,1,0,1,5
1390,5.00,50대,1,1,0,1,5
1391,3.00,30대,1,1,0,0,4
1392,3.00,30대,0,1,0,0,5
1393,2.00,20대,1,1,1,0,5
1394,4.00,40대,1,1,0,0,3
1395,5.00,50대,0,1,1,0,5
1396,2.00,20대,1,0,0,0,5
1397,4.00,40대,0,1,0,1,5
1398,3.00,30대,1,1,0,0,4
1399,4.00,40대,0,1,0,1,5
1400,3.00,30대,0,0,0,0,5
1401,2.00,20대,1,1,0,0,5
1402,2.00,20대,1,1,0,0,5
1403,3.00,30대,1,1,0,0,4
1404,3.00,30대,0,0,0,0,5
1405,5.00,50대,0,1,0,0,5
1406,1.00,10대,0,1,0,1,5
1407,2.00,20대,1,1,0,0,4
1408,6.00,60대이상,0,1,0,0,4
1409,3.00,30대,0,1,0,0,5
1410,4.00,40대,0,1,0,0,5
1411,6.00,60대이상,0,1,0,0,5
1412,4.00,40대,0,1,0,0,4
1413,3.00,30대,0,1,0,0,5
1414,3.00,30대,1,1,0,0,5
1415,2.00,20대,1,1,1,0,4
1416,5.00,50대,0,0,1,0,5
1417,1.00,10대,0,0,1,0,5
1418,4.00,40대,1,1,0,0,4
1419,5.00,50대,1,0,0,0,5
1420,2.00,20대,1,1,0,1,4
1421,2.00,20대,1,1,0,0,5
1422,3.00,30대,1,1,1,0,5
1423,2.00,20대,0,1,0,0,5
1424,5.00,50대,0,1,0,0,4
1425,3.00,30대,1,1,0,0,5
1426,2.00,20대,1,1,0,0,5
1427,3.00,30대,1,1,0,0,5
1428,2.00,20대,0,1,0,1,4
1429,5.00,50대,0,1,0,0,5
1430,2.00,20대,1,1,0,0,5
1431,6.00,60대이상,0,1,0,1,5
1432,2.00,20대,1,1,0,0,5
1433,2.00,20대,0,1,0,0,5
1434,4.00,40대,1,1,0,0,5
1435,6.00,60대이상,0,1,0,0,5
1436,6.00,60대이상,0,1,0,1,5
1437,3.00,30대,0,1,0,0,4
1438,4.00,40대,1,1,0,0,5
1439,2.00,20대,1,1,0,0,4
1440,4.00,40대,1,1,1,0,3
1441,2.00,20대,1,1,0,1,5
1442,3.00,30대,1,1,0,1,5
1443,2.00,20대,1,1,0,0,4
1444,2.00,20대,0,1,0,0,4
1445,3.00,30대,0,1,0,0,5
1446,3.00,30대,1,1,0,0,5
1447,2.00,20대,1,1,0,0,4
1448,3.00,30대,1,1,0,0,5
1449,3.00,30대,0,1,0,0,5
1450,1.00,10대,1,1,0,0,5
1451,5.00,50대,0,1,0,0,3
1452,4.00,40대,0,1,0,1,5
1453,4.00,40대,1,1,1,0,5
1454,3.00,30대,1,1,0,1,3
1455,3.00,30대,1,1,0,0,5
1456,3.00,30대,0,1,0,0,5
1457,3.00,30대,0,1,0,1,4
1458,3.00,30대,0,1,0,0,5
1459,4.00,40대,1,1,0,1,4
1460,2.00,20대,0,1,0,0,5
1461,3.00,30대,0,1,1,0,5
1462,2.00,20대,0,1,0,0,5
1463,2.00,20대,1,1,0,0,5
1464,2.00,20대,0,1,0,1,5
1465,3.00,30대,0,1,0,0,5
1466,3.00,30대,1,1,0,1,5
1467,3.00,30대,0,1,0,1,4
1468,1.00,10대,1,1,0,0,5
1469,5.00,50대,0,1,0,0,4
1470,2.00,20대,1,1,0,0,5
1471,2.00,20대,0,1,0,0,4
1472,5.00,50대,1,1,0,0,5
1473,4.00,40대,0,1,0,0,4
1474,3.00,30대,1,1,0,0,4
1475,3.00,30대,0,1,0,0,5
1476,3.00,30대,1,1,0,0,4
1477,3.00,30대,0,1,0,0,5
1478,2.00,20대,1,1,0,1,5
1479,6.00,60대이상,0,1,0,1,5
1480,2.00,20대,1,1,0,1,5
1481,2.00,20대,1,1,1,0,5
1482,2.00,20대,1,1,0,0,5
1483,2.00,20대,0,1,0,0,5
1484,2.00,20대,0,1,0,0,5
1485,3.00,30대,1,1,0,0,5
1486,2.00,20대,1,1,0,1,3
1487,4.00,40대,0,1,0,0,5
1488,4.00,40대,0,1,0,0,5
1489,1.00,10대,1,1,1,0,5
1490,2.00,20대,1,1,0,0,5
1491,2.00,20대,1,1,0,0,4
1492,4.00,40대,1,1,0,0,5
1493,3.00,30대,0,1,0,1,5
1494,4.00,40대,0,1,0,1,4
1495,4.00,40대,1,1,1,0,4
1496,3.00,30대,1,1,0,0,4
1497,4.00,40대,1,1,0,0,5
1498,2.00,20대,0,1,0,0,5
1499,2.00,20대,1,1,0,0,5
1500,4.00,40대,0,1,0,0,3
1501,3.00,30대,1,1,0,0,5
1502,2.00,20대,1,1,0,0,5
1503,3.00,30대,1,1,1,0,5
1504,4.00,40대,1,0,1,0,4
1505,2.00,20대,0,1,0,0,5
1506,3.00,30대,1,1,0,0,5
1507,3.00,30대,1,1,0,1,5
1508,2.00,20대,0,1,0,0,3
1509,1.00,10대,0,1,0,0,5
1510,4.00,40대,1,1,0,0,5
1511,2.00,20대,1,1,0,0,5
1512,3.00,30대,0,1,0,0,5
1513,2.00,20대,0,1,0,0,5
1514,3.00,30대,1,1,0,0,5
1515,4.00,40대,1,1,1,0,4
1516,2.00,20대,1,1,0,0,5
1517,5.00,50대,0,1,0,0,5
1518,4.00,40대,1,1,0,0,4
1519,2.00,20대,0,1,0,0,5
1520,2.00,20대,1,1,0,0,4
1521,3.00,30대,1,1,0,0,5
1522,4.00,40대,1,1,0,0,5
1523,1.00,10대,1,1,0,0,5
1524,4.00,40대,0,1,0,0,5
1525,4.00,40대,1,0,0,0,4
1526,2.00,20대,1,1,0,0,4
1527,3.00,30대,1,1,0,0,5
1528,5.00,50대,0,1,0,0,5
1529,1.00,10대,1,1,0,0,5
1530,2.00,20대,0,1,0,0,5
1531,2.00,20대,1,1,0,0,5
1532,2.00,20대,0,1,0,0,5
1533,2.00,20대,1,1,0,0,4
1534,1.00,10대,1,1,0,1,5
1535,6.00,60대이상,1,1,0,0,5
1536,2.00,20대,0,1,0,0,5
1537,2.00,20대,1,1,0,0,5
1538,2.00,20대,1,1,0,0,5
1539,3.00,30대,0,1,0,1,5
1540,3.00,30대,1,1,0,0,5
1541,2.00,20대,1,1,1,0,5
1542,2.00,20대,1,1,0,0,4
1543,1.00,10대,0,1,0,0,5
1544,2.00,20대,1,1,1,0,5
1545,2.00,20대,1,1,0,0,5
1546,2.00,20대,0,1,0,0,5
1547,2.00,20대,1,1,0,0,5
1548,3.00,30대,0,1,0,0,5
1549,3.00,30대,0,1,0,0,5
1550,6.00,60대이상,0,1,1,0,5
1551,6.00,60대이상,0,1,1,0,5
1552,2.00,20대,1,1,0,0,4
1553,5.00,50대,1,1,1,0,5
1554,6.00,60대이상,0,1,1,0,5
1555,5.00,50대,0,1,0,0,4
1556,5.00,50대,0,1,0,0,5
1557,2.00,20대,0,1,0,0,5
1558,1.00,10대,1,1,0,0,5
1559,3.00,30대,0,1,0,0,3
1560,5.00,50대,0,1,0,0,3
1561,3.00,30대,1,1,0,0,4
1562,2.00,20대,0,1,0,1,5
1563,3.00,30대,1,1,0,0,5
1564,3.00,30대,0,1,0,0,4
1565,2.00,20대,0,1,0,1,5
1566,2.00,20대,0,1,1,0,5
1567,2.00,20대,1,1,0,1,5
1568,3.00,30대,0,1,0,0,4
1569,2.00,20대,0,1,0,0,5
1570,3.00,30대,1,1,0,0,5
1571,5.00,50대,1,1,0,0,5
1572,4.00,40대,1,1,0,0,5
1573,4.00,40대,0,1,0,0,5
1574,2.00,20대,0,1,0,0,4
1575,2.00,20대,1,1,0,0,5
1576,4.00,40대,0,1,0,0,5
1577,4.00,40대,1,1,0,1,5
1578,4.00,40대,1,1,0,0,5
1579,2.00,20대,1,1,0,0,5
1580,3.00,30대,1,1,1,0,5
1581,3.00,30대,1,1,1,0,4
1582,5.00,50대,1,1,0,0,4
1583,4.00,40대,0,1,0,0,4
1584,3.00,30대,1,1,1,0,5
1585,6.00,60대이상,1,0,0,0,5
1586,3.00,30대,1,1,0,0,4
1587,2.00,20대,0,1,1,0,5
1588,2.00,20대,1,1,0,0,5
1589,2.00,20대,0,1,1,0,5
1590,3.00,30대,0,1,1,0,5
1591,3.00,30대,1,1,0,1,4
1592,4.00,40대,1,1,0,0,5
1593,5.00,50대,0,1,0,0,5
1594,2.00,20대,0,1,0,0,5
1595,3.00,30대,1,1,0,0,4
1596,3.00,30대,1,1,0,0,5
1597,4.00,40대,1,1,0,0,5
1598,2.00,20대,0,1,0,0,5
1599,2.00,20대,0,1,0,0,4
1600,3.00,30대,1,1,0,0,5
1601,3.00,30대,0,1,0,0,4
1602,3.00,30대,0,1,0,1,5
1603,5.00,50대,1,1,0,0,5
1604,4.00,40대,0,1,0,0,5
1605,2.00,20대,0,1,0,0,4
1606,2.00,20대,1,1,0,0,5
1607,6.00,60대이상,0,1,0,0,4
1608,2.00,20대,1,1,0,0,5
1609,2.00,20대,0,1,1,0,5
1610,3.00,30대,1,1,0,0,5
1611,6.00,60대이상,0,1,1,0,5
1612,4.00,40대,0,1,1,0,5
1613,3.00,30대,0,1,1,0,5
1614,5.00,50대,0,1,0,0,3
1615,3.00,30대,0,1,0,0,4
1616,3.00,30대,1,1,0,0,4
1617,2.00,20대,0,1,0,1,5
1618,1.00,10대,1,1,1,0,5
1619,4.00,40대,0,1,1,0,4
1620,3.00,30대,0,1,0,0,3
1621,4.00,40대,0,1,0,0,5
1622,4.00,40대,1,1,0,0,4
1623,5.00,50대,0,1,0,0,5
1624,3.00,30대,1,1,0,0,5
1625,2.00,20대,1,1,0,1,5
1626,5.00,50대,0,1,0,0,4
1627,2.00,20대,1,1,0,0,5
1628,4.00,40대,1,1,0,0,5
1629,2.00,20대,1,0,0,0,5
1630,3.00,30대,0,1,0,0,5
1631,5.00,50대,1,1,1,0,5
1632,2.00,20대,0,1,1,0,5
1633,2.00,20대,1,1,1,0,4
1634,3.00,30대,1,1,0,0,5
1635,3.00,30대,0,1,0,0,4
1636,3.00,30대,0,0,1,0,5
1637,2.00,20대,0,1,0,0,5
1638,5.00,50대,0,1,0,0,5
1639,4.00,40대,1,1,0,1,5
1640,3.00,30대,0,1,0,0,5
1641,2.00,20대,0,1,0,0,5
1642,2.00,20대,1,1,0,0,5
1643,5.00,50대,1,1,1,0,5
1644,6.00,60대이상,0,1,0,0,5
1645,3.00,30대,0,1,0,0,5
1646,4.00,40대,1,1,0,0,5
1647,6.00,60대이상,1,1,0,0,5
1648,4.00,40대,0,1,0,0,5
1649,3.00,30대,0,1,0,0,5
1650,3.00,30대,0,1,0,0,5
1651,2.00,20대,1,1,1,0,5
1652,2.00,20대,1,1,0,0,5
1653,4.00,40대,0,1,0,0,5
1654,3.00,30대,0,1,1,0,4
1655,4.00,40대,0,1,0,0,4
1656,4.00,40대,0,0,0,0,5
1657,4.00,40대,0,1,0,0,5
1658,3.00,30대,0,1,0,0,5
1659,3.00,30대,0,1,0,0,5
1660,3.00,30대,1,1,1,0,5
1661,3.00,30대,1,1,0,0,4
1662,5.00,50대,0,1,0,0,5
1663,4.00,40대,1,1,0,0,5
1664,6.00,60대이상,0,1,0,0,4
1665,3.00,30대,0,1,0,0,5
1666,3.00,30대,0,1,0,0,5
1667,2.00,20대,0,1,0,1,5
1668,5.00,50대,1,1,0,0,5
1669,2.00,20대,1,1,0,0,5
1670,2.00,20대,0,1,1,0,5
1671,4.00,40대,1,1,0,0,4
1672,2.00,20대,1,1,0,0,5
1673,5.00,50대,1,1,0,0,5
1674,5.00,50대,0,1,0,0,5
1675,2.00,20대,0,1,0,1,5
1676,5.00,50대,1,1,0,0,4
1677,4.00,40대,0,1,1,0,5
1678,5.00,50대,0,1,0,1,5
1679,3.00,30대,0,1,1,0,3
1680,3.00,30대,0,1,0,1,5
1681,3.00,30대,1,1,0,0,5
1682,2.00,20대,0,1,0,0,5
1683,3.00,30대,1,1,1,0,4
1684,5.00,50대,0,0,0,1,5
1685,4.00,40대,1,1,1,0,4
1686,3.00,30대,0,0,0,0,5
1687,3.00,30대,1,1,1,0,4
1688,3.00,30대,1,1,0,0,5
1689,4.00,40대,0,1,0,0,4
1690,3.00,30대,1,1,0,1,5
1691,4.00,40대,0,1,0,0,5
1692,3.00,30대,0,0,0,0,5
1693,3.00,30대,1,1,0,0,5
1694,4.00,40대,1,1,0,0,4
1695,2.00,20대,1,1,0,0,5
1696,2.00,20대,1,1,0,0,5
1697,2.00,20대,0,1,0,0,2
1698,1.00,10대,0,0,1,0,4
1699,2.00,20대,0,0,1,0,5
1700,1.00,10대,0,0,0,0,4
1701,3.00,30대,0,1,0,0,5
1702,2.00,20대,0,0,1,0,5
1703,3.00,30대,0,1,0,0,5
1704,3.00,30대,0,1,0,0,4
1705,2.00,20대,1,1,0,0,3
1706,4.00,40대,0,1,0,0,3
1707,3.00,30대,1,0,0,0,5
1708,2.00,20대,1,1,0,0,5
1709,3.00,30대,1,1,0,0,4
1710,5.00,50대,0,1,0,0,4
1711,5.00,50대,0,0,0,1,5
1712,3.00,30대,1,1,1,0,5
1713,5.00,50대,0,1,0,1,3
1714,4.00,40대,0,1,0,0,5
1715,2.00,20대,1,1,0,0,5
1716,2.00,20대,1,0,0,0,4
1717,2.00,20대,0,1,0,0,5
1718,5.00,50대,0,1,0,0,4
1719,5.00,50대,0,1,0,1,5
1720,3.00,30대,0,1,0,0,4
1721,3.00,30대,1,1,0,0,5
1722,5.00,50대,1,0,1,0,5
1723,4.00,40대,0,1,1,0,4
1724,4.00,40대,0,1,0,0,5
1725,5.00,50대,1,1,0,0,5
1726,4.00,40대,1,1,0,0,5
1727,4.00,40대,0,1,1,0,5
1728,6.00,60대이상,1,0,0,1,5
1729,2.00,20대,1,1,0,0,5
1730,2.00,20대,0,1,0,0,5
1731,5.00,50대,0,1,0,0,5
1732,2.00,20대,0,1,0,0,5
1733,4.00,40대,0,1,1,0,5
1734,2.00,20대,1,1,0,1,5
1735,4.00,40대,0,1,0,0,5
1736,4.00,40대,1,1,1,0,5
1737,6.00,60대이상,0,1,0,0,5
1738,6.00,60대이상,1,1,0,0,5
1739,3.00,30대,1,1,1,0,5
1740,2.00,20대,1,1,0,0,5
1741,4.00,40대,0,0,1,0,5
1742,3.00,30대,1,1,0,0,4
1743,2.00,20대,1,0,0,1,5
1744,4.00,40대,0,0,1,0,5
1745,5.00,50대,1,1,0,0,5
1746,2.00,20대,0,1,0,0,5
1747,1.00,10대,1,0,0,0,5
1748,2.00,20대,0,1,0,0,5
1749,6.00,60대이상,0,1,0,0,4
1750,3.00,30대,0,1,0,0,5
1751,2.00,20대,1,1,0,0,5
1752,5.00,50대,1,1,0,0,5
1753,3.00,30대,1,0,0,0,5
1754,2.00,20대,0,0,0,0,5
1755,2.00,20대,0,1,0,0,4
1756,5.00,50대,1,1,0,0,4
1757,3.00,30대,0,1,0,0,5
1758,4.00,40대,1,1,0,0,5
1759,2.00,20대,0,1,0,0,4
1760,5.00,50대,0,1,0,0,4
1761,3.00,30대,1,1,1,0,5
1762,3.00,30대,0,1,0,0,5
1763,2.00,20대,1,1,0,0,5
1764,2.00,20대,0,1,0,0,4
1765,2.00,20대,0,1,0,1,5
1766,4.00,40대,0,1,1,0,5
1767,4.00,40대,0,1,0,0,5
1768,2.00,20대,0,1,0,0,5
1769,2.00,20대,0,0,0,0,5
1770,2.00,20대,0,0,0,0,5
1771,3.00,30대,0,1,0,0,5
1772,2.00,20대,1,1,1,0,5
1773,3.00,30대,1,1,0,0,4
1774,4.00,40대,0,1,1,0,5
1775,3.00,30대,0,1,0,0,4
1776,2.00,20대,1,1,0,0,5
1777,2.00,20대,0,1,1,0,5
1778,3.00,30대,1,1,0,0,5
1779,6.00,60대이상,0,1,0,0,5
1780,5.00,50대,0,1,1,0,5
1781,5.00,50대,0,1,0,0,5
1782,2.00,20대,0,1,0,0,5
1783,2.00,20대,1,1,0,0,5
1784,2.00,20대,1,1,1,0,5
1785,5.00,50대,0,1,0,0,5
1786,6.00,60대이상,0,1,0,0,4
1787,5.00,50대,1,1,0,0,5
1788,2.00,20대,1,1,0,0,5
1789,5.00,50대,1,1,0,1,1
1790,4.00,40대,0,1,0,0,5
1791,2.00,20대,1,1,0,0,4
1792,4.00,40대,0,1,0,0,4
1793,3.00,30대,0,1,0,0,4
1794,1.00,10대,1,1,0,0,5
1795,3.00,30대,1,1,0,0,5
1796,4.00,40대,1,1,0,0,5
1797,2.00,20대,0,1,0,0,5
1798,3.00,30대,0,1,0,0,5
1799,2.00,20대,1,1,0,0,5
1800,4.00,40대,0,1,0,0,5
1801,2.00,20대,1,1,0,0,5
1802,4.00,40대,0,1,0,0,5
1803,5.00,50대,0,1,0,0,4
1804,4.00,40대,1,1,1,0,5
1805,2.00,20대,0,1,0,0,5
1806,4.00,40대,1,1,0,0,5
1807,4.00,40대,0,1,0,0,5
1808,4.00,40대,0,1,0,0,3
1809,4.00,40대,0,1,0,0,4
1810,2.00,20대,1,1,0,0,5
1811,6.00,60대이상,1,1,1,0,4
1812,4.00,40대,1,1,0,0,5
1813,4.00,40대,1,1,0,1,4
1814,3.00,30대,1,1,0,0,3
1815,4.00,40대,0,1,0,0,4
1816,3.00,30대,0,1,0,0,5
1817,2.00,20대,1,1,0,0,5
1818,2.00,20대,1,1,0,0,5
1819,3.00,30대,1,1,0,0,5
1820,4.00,40대,1,1,0,0,4
1821,3.00,30대,0,1,0,0,4
1822,4.00,40대,0,1,0,0,5
1823,4.00,40대,0,0,1,0,5
1824,2.00,20대,1,1,1,0,5
1825,2.00,20대,1,1,0,0,5
1826,2.00,20대,0,1,1,0,5
1827,4.00,40대,1,1,0,0,5
1828,2.00,20대,1,1,0,0,5
1829,4.00,40대,1,1,0,0,4
1830,3.00,30대,1,1,0,1,5
1831,4.00,40대,0,1,0,0,4
1832,2.00,20대,0,1,0,0,4
1833,2.00,20대,0,1,0,0,5
1834,2.00,20대,0,1,1,0,5
1835,6.00,60대이상,0,1,0,0,5
1836,2.00,20대,0,1,0,0,5
1837,4.00,40대,1,1,0,0,4
1838,2.00,20대,0,1,0,0,5
1839,3.00,30대,0,1,0,0,4
1840,3.00,30대,1,1,1,0,5
1841,3.00,30대,0,1,0,0,4
1842,2.00,20대,0,1,0,0,5
1843,4.00,40대,1,1,1,0,5
1844,3.00,30대,1,1,0,0,5
1845,2.00,20대,0,1,0,0,4
1846,5.00,50대,0,1,0,0,3
1847,2.00,20대,1,1,0,0,5
1848,4.00,40대,0,1,0,0,5
1849,2.00,20대,1,1,0,0,4
1850,2.00,20대,1,1,0,0,5
1851,1.00,10대,0,1,0,0,5
1852,2.00,20대,0,1,0,0,5
1853,3.00,30대,1,1,0,0,5
1854,3.00,30대,1,1,0,0,5
1855,3.00,30대,1,1,0,0,5
1856,3.00,30대,1,1,0,0,4
1857,2.00,20대,1,1,0,0,5
1858,3.00,30대,1,1,0,0,4
1859,2.00,20대,0,1,0,0,5
1860,2.00,20대,1,1,0,0,4
1861,3.00,30대,0,1,0,0,5
1862,2.00,20대,1,1,1,0,5
1863,3.00,30대,0,1,0,0,5
1864,6.00,60대이상,0,1,0,0,5
1865,4.00,40대,0,1,0,0,5
1866,3.00,30대,0,1,0,0,5
1867,2.00,20대,0,1,0,0,5
1868,3.00,30대,0,1,0,0,4
1869,4.00,40대,0,1,0,0,5
1870,5.00,50대,1,1,1,0,5
1871,2.00,20대,1,1,0,0,5
1872,2.00,20대,0,1,0,0,5
1873,2.00,20대,0,1,0,0,5
1874,2.00,20대,0,1,0,0,4
1875,4.00,40대,0,1,0,0,5
1876,1.00,10대,0,0,0,0,5
1877,5.00,50대,0,0,0,0,5
1878,3.00,30대,0,1,0,0,5
1879,3.00,30대,1,1,0,0,5
1880,5.00,50대,1,1,0,0,5
1881,2.00,20대,0,1,0,0,5
1882,4.00,40대,1,0,0,0,5
1883,5.00,50대,1,1,0,0,4
1884,1.00,10대,0,0,0,0,5
1885,3.00,30대,0,1,0,0,5
1886,3.00,30대,0,1,0,0,5
1887,5.00,50대,1,0,1,0,4
1888,4.00,40대,0,1,0,0,5
1889,2.00,20대,1,0,1,0,5
1890,2.00,20대,0,0,0,1,4
1891,4.00,40대,1,1,0,0,5
1892,1.00,10대,1,0,1,0,4
1893,4.00,40대,0,1,0,1,4
1894,2.00,20대,0,0,0,0,5
1895,4.00,40대,1,1,0,0,5
1896,2.00,20대,1,0,1,0,5
1897,2.00,20대,0,1,0,0,4
1898,2.00,20대,0,1,0,0,5
1899,2.00,20대,1,1,0,0,5
1900,5.00,50대,0,0,1,0,4
1901,2.00,20대,0,1,0,0,4
1902,5.00,50대,0,1,1,0,5
1903,2.00,20대,0,1,0,0,3
1904,3.00,30대,1,1,1,0,5
1905,4.00,40대,0,1,0,0,4
1906,4.00,40대,1,1,0,0,4
1907,5.00,50대,0,0,0,0,5
1908,1.00,10대,1,1,1,0,5
1909,2.00,20대,0,1,0,0,5
1910,3.00,30대,0,1,0,0,4
1911,3.00,30대,1,1,0,1,5
1912,6.00,60대이상,0,1,0,0,4
1913,2.00,20대,1,1,0,0,5
1914,2.00,20대,1,1,0,0,5
1915,2.00,20대,1,1,0,0,4
1916,5.00,50대,0,1,0,0,4
1917,5.00,50대,0,1,0,0,5
1918,3.00,30대,0,1,0,1,5
1919,3.00,30대,0,1,0,0,5
1920,2.00,20대,0,1,0,1,5
1921,2.00,20대,1,1,1,0,5
1922,2.00,20대,0,1,0,0,5
1923,3.00,30대,1,1,0,0,4
1924,3.00,30대,1,1,0,0,5
1925,5.00,50대,0,1,0,0,5
1926,5.00,50대,1,1,0,0,5
1927,6.00,60대이상,1,1,0,0,5
1928,5.00,50대,0,1,0,0,5
1929,3.00,30대,0,1,0,0,5
1930,4.00,40대,1,1,0,0,4
1931,2.00,20대,1,1,0,0,3
1932,5.00,50대,0,1,0,0,5
1933,3.00,30대,0,1,0,0,5
1934,2.00,20대,0,1,0,0,4
1935,4.00,40대,1,1,0,0,4
1936,4.00,40대,1,1,1,0,5
1937,4.00,40대,0,1,0,0,3
1938,2.00,20대,1,1,1,0,5
1939,3.00,30대,0,1,0,0,5
1940,3.00,30대,1,1,1,0,5
1941,3.00,30대,0,1,0,0,5
1942,3.00,30대,0,1,0,0,4
1943,6.00,60대이상,1,1,0,0,1
1944,3.00,30대,0,1,0,0,4
1945,3.00,30대,0,1,0,0,5
1946,3.00,30대,1,1,0,0,5
1947,3.00,30대,0,1,0,0,4
1948,4.00,40대,0,1,0,0,5
1949,4.00,40대,0,1,0,0,5
1950,4.00,40대,0,1,0,0,4
1951,4.00,40대,1,1,0,0,5
1952,2.00,20대,1,1,0,1,5
1953,2.00,20대,0,1,0,0,5
1954,3.00,30대,0,1,0,0,5
1955,1.00,10대,0,1,0,0,4
1956,2.00,20대,0,1,0,0,5
1957,2.00,20대,1,1,0,0,5
1958,3.00,30대,0,0,0,0,5
1959,3.00,30대,1,1,0,0,5
1960,2.00,20대,1,1,0,0,5
1961,4.00,40대,0,1,0,0,4
1962,4.00,40대,0,1,0,0,5
1963,3.00,30대,1,1,0,0,5
1964,2.00,20대,0,1,0,0,5
1965,4.00,40대,0,0,0,1,5
1966,3.00,30대,0,1,0,0,5
1967,5.00,50대,0,1,0,0,5
1968,1.00,10대,1,1,0,0,5
1969,2.00,20대,1,1,0,1,5
1970,3.00,30대,1,1,0,0,5
1971,2.00,20대,1,1,1,0,5
1972,2.00,20대,1,1,0,0,5
1973,5.00,50대,0,1,0,0,5
1974,2.00,20대,1,1,0,1,5
1975,3.00,30대,0,1,0,0,5
1976,2.00,20대,0,1,1,0,4
1977,5.00,50대,0,1,0,0,5
1978,3.00,30대,0,1,0,0,5
1979,3.00,30대,1,1,0,0,5
1980,4.00,40대,0,1,0,0,5
1981,3.00,30대,0,0,1,0,5
1982,2.00,20대,1,1,0,0,3
1983,4.00,40대,0,1,0,0,5
1984,3.00,30대,1,1,1,0,5
1985,4.00,40대,0,1,0,0,5
1986,4.00,40대,0,1,0,0,5
1987,5.00,50대,0,1,0,0,5
1988,6.00,60대이상,0,1,0,0,4
1989,3.00,30대,0,1,0,0,5
1990,3.00,30대,0,1,0,0,5
1991,2.00,20대,1,1,0,0,5
1992,2.00,20대,0,1,0,0,5
1993,2.00,20대,1,1,1,0,4
1994,2.00,20대,1,1,0,0,5
1995,3.00,30대,1,1,0,0,4
1996,4.00,40대,1,1,0,0,5
1997,4.00,40대,0,1,1,0,5
1998,3.00,30대,1,1,0,0,4
1999,2.00,20대,1,1,0,0,5
2000,2.00,20대,1,1,0,0,5
2001,4.00,40대,0,1,0,0,5
2002,2.00,20대,1,1,1,0,5
2003,3.00,30대,0,0,0,0,5
2004,2.00,20대,0,0,0,0,4
2005,4.00,40대,1,1,0,0,5
2006,4.00,40대,1,1,0,0,5
2007,5.00,50대,1,1,0,0,5
2008,3.00,30대,0,1,0,0,5
2009,3.00,30대,1,1,0,0,5
2010,4.00,40대,1,1,0,0,5
2011,3.00,30대,1,1,0,0,4
2012,4.00,40대,0,1,0,0,5
2013,2.00,20대,1,1,0,0,5
2014,3.00,30대,0,1,0,0,5
2015,2.00,20대,0,1,0,0,5
2016,3.00,30대,0,1,1,0,5
2017,2.00,20대,0,1,0,0,4
2018,6.00,60대이상,0,1,0,0,5
2019,4.00,40대,0,1,1,0,5
2020,4.00,40대,1,1,0,0,5
2021,2.00,20대,1,1,0,0,5
2022,2.00,20대,0,0,0,1,5
2023,4.00,40대,0,1,0,0,5
2024,5.00,50대,1,1,0,0,5
2025,3.00,30대,1,1,0,0,5
2026,2.00,20대,1,1,0,1,5
2027,3.00,30대,0,0,0,0,5
2028,6.00,60대이상,1,1,0,0,4
2029,4.00,40대,0,1,0,0,5
2030,3.00,30대,1,1,0,0,4
2031,4.00,40대,0,1,0,1,5
2032,6.00,60대이상,1,1,0,0,4
2033,2.00,20대,1,1,0,0,5
2034,3.00,30대,1,1,0,1,5
2035,3.00,30대,1,1,0,0,5
2036,4.00,40대,0,1,0,0,5
2037,3.00,30대,0,1,0,0,5
2038,3.00,30대,1,1,0,0,4
2039,3.00,30대,0,1,0,0,5
2040,2.00,20대,0,1,0,0,5
2041,5.00,50대,0,1,0,1,5
2042,2.00,20대,1,1,0,1,5
2043,2.00,20대,0,0,0,0,5
2044,2.00,20대,1,1,0,0,5
2045,3.00,30대,0,1,0,1,5
2046,3.00,30대,1,1,0,0,5
2047,3.00,30대,0,1,0,1,5
2048,4.00,40대,1,1,0,0,5
2049,2.00,20대,1,1,0,0,5
2050,3.00,30대,0,1,0,0,4
2051,3.00,30대,0,1,1,0,5
2052,2.00,20대,1,1,1,0,4
2053,2.00,20대,1,1,0,0,4
2054,4.00,40대,1,1,1,0,5
2055,2.00,20대,1,1,0,0,5
2056,2.00,20대,1,1,0,0,5
2057,2.00,20대,0,1,0,0,5
2058,4.00,40대,1,1,0,0,5
2059,2.00,20대,1,1,0,0,5
2060,2.00,20대,1,1,0,1,5
2061,5.00,50대,1,1,0,0,5
2062,4.00,40대,0,1,0,0,4
2063,2.00,20대,0,1,1,0,5
2064,2.00,20대,1,1,0,0,5
2065,3.00,30대,1,1,1,0,5
2066,2.00,20대,1,1,0,0,5
2067,3.00,30대,0,1,1,0,4
2068,4.00,40대,0,1,0,0,4
2069,5.00,50대,0,1,0,0,4
2070,5.00,50대,0,1,0,0,5
2071,4.00,40대,1,1,0,0,4
2072,2.00,20대,0,0,0,0,4
2073,3.00,30대,1,0,0,0,5
2074,3.00,30대,1,0,0,0,5
2075,5.00,50대,0,0,0,0,4
2076,2.00,20대,1,1,0,0,4
2077,5.00,50대,0,1,1,0,4
2078,4.00,40대,1,0,0,0,4
2079,5.00,50대,0,1,0,0,4
2080,6.00,60대이상,0,0,0,1,5
2081,2.00,20대,1,1,0,0,4
2082,4.00,40대,1,0,0,0,5
2083,2.00,20대,1,1,0,1,2
2084,2.00,20대,1,1,0,0,4
2085,3.00,30대,0,0,0,0,5
2086,2.00,20대,1,1,0,0,5
2087,3.00,30대,0,0,0,0,5
2088,3.00,30대,0,1,0,0,4
2089,2.00,20대,0,0,0,1,5
2090,3.00,30대,0,0,1,0,4
2091,5.00,50대,1,1,0,0,3
2092,3.00,30대,0,1,0,0,4
2093,4.00,40대,1,1,0,0,4
2094,2.00,20대,1,1,0,0,5
2095,5.00,50대,0,1,1,0,4
2096,5.00,50대,0,1,0,0,4
2097,2.00,20대,1,1,1,0,5
2098,2.00,20대,0,1,0,1,4
2099,3.00,30대,1,1,0,0,4
2100,2.00,20대,0,1,0,0,4
2101,6.00,60대이상,1,1,0,0,5
2102,2.00,20대,1,1,0,0,5
2103,2.00,20대,1,1,1,0,4
2104,3.00,30대,1,1,0,0,4
2105,3.00,30대,0,1,0,0,4
2106,3.00,30대,1,1,0,0,5
2107,3.00,30대,0,1,0,0,4
2108,4.00,40대,0,1,0,0,4
2109,2.00,20대,0,1,0,0,5
2110,2.00,20대,0,1,0,0,5
2111,2.00,20대,0,1,0,0,5
2112,3.00,30대,0,1,0,0,5
2113,3.00,30대,0,1,0,0,5
2114,2.00,20대,0,1,0,0,4
2115,2.00,20대,0,1,0,1,5
2116,5.00,50대,0,1,0,1,3
2117,4.00,40대,1,1,0,0,5
2118,5.00,50대,1,1,0,0,5
2119,3.00,30대,0,1,1,0,4
2120,2.00,20대,0,1,0,0,5
2121,3.00,30대,1,1,0,0,4
2122,2.00,20대,0,1,1,0,4
2123,4.00,40대,0,0,1,0,4
2124,4.00,40대,0,1,0,0,4
2125,2.00,20대,1,0,0,0,4
2126,2.00,20대,1,1,0,0,5
2127,3.00,30대,0,0,0,0,5
2128,2.00,20대,0,0,0,0,5
2129,2.00,20대,0,1,0,0,5
2130,4.00,40대,0,0,0,0,4
2131,2.00,20대,1,1,0,0,3
2132,5.00,50대,0,1,0,0,5
2133,4.00,40대,0,1,0,0,5
2134,5.00,50대,0,1,0,0,5
2135,2.00,20대,1,1,0,0,5
2136,3.00,30대,1,1,0,1,5
2137,1.00,10대,0,1,0,0,4
2138,5.00,50대,1,1,0,0,3
2139,5.00,50대,0,1,1,0,4
2140,2.00,20대,0,1,0,0,5
2141,4.00,40대,0,1,0,0,5
2142,3.00,30대,0,1,0,0,5
2143,3.00,30대,0,0,0,0,4
2144,4.00,40대,1,1,0,0,5
2145,5.00,50대,1,1,0,1,4
2146,3.00,30대,1,1,0,1,5
2147,3.00,30대,1,1,0,0,5
2148,2.00,20대,0,1,0,0,5
2149,4.00,40대,1,1,0,0,4
2150,4.00,40대,1,1,0,0,4
2151,2.00,20대,1,1,1,0,3
2152,2.00,20대,1,1,0,0,5
2153,5.00,50대,1,1,0,0,5
2154,2.00,20대,0,1,0,0,4
2155,4.00,40대,1,1,0,0,4
2156,4.00,40대,1,1,0,0,4
2157,4.00,40대,0,1,0,0,5
2158,3.00,30대,1,1,0,0,4
2159,4.00,40대,0,1,0,0,5
2160,2.00,20대,0,1,0,0,5
2161,6.00,60대이상,0,1,0,0,4
2162,3.00,30대,1,1,0,0,4
2163,2.00,20대,1,1,0,0,5
2164,5.00,50대,0,1,0,0,5
2165,2.00,20대,0,1,1,0,5
2166,2.00,20대,1,1,0,0,4
2167,5.00,50대,0,1,0,0,5
2168,3.00,30대,1,1,0,0,5
2169,6.00,60대이상,1,1,0,0,5
2170,3.00,30대,0,1,0,0,5
2171,2.00,20대,1,1,0,0,4
2172,2.00,20대,0,1,0,0,5
2173,4.00,40대,0,0,0,0,5
2174,3.00,30대,0,1,0,0,5
2175,2.00,20대,1,1,0,0,5
2176,4.00,40대,1,1,0,0,4
2177,4.00,40대,0,0,0,0,5
2178,6.00,60대이상,0,1,0,1,4
2179,2.00,20대,0,1,0,0,5
2180,1.00,10대,1,1,0,1,5
2181,3.00,30대,0,1,0,1,4
2182,2.00,20대,1,0,0,1,5
2183,2.00,20대,1,1,0,0,5
2184,4.00,40대,1,1,0,0,4
2185,2.00,20대,1,0,0,0,4
2186,3.00,30대,1,1,0,0,4
2187,2.00,20대,1,1,0,0,5
2188,2.00,20대,1,1,0,1,4
2189,5.00,50대,0,1,0,0,5
2190,5.00,50대,1,1,0,0,5
2191,2.00,20대,0,1,0,0,4
2192,2.00,20대,1,1,0,0,5
2193,5.00,50대,1,1,0,1,5
2194,2.00,20대,1,1,0,0,4
2195,3.00,30대,0,1,0,0,5
2196,2.00,20대,1,1,0,0,5
2197,2.00,20대,1,1,0,0,5
2198,3.00,30대,1,1,0,0,5
2199,5.00,50대,1,1,0,0,5
2200,2.00,20대,1,1,0,1,5
2201,4.00,40대,0,1,0,0,4
2202,5.00,50대,0,1,0,0,5
2203,3.00,30대,0,1,0,0,4
2204,3.00,30대,1,1,0,0,5
2205,5.00,50대,0,1,0,0,3
2206,5.00,50대,0,1,1,0,5
2207,5.00,50대,1,1,0,0,5
2208,2.00,20대,1,1,1,0,4
2209,3.00,30대,1,1,1,0,5
2210,5.00,50대,0,1,1,0,4
2211,4.00,40대,0,1,0,0,5
2212,2.00,20대,0,1,0,0,5
2213,5.00,50대,1,1,1,0,5
2214,2.00,20대,0,1,0,0,5
2215,2.00,20대,1,1,0,0,5
2216,3.00,30대,1,1,0,0,5
2217,2.00,20대,0,1,0,0,5
2218,5.00,50대,0,1,0,0,5
2219,2.00,20대,1,1,0,0,5
2220,2.00,20대,0,1,0,0,5
2221,2.00,20대,0,1,0,0,5
2222,3.00,30대,0,1,0,0,5
2223,5.00,50대,0,0,1,0,5
2224,2.00,20대,0,1,0,0,5
2225,2.00,20대,0,0,0,0,5
2226,2.00,20대,0,0,0,0,5
2227,2.00,20대,1,1,1,0,5
2228,2.00,20대,1,1,1,0,5
2229,4.00,40대,0,0,0,1,5
2230,2.00,20대,0,0,1,0,5
2231,6.00,60대이상,1,1,0,0,4
2232,3.00,30대,0,0,0,1,5
2233,4.00,40대,1,0,0,0,4
2234,2.00,20대,0,0,1,0,5
2235,2.00,20대,0,1,0,0,5
2236,2.00,20대,0,1,0,0,5
2237,2.00,20대,1,1,1,0,5
2238,2.00,20대,1,1,0,0,5
2239,3.00,30대,1,1,0,0,5
2240,4.00,40대,0,1,0,0,4
2241,2.00,20대,1,1,0,0,5
2242,2.00,20대,1,1,1,0,5
2243,6.00,60대이상,1,1,0,0,5
2244,5.00,50대,1,1,0,0,5
2245,4.00,40대,1,1,1,0,4
2246,3.00,30대,0,1,0,0,5
2247,2.00,20대,1,1,0,0,5
2248,2.00,20대,1,1,0,1,5
2249,4.00,40대,1,1,0,1,5
2250,5.00,50대,0,1,0,0,4
2251,5.00,50대,1,1,0,0,5
2252,4.00,40대,0,1,0,0,5
2253,5.00,50대,0,1,0,0,5
2254,3.00,30대,0,1,0,0,5
2255,3.00,30대,1,1,0,0,4
2256,2.00,20대,1,1,0,0,5
2257,3.00,30대,1,1,0,0,5
2258,5.00,50대,1,1,0,0,5
2259,2.00,20대,1,1,0,0,5
2260,4.00,40대,0,1,0,0,5
2261,3.00,30대,0,1,0,0,5
2262,2.00,20대,0,1,0,0,4
2263,3.00,30대,0,1,0,0,5
2264,2.00,20대,0,1,0,0,5
2265,3.00,30대,0,1,0,0,5
2266,2.00,20대,1,1,1,0,4
2267,3.00,30대,1,1,1,0,5
2268,3.00,30대,0,0,0,1,4
2269,2.00,20대,0,1,0,0,4
2270,4.00,40대,0,0,0,1,5
2271,2.00,20대,0,1,0,0,5
2272,2.00,20대,0,1,0,0,5
2273,3.00,30대,1,1,0,1,5
2274,4.00,40대,0,1,1,0,5
2275,2.00,20대,1,0,1,0,5
2276,5.00,50대,1,1,1,0,5
2277,3.00,30대,1,0,0,0,5
2278,5.00,50대,1,0,0,1,5
2279,5.00,50대,1,1,0,0,5
2280,2.00,20대,0,1,0,0,5
2281,2.00,20대,1,1,0,0,5
2282,2.00,20대,1,1,0,0,5
2283,2.00,20대,1,1,0,0,5
2284,2.00,20대,1,0,0,0,5
2285,2.00,20대,1,1,0,0,5
2286,2.00,20대,0,1,1,0,5
2287,2.00,20대,1,1,0,0,5
2288,5.00,50대,1,1,1,0,5
2289,2.00,20대,1,1,0,0,5
2290,2.00,20대,0,1,1,0,5
2291,5.00,50대,0,0,0,0,5
2292,4.00,40대,0,1,0,0,4
2293,3.00,30대,1,1,0,0,4
2294,6.00,60대이상,1,1,0,0,3
2295,6.00,60대이상,0,1,0,0,5
2296,3.00,30대,1,0,0,0,4
2297,2.00,20대,1,1,0,1,4
2298,4.00,40대,0,1,0,0,3
2299,4.00,40대,1,1,0,0,5
2300,6.00,60대이상,1,1,0,0,5
2301,2.00,20대,0,1,1,0,5
2302,2.00,20대,0,1,0,1,4
2303,2.00,20대,0,1,0,0,4
2304,2.00,20대,1,1,0,0,5
2305,3.00,30대,1,1,0,0,5
2306,4.00,40대,0,1,0,0,5
2307,3.00,30대,1,1,1,0,5
2308,2.00,20대,0,1,0,0,4
2309,3.00,30대,1,1,0,0,5
2310,5.00,50대,1,1,1,0,5
2311,2.00,20대,1,1,0,0,5
2312,4.00,40대,0,1,0,0,5
2313,2.00,20대,0,1,0,0,5
2314,3.00,30대,1,1,1,0,4
2315,3.00,30대,1,1,0,0,5
2316,2.00,20대,0,1,0,0,5
2317,2.00,20대,0,1,0,0,5
2318,5.00,50대,0,1,0,0,4
2319,3.00,30대,0,1,0,1,4
2320,2.00,20대,1,1,0,0,5
2321,5.00,50대,1,1,0,0,5
2322,2.00,20대,1,1,0,1,4
2323,2.00,20대,0,1,0,0,4
2324,5.00,50대,0,1,0,0,4
2325,3.00,30대,1,1,0,0,5
2326,2.00,20대,1,1,0,0,5
2327,4.00,40대,0,1,0,0,4
2328,4.00,40대,0,1,0,0,5
2329,2.00,20대,0,1,1,0,5
2330,2.00,20대,0,1,0,0,5
2331,5.00,50대,1,1,0,0,5
2332,2.00,20대,1,1,0,0,5
2333,3.00,30대,0,1,0,0,5
2334,1.00,10대,0,1,0,0,5
2335,3.00,30대,0,1,0,0,5
2336,4.00,40대,1,1,0,0,5
2337,5.00,50대,1,1,1,0,4
2338,2.00,20대,1,1,0,0,5
2339,5.00,50대,1,1,0,0,4
2340,2.00,20대,0,1,0,0,5
2341,4.00,40대,0,1,1,0,5
2342,4.00,40대,1,1,0,0,5
2343,2.00,20대,0,1,0,0,4
2344,6.00,60대이상,1,1,0,0,4
2345,4.00,40대,1,1,0,0,5
2346,2.00,20대,0,1,0,0,5
2347,5.00,50대,0,1,0,0,5
2348,2.00,20대,1,1,0,0,4
2349,3.00,30대,1,1,0,0,5
2350,6.00,60대이상,0,1,0,1,5
2351,4.00,40대,1,1,0,0,5
2352,2.00,20대,1,1,0,0,4
2353,2.00,20대,1,0,0,0,4
2354,2.00,20대,1,1,0,0,5
2355,2.00,20대,1,1,0,0,5
2356,2.00,20대,1,1,1,0,5
2357,6.00,60대이상,1,1,0,0,5
2358,2.00,20대,1,1,0,0,5
2359,3.00,30대,0,1,0,1,4
2360,4.00,40대,0,1,0,0,5
2361,3.00,30대,1,0,0,0,5
2362,2.00,20대,0,1,0,0,5
2363,3.00,30대,0,1,1,0,5
2364,1.00,10대,0,0,0,1,4
2365,5.00,50대,0,1,0,0,5
2366,3.00,30대,0,1,0,1,5
2367,3.00,30대,1,1,0,0,5
2368,3.00,30대,1,1,0,0,5
2369,3.00,30대,1,0,0,0,5
2370,5.00,50대,0,1,0,1,5
2371,2.00,20대,0,1,0,0,5
2372,3.00,30대,0,1,0,0,4
2373,4.00,40대,0,1,0,0,5
2374,2.00,20대,1,0,0,0,4
2375,5.00,50대,0,1,0,0,5
2376,3.00,30대,1,1,0,0,5
2377,5.00,50대,0,1,0,0,4
2378,2.00,20대,0,1,0,0,5
2379,4.00,40대,0,1,1,0,5
2380,3.00,30대,0,0,0,0,5
2381,3.00,30대,0,0,1,0,5
2382,3.00,30대,0,1,1,0,4
2383,3.00,30대,1,0,0,0,4
2384,2.00,20대,0,1,0,0,4
2385,3.00,30대,1,1,0,0,5
2386,4.00,40대,0,0,0,0,5
2387,2.00,20대,0,1,0,0,4
2388,2.00,20대,1,1,1,0,4
2389,2.00,20대,1,0,0,0,5
2390,2.00,20대,1,1,1,0,5
2391,4.00,40대,0,0,0,0,5
2392,2.00,20대,0,1,0,0,5
2393,1.00,10대,1,0,0,0,4
2394,3.00,30대,1,1,0,1,3
2395,3.00,30대,0,1,0,0,4
2396,3.00,30대,1,0,0,0,5
2397,4.00,40대,0,1,0,0,5
2398,2.00,20대,1,1,0,0,5
2399,1.00,10대,0,1,0,0,5
2400,2.00,20대,0,1,0,0,5
2401,3.00,30대,1,0,0,0,5
2402,4.00,40대,0,1,0,0,4
2403,2.00,20대,1,0,0,1,5
2404,3.00,30대,1,1,0,1,4
2405,5.00,50대,1,1,0,0,4
2406,3.00,30대,0,1,0,0,5
2407,3.00,30대,1,1,1,0,5
2408,3.00,30대,0,0,0,0,5
2409,4.00,40대,1,0,0,0,5
2410,4.00,40대,1,0,1,0,5
2411,5.00,50대,1,1,0,0,4
2412,2.00,20대,0,1,1,0,5
2413,4.00,40대,0,1,0,0,5
2414,4.00,40대,1,1,0,0,4
2415,2.00,20대,1,1,0,0,5
2416,3.00,30대,1,1,0,0,4
2417,3.00,30대,1,1,0,0,5
2418,5.00,50대,0,1,0,0,5
2419,3.00,30대,0,1,1,0,5
2420,2.00,20대,1,1,0,0,5
2421,3.00,30대,1,1,0,0,4
2422,2.00,20대,0,1,0,0,5
2423,2.00,20대,0,1,0,0,5
2424,3.00,30대,1,1,0,0,5
2425,3.00,30대,1,0,0,0,5
2426,2.00,20대,0,0,1,0,5
2427,5.00,50대,1,1,0,1,5
2428,4.00,40대,0,1,0,0,5
2429,5.00,50대,1,1,0,1,5
2430,2.00,20대,1,1,0,0,5
2431,5.00,50대,0,1,0,0,5
2432,2.00,20대,1,1,0,0,5
2433,3.00,30대,0,1,0,0,5
2434,3.00,30대,0,1,0,0,5
2435,3.00,30대,1,0,0,1,5
2436,3.00,30대,0,0,0,0,5
2437,2.00,20대,1,1,0,0,4
2438,2.00,20대,1,1,0,0,5
2439,3.00,30대,0,1,0,0,4
2440,1.00,10대,1,1,1,0,5
2441,2.00,20대,1,0,0,1,5
2442,4.00,40대,1,1,0,0,4
2443,5.00,50대,0,1,0,0,5
2444,2.00,20대,0,1,0,0,5
2445,2.00,20대,0,1,0,1,5
2446,2.00,20대,1,1,0,1,5
2447,3.00,30대,1,1,0,0,3
2448,2.00,20대,1,1,0,0,5
2449,2.00,20대,0,1,0,0,5
2450,2.00,20대,1,1,0,1,5
2451,2.00,20대,0,1,0,0,5
2452,4.00,40대,0,1,0,0,4
2453,4.00,40대,1,1,0,0,5
2454,2.00,20대,0,0,0,0,4
2455,3.00,30대,0,1,1,0,5
2456,3.00,30대,0,0,0,0,5
2457,3.00,30대,1,1,0,0,4
2458,3.00,30대,1,1,0,0,5
2459,4.00,40대,1,1,0,0,5
2460,2.00,20대,1,1,0,0,4
2461,2.00,20대,1,1,0,0,5
2462,2.00,20대,1,1,0,0,5
2463,2.00,20대,0,1,0,0,5
2464,3.00,30대,1,1,0,0,5
2465,6.00,60대이상,0,1,0,0,5
2466,3.00,30대,0,1,0,0,5
2467,4.00,40대,0,1,0,0,4
2468,2.00,20대,0,1,0,0,5
2469,3.00,30대,1,1,0,0,5
2470,3.00,30대,0,1,0,0,5
2471,3.00,30대,1,1,0,0,5
2472,2.00,20대,1,1,0,0,5
2473,4.00,40대,0,1,1,0,5
2474,3.00,30대,1,1,0,0,5
2475,2.00,20대,1,1,0,0,5
2476,3.00,30대,0,1,0,0,5
2477,2.00,20대,0,0,0,0,5
2478,2.00,20대,0,1,0,0,5
2479,2.00,20대,1,1,0,0,5
2480,2.00,20대,0,1,0,0,5
2481,2.00,20대,1,1,0,1,5
2482,1.00,10대,0,1,0,1,3
2483,2.00,20대,0,1,0,0,5
2484,2.00,20대,1,1,1,0,4
2485,4.00,40대,0,0,0,0,5
2486,4.00,40대,1,1,0,1,5
2487,4.00,40대,1,1,0,0,4
2488,4.00,40대,0,1,0,0,4
2489,2.00,20대,1,1,0,0,4
2490,3.00,30대,1,1,0,0,3
2491,2.00,20대,0,1,0,1,4
2492,4.00,40대,1,1,0,0,4
2493,4.00,40대,0,1,0,0,4
2494,5.00,50대,0,1,0,0,5
2495,2.00,20대,0,1,0,0,5
2496,3.00,30대,1,1,1,0,4
2497,5.00,50대,0,1,1,0,5
2498,6.00,60대이상,0,1,0,0,5
2499,2.00,20대,0,1,0,0,5
2500,2.00,20대,1,1,0,0,4
2501,4.00,40대,1,1,0,1,5
2502,4.00,40대,1,1,0,0,5
2503,3.00,30대,1,1,0,0,5
2504,2.00,20대,0,1,1,0,5
2505,6.00,60대이상,0,1,0,0,5
2506,5.00,50대,1,1,0,0,5
2507,6.00,60대이상,0,1,0,0,4
2508,2.00,20대,1,1,0,0,4
2509,2.00,20대,1,1,0,0,5
2510,2.00,20대,0,1,1,0,5
2511,2.00,20대,1,1,0,0,5
2512,3.00,30대,1,1,0,0,4
2513,3.00,30대,1,1,0,0,5
2514,5.00,50대,1,1,0,0,4
2515,5.00,50대,1,1,0,0,5
2516,3.00,30대,1,1,0,0,5
2517,5.00,50대,1,1,0,0,4
2518,2.00,20대,0,1,0,0,5
2519,4.00,40대,0,1,1,0,4
2520,5.00,50대,0,1,0,0,3
2521,2.00,20대,1,1,0,1,5
2522,2.00,20대,0,1,0,1,4
2523,2.00,20대,0,1,0,0,5
2524,2.00,20대,0,1,0,0,4
2525,2.00,20대,0,1,1,0,5
2526,2.00,20대,1,1,1,0,4
2527,5.00,50대,0,1,0,0,4
2528,2.00,20대,1,1,0,0,4
2529,3.00,30대,1,1,0,0,4
2530,3.00,30대,0,1,0,0,5
2531,2.00,20대,0,1,0,0,5
2532,4.00,40대,1,1,0,0,5
2533,4.00,40대,0,1,0,0,5
2534,3.00,30대,1,1,0,0,5
2535,3.00,30대,0,1,1,0,4
2536,3.00,30대,1,1,0,0,5
2537,1.00,10대,1,1,0,0,5
2538,2.00,20대,1,1,0,0,5
2539,2.00,20대,0,1,0,1,5
2540,2.00,20대,1,1,1,0,4
2541,3.00,30대,0,1,0,1,5
2542,5.00,50대,0,1,0,0,4
2543,3.00,30대,0,1,0,0,4
2544,2.00,20대,0,1,0,0,5
2545,4.00,40대,1,1,0,0,4
2546,3.00,30대,1,1,0,0,5
2547,3.00,30대,1,1,0,0,5
2548,5.00,50대,1,1,0,0,5
2549,2.00,20대,1,1,0,1,5
2550,2.00,20대,0,1,0,0,5
2551,4.00,40대,1,1,0,1,5
2552,3.00,30대,0,0,1,0,5
2553,4.00,40대,1,1,0,0,4
2554,3.00,30대,1,1,0,0,5
2555,3.00,30대,1,1,1,0,5
2556,3.00,30대,0,1,0,0,4
2557,3.00,30대,1,1,0,0,5
2558,3.00,30대,1,0,1,0,5
2559,2.00,20대,0,1,0,0,5
2560,5.00,50대,0,1,0,0,3
2561,3.00,30대,0,0,0,0,5
2562,5.00,50대,0,1,0,0,4
2563,4.00,40대,0,1,0,1,4
2564,3.00,30대,0,1,0,0,4
2565,4.00,40대,1,1,0,0,5
2566,3.00,30대,0,1,1,0,5
2567,3.00,30대,1,1,0,0,5
2568,2.00,20대,1,1,0,0,5
2569,2.00,20대,1,1,0,0,3
2570,3.00,30대,0,1,1,0,5
2571,2.00,20대,1,1,0,1,5
2572,2.00,20대,0,1,0,0,5
2573,2.00,20대,0,1,0,0,5
2574,2.00,20대,1,1,0,0,5
2575,4.00,40대,0,1,0,0,5
2576,3.00,30대,0,1,0,0,5
2577,2.00,20대,1,1,0,1,4
2578,3.00,30대,1,1,0,0,5
2579,2.00,20대,1,1,0,0,5
2580,2.00,20대,1,1,0,1,5
2581,3.00,30대,1,1,0,0,4
2582,3.00,30대,0,1,1,0,4
2583,3.00,30대,1,1,0,0,5
2584,1.00,10대,1,1,0,0,5
2585,5.00,50대,1,0,1,0,5
2586,3.00,30대,1,1,1,0,4
2587,2.00,20대,0,1,0,0,5
2588,4.00,40대,1,1,1,0,4
2589,3.00,30대,1,0,1,0,5
2590,3.00,30대,1,1,0,0,4
2591,6.00,60대이상,1,1,0,0,4
2592,3.00,30대,1,1,0,0,5
2593,2.00,20대,0,1,0,0,5
2594,2.00,20대,1,1,0,0,5
2595,3.00,30대,0,1,1,0,4
2596,4.00,40대,0,1,0,0,3
2597,2.00,20대,0,1,0,0,4
2598,3.00,30대,1,1,0,0,5
2599,3.00,30대,0,1,0,0,5
2600,4.00,40대,0,1,0,1,4
2601,3.00,30대,1,1,0,1,5
2602,5.00,50대,1,1,0,0,5
2603,3.00,30대,1,1,0,0,4
2604,2.00,20대,1,1,0,1,5
2605,5.00,50대,1,1,0,0,5
2606,3.00,30대,1,1,0,0,5
2607,3.00,30대,0,1,0,0,5
2608,6.00,60대이상,0,1,0,0,5
2609,2.00,20대,1,1,0,0,5
2610,2.00,20대,1,1,0,0,5
2611,3.00,30대,1,1,0,0,5
2612,2.00,20대,0,1,0,0,5
2613,2.00,20대,0,1,0,0,5
2614,6.00,60대이상,1,1,1,0,5
2615,3.00,30대,1,1,0,0,5
2616,2.00,20대,0,1,0,0,5
2617,3.00,30대,1,1,0,0,5
2618,4.00,40대,0,1,0,0,5
2619,2.00,20대,0,1,0,1,5
2620,3.00,30대,1,0,0,0,4
2621,1.00,10대,1,0,0,0,5
2622,2.00,20대,0,0,0,0,4
2623,4.00,40대,1,1,0,0,5
2624,2.00,20대,1,1,0,0,5
2625,6.00,60대이상,0,1,0,0,4
2626,4.00,40대,0,1,0,0,3
2627,5.00,50대,0,1,0,0,5
2628,2.00,20대,0,1,0,0,5
2629,5.00,50대,0,1,0,0,5
2630,4.00,40대,1,1,0,0,5
2631,2.00,20대,1,1,0,0,5
2632,4.00,40대,1,0,0,0,5
2633,4.00,40대,0,1,0,0,4
2634,3.00,30대,0,1,0,0,4
2635,5.00,50대,1,1,0,0,5
2636,6.00,60대이상,1,1,0,0,5
2637,2.00,20대,0,1,0,0,5
2638,2.00,20대,1,0,0,1,5
2639,2.00,20대,1,1,0,0,5
2640,2.00,20대,1,1,1,0,4
2641,3.00,30대,1,1,1,0,5
2642,2.00,20대,1,1,0,1,5
2643,5.00,50대,0,1,1,0,4
2644,2.00,20대,1,1,0,0,5
2645,3.00,30대,0,1,0,0,5
2646,3.00,30대,0,1,0,0,5
2647,2.00,20대,1,1,0,0,4
2648,2.00,20대,1,1,0,0,2
2649,2.00,20대,0,1,0,0,5
2650,2.00,20대,1,1,0,0,5
2651,2.00,20대,1,1,0,1,4
2652,2.00,20대,0,1,1,0,5
2653,2.00,20대,0,1,0,0,4
2654,5.00,50대,1,1,1,0,5
2655,3.00,30대,0,1,0,0,4
2656,2.00,20대,1,1,0,1,5
2657,2.00,20대,0,1,0,0,5
2658,6.00,60대이상,1,1,0,0,4
2659,3.00,30대,0,1,0,0,5
2660,2.00,20대,0,1,0,0,4
2661,2.00,20대,1,1,1,0,4
2662,5.00,50대,1,1,0,0,5
2663,2.00,20대,1,1,0,0,5
2664,4.00,40대,0,1,0,0,5
2665,2.00,20대,0,1,0,0,5
2666,4.00,40대,1,1,0,0,4
2667,3.00,30대,1,1,0,0,5
2668,5.00,50대,0,1,0,0,5
2669,2.00,20대,0,1,0,1,5
2670,3.00,30대,0,1,0,0,4
2671,4.00,40대,0,1,1,0,5
2672,2.00,20대,1,1,0,0,5
2673,3.00,30대,1,1,0,0,4
2674,3.00,30대,0,1,0,1,5
2675,2.00,20대,1,1,0,0,5
2676,2.00,20대,0,1,0,0,5
2677,2.00,20대,1,1,0,0,5
2678,3.00,30대,1,1,0,0,5
2679,2.00,20대,1,1,0,0,4
2680,4.00,40대,0,1,0,0,4
2681,5.00,50대,0,1,0,0,4
2682,5.00,50대,1,1,0,1,5
2683,6.00,60대이상,0,1,0,0,5
2684,3.00,30대,0,1,0,0,5
2685,6.00,60대이상,1,1,0,0,5
2686,3.00,30대,1,1,0,0,5
2687,2.00,20대,0,1,0,0,5
2688,3.00,30대,1,1,0,0,5
2689,2.00,20대,1,1,1,0,5
2690,4.00,40대,1,1,0,1,5
2691,1.00,10대,1,1,0,0,5
2692,2.00,20대,0,1,0,0,5
2693,2.00,20대,0,1,0,0,5
2694,4.00,40대,1,1,0,0,4
2695,3.00,30대,1,1,0,0,5
2696,5.00,50대,1,1,0,0,5
2697,2.00,20대,1,1,0,1,5
2698,2.00,20대,0,1,0,0,5
2699,3.00,30대,0,1,0,1,5
2700,5.00,50대,0,1,0,0,5
2701,2.00,20대,0,1,0,0,5
2702,3.00,30대,1,1,0,0,5
2703,4.00,40대,0,1,1,0,5
2704,4.00,40대,0,1,0,0,5
2705,4.00,40대,0,1,0,0,5
2706,4.00,40대,1,1,0,0,5
2707,4.00,40대,0,1,0,0,5
2708,3.00,30대,0,1,0,0,4
2709,5.00,50대,1,0,0,0,5
2710,5.00,50대,0,0,0,0,5
2711,5.00,50대,0,1,0,0,4
2712,3.00,30대,1,1,1,0,5
2713,5.00,50대,1,1,0,1,5
2714,4.00,40대,1,1,0,0,4
2715,5.00,50대,1,1,0,0,4
2716,2.00,20대,1,1,1,0,5
2717,3.00,30대,0,1,0,0,4
2718,3.00,30대,0,1,0,1,4
2719,3.00,30대,0,1,0,0,5
2720,2.00,20대,0,1,0,0,5
2721,1.00,10대,1,1,0,0,5
2722,2.00,20대,1,0,1,0,5
2723,3.00,30대,0,1,1,0,4
2724,5.00,50대,0,0,0,0,4
2725,5.00,50대,0,1,0,1,5
2726,5.00,50대,1,1,0,1,5
2727,6.00,60대이상,0,1,0,1,4
2728,3.00,30대,1,1,1,0,5
2729,6.00,60대이상,0,1,0,1,4
2730,4.00,40대,1,0,0,0,5
2731,3.00,30대,1,1,0,0,4
2732,4.00,40대,1,1,0,0,5
2733,3.00,30대,0,0,1,0,5
2734,3.00,30대,1,0,0,0,5
2735,4.00,40대,1,1,0,0,5
2736,2.00,20대,0,1,1,0,5
2737,2.00,20대,0,0,1,0,5
2738,2.00,20대,0,1,0,1,5
2739,2.00,20대,1,0,0,0,5
2740,2.00,20대,1,0,1,0,5
2741,5.00,50대,0,1,0,0,5
2742,4.00,40대,1,1,0,0,5
2743,2.00,20대,1,1,1,0,5
2744,2.00,20대,1,1,1,0,5
2745,2.00,20대,0,1,1,0,4
2746,5.00,50대,0,0,1,0,5
2747,6.00,60대이상,1,0,0,1,5
2748,4.00,40대,0,0,0,0,4
2749,5.00,50대,0,1,0,0,4
2750,2.00,20대,1,0,1,0,5
2751,2.00,20대,0,0,1,0,5
2752,2.00,20대,0,0,0,1,5
2753,3.00,30대,1,1,1,0,5
2754,2.00,20대,1,1,1,0,4
2755,5.00,50대,0,1,0,0,4
2756,3.00,30대,1,1,1,0,4
2757,2.00,20대,0,1,0,0,5
2758,4.00,40대,1,0,0,0,4
2759,2.00,20대,0,0,0,0,5
2760,2.00,20대,0,1,0,0,5
2761,3.00,30대,1,1,0,0,5
2762,3.00,30대,1,1,0,0,5
2763,2.00,20대,0,1,0,0,5
2764,3.00,30대,1,1,1,0,5
2765,2.00,20대,1,1,0,0,5
2766,2.00,20대,1,1,1,0,5
2767,3.00,30대,1,1,1,0,5
2768,3.00,30대,1,1,0,0,4
2769,5.00,50대,0,1,0,0,4
2770,3.00,30대,1,1,0,1,5
2771,3.00,30대,0,1,0,0,5
2772,3.00,30대,0,1,0,0,5
2773,3.00,30대,1,1,1,0,5
2774,3.00,30대,1,1,0,0,5
2775,3.00,30대,1,1,0,0,5
2776,3.00,30대,1,1,1,0,5
2777,2.00,20대,0,1,0,0,5
2778,3.00,30대,1,1,0,1,5
2779,4.00,40대,1,1,0,0,4
2780,2.00,20대,0,1,0,0,5
2781,5.00,50대,0,1,0,0,4
2782,3.00,30대,0,1,0,0,5
2783,3.00,30대,0,1,0,0,4
2784,2.00,20대,1,0,0,0,4
2785,5.00,50대,1,1,0,0,5
2786,5.00,50대,0,1,0,0,5
2787,3.00,30대,0,1,0,0,5
2788,3.00,30대,1,1,0,0,5
2789,3.00,30대,1,1,0,0,4
2790,3.00,30대,0,1,0,0,4
2791,3.00,30대,1,1,0,0,5
2792,4.00,40대,0,1,0,0,5
2793,3.00,30대,0,1,1,0,4
2794,3.00,30대,0,1,0,0,4
2795,3.00,30대,1,1,0,0,5
2796,2.00,20대,1,1,0,0,4
2797,3.00,30대,0,1,0,0,5
2798,2.00,20대,0,1,1,0,5
2799,2.00,20대,0,1,0,0,5
2800,3.00,30대,1,1,0,0,5
2801,3.00,30대,1,1,0,1,4
2802,5.00,50대,1,1,1,0,5
2803,3.00,30대,0,1,0,0,4
2804,6.00,60대이상,0,1,0,0,4
2805,2.00,20대,0,1,0,0,5
2806,2.00,20대,1,1,0,0,5
2807,4.00,40대,1,1,0,0,4
2808,3.00,30대,1,1,1,0,5
2809,3.00,30대,1,1,0,0,5
2810,5.00,50대,1,1,0,0,5
2811,2.00,20대,1,1,0,0,5
2812,2.00,20대,0,1,0,0,5
2813,2.00,20대,1,1,0,0,5
2814,5.00,50대,1,1,0,0,5
2815,6.00,60대이상,1,1,0,0,5
2816,4.00,40대,0,1,0,0,4
2817,1.00,10대,0,1,0,0,4
2818,2.00,20대,0,1,0,0,5
2819,3.00,30대,1,1,0,1,5
2820,3.00,30대,1,1,0,0,5
2821,3.00,30대,0,1,0,0,5
2822,2.00,20대,1,1,0,0,5
2823,2.00,20대,0,1,0,0,5
2824,5.00,50대,0,1,0,0,4
2825,4.00,40대,0,1,0,0,5
2826,2.00,20대,1,1,0,0,5
2827,3.00,30대,1,0,0,0,5
2828,4.00,40대,1,0,0,0,4
2829,2.00,20대,1,1,0,0,5
2830,3.00,30대,0,1,0,0,4
2831,5.00,50대,1,1,0,0,5
2832,2.00,20대,1,1,0,0,5
2833,2.00,20대,1,1,0,0,5
2834,4.00,40대,1,1,0,0,4
2835,5.00,50대,0,1,0,0,4
2836,3.00,30대,1,1,0,0,5
2837,3.00,30대,0,1,0,0,5
2838,4.00,40대,0,1,0,0,4
2839,3.00,30대,0,1,0,0,4
2840,3.00,30대,0,1,0,0,4
2841,5.00,50대,0,1,0,0,5
2842,4.00,40대,0,1,0,0,5
2843,2.00,20대,1,1,0,1,5
2844,4.00,40대,0,1,0,0,4
2845,5.00,50대,0,1,0,0,5
2846,2.00,20대,0,1,0,0,5
2847,3.00,30대,0,1,0,1,5
2848,3.00,30대,0,1,0,0,5
2849,2.00,20대,0,1,0,0,5
2850,5.00,50대,1,1,1,0,4
2851,1.00,10대,0,1,0,0,5
2852,2.00,20대,1,1,1,0,5
2853,4.00,40대,1,1,0,0,4
2854,4.00,40대,0,1,0,0,4
2855,3.00,30대,0,1,0,0,4
2856,2.00,20대,1,1,0,0,5
2857,2.00,20대,1,1,0,0,4
2858,5.00,50대,1,1,0,0,5
2859,4.00,40대,1,1,0,1,4
2860,4.00,40대,0,1,0,0,4
2861,2.00,20대,1,1,1,0,5
2862,3.00,30대,1,1,0,1,4
2863,4.00,40대,0,1,0,0,4
2864,2.00,20대,0,1,0,0,4
2865,2.00,20대,1,1,1,0,5
2866,3.00,30대,0,1,0,0,5
2867,4.00,40대,0,1,0,0,5
2868,5.00,50대,0,1,0,0,4
2869,2.00,20대,1,1,0,0,4
2870,4.00,40대,1,1,0,0,4
2871,3.00,30대,1,1,0,0,5
2872,4.00,40대,0,1,0,0,5
2873,4.00,40대,1,1,0,0,5
2874,5.00,50대,1,1,0,0,3
2875,5.00,50대,1,1,0,0,3
2876,2.00,20대,1,1,0,0,5
2877,6.00,60대이상,1,0,1,0,4
2878,1.00,10대,0,1,0,0,4
2879,4.00,40대,0,1,0,0,5
2880,5.00,50대,0,1,0,0,5
2881,4.00,40대,0,1,0,0,5
2882,3.00,30대,1,1,0,0,5
2883,3.00,30대,1,1,0,0,5
2884,5.00,50대,1,1,1,0,5
2885,2.00,20대,1,1,1,0,5
2886,3.00,30대,1,1,1,0,5
2887,3.00,30대,1,1,0,0,5
2888,5.00,50대,1,1,0,0,5
2889,5.00,50대,1,1,0,0,5
2890,6.00,60대이상,1,1,0,1,5
2891,2.00,20대,1,1,0,0,4
2892,6.00,60대이상,0,1,1,0,5
2893,2.00,20대,0,1,1,0,5
2894,3.00,30대,1,1,1,0,5
2895,5.00,50대,1,1,0,0,4
2896,3.00,30대,0,1,0,0,5
2897,2.00,20대,0,1,0,0,5
2898,2.00,20대,0,0,1,0,4
2899,4.00,40대,1,1,0,0,4
2900,5.00,50대,0,1,1,0,5
2901,4.00,40대,1,1,0,0,5
2902,3.00,30대,1,1,0,0,5
2903,3.00,30대,1,1,0,0,5
2904,4.00,40대,0,1,0,0,4
2905,5.00,50대,1,1,1,0,4
2906,3.00,30대,0,1,0,1,4
2907,4.00,40대,1,1,0,0,5
2908,3.00,30대,0,1,0,0,5
2909,5.00,50대,0,1,0,0,5
2910,2.00,20대,1,1,0,0,5
2911,2.00,20대,1,1,1,0,5
2912,2.00,20대,0,1,1,0,5
2913,2.00,20대,0,1,0,0,5
2914,4.00,40대,0,1,0,0,5
2915,3.00,30대,0,1,0,1,5
2916,3.00,30대,0,1,0,0,3
2917,4.00,40대,1,1,0,0,5
2918,4.00,40대,0,1,0,0,5
2919,2.00,20대,1,1,0,0,5
2920,5.00,50대,1,1,0,0,5
2921,5.00,50대,0,1,0,0,5
2922,4.00,40대,0,1,0,0,5
2923,2.00,20대,0,1,0,0,5
2924,3.00,30대,0,1,0,0,5
2925,4.00,40대,1,1,1,0,4
2926,2.00,20대,0,1,0,0,4
2927,2.00,20대,1,1,1,0,5
2928,3.00,30대,0,1,0,0,5
2929,2.00,20대,0,1,0,1,5
2930,2.00,20대,1,1,1,0,4
2931,3.00,30대,0,1,0,0,5
2932,3.00,30대,1,1,0,0,5
2933,4.00,40대,1,1,0,0,5
2934,6.00,60대이상,0,1,0,0,5
2935,6.00,60대이상,0,1,1,0,4
2936,2.00,20대,1,1,0,0,5
2937,2.00,20대,0,1,0,1,5
2938,1.00,10대,0,0,1,0,5
2939,5.00,50대,0,1,0,0,4
2940,2.00,20대,1,1,0,0,5
2941,5.00,50대,0,1,0,0,5
2942,4.00,40대,0,1,0,0,5
2943,2.00,20대,1,1,1,0,4
2944,2.00,20대,0,1,1,0,5
2945,2.00,20대,0,1,0,0,5
2946,4.00,40대,1,1,0,0,5
2947,3.00,30대,0,1,0,0,5
2948,3.00,30대,0,1,1,0,5
2949,6.00,60대이상,0,1,0,1,5
2950,5.00,50대,0,1,0,0,5
2951,2.00,20대,0,1,0,0,5
2952,4.00,40대,1,1,1,0,5
2953,6.00,60대이상,1,1,0,0,5
2954,6.00,60대이상,0,0,0,0,3
2955,5.00,50대,0,1,0,0,5
2956,4.00,40대,1,1,0,0,5
2957,5.00,50대,1,1,0,0,5
2958,3.00,30대,1,1,0,0,5
2959,3.00,30대,0,1,0,0,5
2960,3.00,30대,1,1,0,0,5
2961,2.00,20대,0,1,0,0,5
2962,2.00,20대,1,1,0,0,5
2963,2.00,20대,0,1,0,0,5
2964,2.00,20대,1,1,0,0,5
2965,5.00,50대,0,1,0,0,5
2966,5.00,50대,0,1,0,0,4
2967,3.00,30대,1,1,0,0,5
2968,3.00,30대,1,1,0,0,5
2969,5.00,50대,0,1,0,0,5
2970,4.00,40대,0,1,0,0,4
2971,3.00,30대,1,1,0,0,5
2972,3.00,30대,1,1,0,0,5
2973,3.00,30대,1,0,0,0,4
2974,2.00,20대,0,1,0,0,5
2975,5.00,50대,0,1,0,0,5
2976,4.00,40대,0,1,0,0,5
2977,5.00,50대,1,1,0,0,4
2978,2.00,20대,1,1,0,0,5
2979,4.00,40대,1,1,0,0,4
2980,4.00,40대,1,1,0,0,5
2981,4.00,40대,0,1,0,1,5
2982,4.00,40대,1,1,0,0,4
2983,5.00,50대,0,1,1,0,5
2984,5.00,50대,1,1,0,0,5
2985,2.00,20대,1,1,1,0,5
2986,4.00,40대,0,1,0,0,4
2987,5.00,50대,0,1,0,0,5
2988,4.00,40대,1,1,0,0,4
2989,3.00,30대,1,1,0,0,5
2990,3.00,30대,0,0,1,0,4
2991,3.00,30대,1,0,0,0,4
2992,2.00,20대,0,1,0,0,5
2993,2.00,20대,0,1,1,0,5
2994,2.00,20대,1,1,0,0,4
2995,4.00,40대,0,1,0,1,4
2996,5.00,50대,0,1,1,0,5
2997,2.00,20대,0,1,0,0,5
2998,3.00,30대,0,1,0,0,5
2999,4.00,40대,1,1,0,0,5
3000,1.00,10대,1,1,0,0,5
3001,4.00,40대,0,1,1,0,5
3002,5.00,50대,1,1,0,0,4
3003,2.00,20대,0,1,0,0,5
3004,3.00,30대,1,1,1,0,5
3005,2.00,20대,1,1,1,0,5
3006,1.00,10대,1,0,1,0,5
3007,2.00,20대,1,1,0,0,5
3008,4.00,40대,1,1,0,0,5
3009,1.00,10대,1,1,0,0,5
3010,6.00,60대이상,1,1,0,0,4
3011,1.00,10대,1,1,0,0,5
3012,4.00,40대,0,1,0,0,5
3013,3.00,30대,0,1,0,0,5
3014,4.00,40대,1,1,0,0,5
3015,4.00,40대,1,1,0,0,3
3016,4.00,40대,0,1,0,0,5
3017,2.00,20대,1,1,0,0,5
3018,5.00,50대,1,1,0,0,4
3019,5.00,50대,1,1,0,0,4
3020,1.00,10대,1,1,1,0,5
3021,2.00,20대,1,1,0,0,5
3022,3.00,30대,0,1,0,0,5
3023,2.00,20대,0,1,0,0,5
3024,2.00,20대,0,1,0,0,5
3025,3.00,30대,0,1,1,0,5
3026,6.00,60대이상,0,1,0,0,5
3027,3.00,30대,0,1,0,0,4
3028,2.00,20대,1,1,0,0,5
3029,2.00,20대,0,1,0,0,5
3030,6.00,60대이상,1,1,0,0,5
3031,4.00,40대,0,1,0,0,4
3032,3.00,30대,1,1,1,0,5
3033,2.00,20대,1,1,0,1,5
3034,3.00,30대,0,1,0,1,3
3035,3.00,30대,0,1,0,0,5
3036,4.00,40대,0,1,0,0,5
3037,4.00,40대,0,1,0,0,4
3038,4.00,40대,1,1,0,0,4
3039,2.00,20대,1,1,1,0,5
3040,6.00,60대이상,0,1,0,0,5
3041,2.00,20대,1,1,0,0,4
3042,5.00,50대,1,1,0,0,5
3043,2.00,20대,1,1,0,0,5
3044,2.00,20대,1,1,0,0,5
3045,2.00,20대,1,1,0,0,5
3046,3.00,30대,0,1,0,0,3
3047,2.00,20대,1,0,0,0,5
3048,2.00,20대,0,1,0,0,3
3049,2.00,20대,1,1,0,0,4
3050,5.00,50대,0,0,0,0,4
3051,4.00,40대,1,1,0,0,5
3052,5.00,50대,0,1,0,0,4
3053,4.00,40대,1,1,0,0,5
3054,5.00,50대,1,1,0,0,5
3055,3.00,30대,1,1,0,0,5
3056,3.00,30대,1,1,0,0,5
3057,2.00,20대,0,1,0,0,5
3058,4.00,40대,1,1,0,1,5
3059,2.00,20대,1,1,0,0,4
3060,5.00,50대,0,1,1,0,5
3061,2.00,20대,1,1,1,0,5
3062,3.00,30대,0,1,0,0,5
3063,2.00,20대,0,1,1,0,5
3064,2.00,20대,0,1,1,0,5
3065,3.00,30대,0,1,0,0,5
3066,3.00,30대,1,1,0,0,5
3067,3.00,30대,1,1,0,0,5
3068,2.00,20대,1,1,0,1,5
3069,3.00,30대,1,1,0,0,5
3070,3.00,30대,0,1,0,1,5
3071,5.00,50대,1,1,0,0,5
3072,2.00,20대,1,1,0,0,5
3073,3.00,30대,1,1,0,1,4
3074,3.00,30대,0,1,0,0,5
3075,4.00,40대,1,1,0,0,4
3076,3.00,30대,0,1,0,0,4
3077,3.00,30대,0,0,0,0,5
3078,3.00,30대,0,0,0,1,4
3079,3.00,30대,0,0,0,0,4
3080,6.00,60대이상,0,0,0,1,4
3081,5.00,50대,0,0,0,0,4
3082,4.00,40대,1,0,0,0,4
3083,2.00,20대,1,1,0,1,5
3084,3.00,30대,1,1,0,0,5
3085,3.00,30대,1,1,0,0,5
3086,3.00,30대,1,1,0,0,5
3087,2.00,20대,0,1,0,0,4
3088,2.00,20대,0,1,0,0,4
3089,3.00,30대,1,1,0,0,5
3090,4.00,40대,1,1,0,0,5
3091,3.00,30대,0,1,0,0,4
3092,2.00,20대,0,1,0,1,4
3093,2.00,20대,1,1,0,0,5
3094,3.00,30대,1,1,0,0,5
3095,4.00,40대,0,1,0,0,5
3096,3.00,30대,1,1,0,0,5
3097,5.00,50대,1,1,0,0,5
3098,3.00,30대,0,1,0,0,4
3099,4.00,40대,0,1,0,0,4
3100,4.00,40대,1,1,0,0,5
3101,2.00,20대,1,1,0,0,4
3102,5.00,50대,1,1,0,0,5
3103,6.00,60대이상,0,1,0,1,5
3104,6.00,60대이상,0,1,0,0,3
3105,4.00,40대,1,1,0,1,5
3106,3.00,30대,0,0,0,0,5
3107,3.00,30대,1,1,0,0,5
3108,3.00,30대,0,0,0,0,5
3109,2.00,20대,0,1,0,0,4
3110,2.00,20대,0,1,0,0,5
3111,2.00,20대,1,1,0,0,5
3112,2.00,20대,0,1,0,0,5
3113,2.00,20대,1,1,0,0,5
3114,5.00,50대,0,1,0,0,5
3115,6.00,60대이상,1,1,0,0,5
3116,2.00,20대,0,1,0,0,5
3117,2.00,20대,1,1,0,0,5
3118,2.00,20대,1,1,0,0,4
3119,2.00,20대,1,0,0,0,5
3120,4.00,40대,0,1,0,0,4
3121,3.00,30대,0,1,0,1,5
3122,3.00,30대,0,1,0,0,4
3123,4.00,40대,1,1,0,0,5
3124,3.00,30대,1,1,0,0,4
3125,2.00,20대,1,1,1,0,5
3126,3.00,30대,0,1,0,0,5
3127,3.00,30대,1,1,0,0,5
3128,2.00,20대,0,0,0,0,5
3129,2.00,20대,1,1,0,0,5
3130,5.00,50대,0,1,0,0,5
3131,2.00,20대,1,1,0,0,5
3132,5.00,50대,0,1,0,0,5
3133,3.00,30대,0,1,0,0,5
3134,3.00,30대,1,1,1,0,5
3135,2.00,20대,1,1,0,0,5
3136,2.00,20대,1,1,0,0,5
3137,4.00,40대,0,0,1,0,5
3138,2.00,20대,1,1,1,0,5
3139,4.00,40대,1,0,0,0,5
3140,4.00,40대,0,1,0,0,5
3141,4.00,40대,0,1,0,0,5
3142,2.00,20대,1,1,1,0,5
3143,4.00,40대,0,1,0,0,5
3144,3.00,30대,1,1,1,0,5
3145,2.00,20대,1,1,0,0,5
3146,3.00,30대,1,1,0,0,5
3147,3.00,30대,1,0,0,0,4
3148,4.00,40대,0,1,1,0,4
3149,3.00,30대,0,1,0,0,5
3150,3.00,30대,1,1,0,0,5
3151,3.00,30대,1,1,0,0,4
3152,3.00,30대,1,1,0,0,5
3153,3.00,30대,0,1,0,0,4
3154,5.00,50대,0,1,0,1,5
3155,3.00,30대,0,1,0,0,4
3156,3.00,30대,1,1,0,0,5
3157,2.00,20대,1,1,0,0,4
3158,3.00,30대,0,1,0,0,5
3159,3.00,30대,1,1,1,0,5
3160,3.00,30대,0,1,0,0,3
3161,4.00,40대,1,1,0,0,4
3162,4.00,40대,0,1,0,0,5
3163,2.00,20대,0,1,0,0,4
3164,4.00,40대,0,1,0,0,5
3165,2.00,20대,0,1,0,0,5
3166,3.00,30대,0,1,0,0,4
3167,2.00,20대,1,1,0,0,5
3168,3.00,30대,0,1,0,0,5
3169,2.00,20대,0,1,0,0,5
3170,3.00,30대,1,1,0,0,5
3171,4.00,40대,0,0,0,0,5
3172,1.00,10대,0,1,0,0,5
3173,5.00,50대,1,0,0,0,5
3174,1.00,10대,1,1,1,0,4
3175,1.00,10대,1,1,1,0,5
3176,4.00,40대,1,1,0,0,4
3177,2.00,20대,1,1,0,0,4
3178,2.00,20대,1,1,0,0,5
3179,2.00,20대,1,1,1,0,4
3180,4.00,40대,1,0,0,0,5
3181,2.00,20대,1,1,0,0,5
3182,2.00,20대,0,1,0,0,4
3183,3.00,30대,1,1,0,0,5
3184,4.00,40대,0,1,0,0,5
3185,3.00,30대,0,1,0,0,5
3186,2.00,20대,0,1,0,0,5
3187,3.00,30대,0,0,1,0,4
3188,2.00,20대,0,1,0,1,4
3189,3.00,30대,1,1,0,0,4
3190,2.00,20대,0,0,0,0,5
3191,4.00,40대,0,1,0,0,4
3192,3.00,30대,1,1,0,1,5
3193,6.00,60대이상,1,1,0,0,5
3194,2.00,20대,1,1,0,0,5
3195,4.00,40대,0,1,0,0,4
3196,5.00,50대,1,0,0,0,5
3197,3.00,30대,1,1,0,0,5
3198,2.00,20대,1,1,0,0,5
3199,2.00,20대,0,1,0,0,5
3200,2.00,20대,1,1,0,0,5
3201,6.00,60대이상,0,1,0,0,5
3202,3.00,30대,0,1,0,0,4
3203,4.00,40대,1,0,0,0,5
3204,6.00,60대이상,0,1,1,0,4
3205,5.00,50대,0,1,0,0,5
3206,5.00,50대,0,0,1,0,5
3207,4.00,40대,1,1,0,0,5
3208,4.00,40대,1,1,1,0,5
3209,4.00,40대,0,1,0,0,4
3210,3.00,30대,1,1,0,0,3
3211,5.00,50대,1,1,0,0,5
3212,2.00,20대,1,1,0,0,5
3213,4.00,40대,1,1,1,0,5
3214,2.00,20대,1,1,0,0,5
3215,2.00,20대,1,1,0,0,5
3216,3.00,30대,0,1,0,0,5
3217,3.00,30대,0,1,0,0,5
3218,2.00,20대,0,0,0,0,4
3219,2.00,20대,1,0,0,0,4
3220,4.00,40대,1,1,0,0,4
3221,2.00,20대,1,1,0,0,5
3222,2.00,20대,1,1,0,0,4
3223,6.00,60대이상,1,1,0,1,5
3224,1.00,10대,1,1,0,0,5
3225,2.00,20대,1,1,0,0,3
3226,5.00,50대,0,1,0,0,5
3227,2.00,20대,0,1,0,1,4
3228,3.00,30대,0,1,0,0,5
3229,6.00,60대이상,0,1,0,0,5
3230,6.00,60대이상,1,1,0,0,5
3231,2.00,20대,1,1,0,0,5
3232,6.00,60대이상,1,1,0,0,5
3233,5.00,50대,0,1,0,0,5
3234,5.00,50대,1,1,0,0,3
3235,4.00,40대,1,1,0,0,5
3236,3.00,30대,0,1,0,0,4
3237,5.00,50대,0,1,0,0,5
3238,5.00,50대,1,1,0,0,5
3239,4.00,40대,1,1,1,0,5
3240,3.00,30대,0,1,0,0,4
3241,5.00,50대,0,1,1,0,5
3242,1.00,10대,1,1,0,0,4
3243,4.00,40대,0,1,0,0,5
3244,5.00,50대,1,1,0,0,4
3245,5.00,50대,1,1,0,0,4
3246,2.00,20대,0,1,0,0,5
3247,4.00,40대,0,1,0,1,4
3248,2.00,20대,0,1,0,1,5
3249,4.00,40대,0,1,0,1,4
3250,3.00,30대,1,1,0,0,5
3251,3.00,30대,1,1,0,0,5
3252,3.00,30대,0,0,0,0,5
3253,5.00,50대,0,1,0,0,4
3254,2.00,20대,0,1,1,0,5
3255,3.00,30대,1,1,0,1,4
3256,3.00,30대,0,1,0,0,3
3257,2.00,20대,0,1,1,0,4
3258,4.00,40대,0,1,0,0,5
3259,2.00,20대,0,1,1,0,5
3260,2.00,20대,1,1,1,0,5
3261,2.00,20대,1,1,0,0,5
3262,3.00,30대,0,1,0,1,5
3263,1.00,10대,1,1,0,0,5
3264,3.00,30대,1,1,1,0,4
3265,3.00,30대,0,1,0,0,4
3266,5.00,50대,1,1,0,0,5
3267,2.00,20대,0,1,1,0,3
3268,5.00,50대,0,1,0,0,5
3269,4.00,40대,0,1,0,0,5
3270,5.00,50대,0,1,0,0,3
3271,4.00,40대,0,1,0,0,4
3272,2.00,20대,0,0,0,0,5
3273,4.00,40대,1,0,1,0,4
3274,4.00,40대,0,1,0,0,5
3275,2.00,20대,0,1,0,0,5
3276,2.00,20대,0,1,0,0,5
3277,2.00,20대,1,1,0,0,4
3278,1.00,10대,0,0,0,1,5
3279,2.00,20대,1,1,0,0,5
3280,2.00,20대,1,1,0,0,4
3281,4.00,40대,0,1,0,0,4
3282,2.00,20대,0,1,0,0,5
3283,3.00,30대,0,1,1,0,5
3284,3.00,30대,0,1,0,0,5
3285,4.00,40대,1,1,0,1,5
3286,2.00,20대,0,1,0,0,5
3287,4.00,40대,0,1,0,1,5
3288,5.00,50대,0,1,0,0,4
3289,5.00,50대,1,1,0,0,4
3290,3.00,30대,0,1,0,0,5
3291,4.00,40대,0,1,0,0,5
3292,2.00,20대,1,1,0,0,5
3293,4.00,40대,0,1,0,0,4
3294,4.00,40대,0,1,1,0,4
3295,2.00,20대,1,1,1,0,5
3296,2.00,20대,1,1,0,0,4
3297,2.00,20대,0,1,0,0,4
3298,2.00,20대,0,1,0,0,5
3299,3.00,30대,1,1,1,0,5
3300,4.00,40대,0,1,1,0,5
3301,2.00,20대,0,1,0,0,3
3302,5.00,50대,0,1,0,0,4
3303,3.00,30대,1,1,0,1,5
3304,3.00,30대,1,1,0,0,5
3305,2.00,20대,1,1,0,0,5
3306,5.00,50대,1,1,0,1,5
3307,3.00,30대,1,1,0,0,3
3308,2.00,20대,0,1,0,0,5
3309,2.00,20대,0,1,0,0,5
3310,4.00,40대,1,1,1,0,3
3311,5.00,50대,1,1,0,0,5
3312,2.00,20대,0,1,0,0,5
3313,3.00,30대,1,1,0,1,4
3314,2.00,20대,1,1,1,0,5
3315,5.00,50대,1,1,0,0,5
3316,2.00,20대,0,1,1,0,5
3317,2.00,20대,1,0,0,0,4
3318,4.00,40대,0,1,0,0,4
3319,1.00,10대,0,1,0,0,5
3320,5.00,50대,1,1,0,0,5
3321,3.00,30대,1,1,0,0,4
3322,4.00,40대,1,1,0,0,4
3323,4.00,40대,1,1,0,0,5
3324,3.00,30대,1,1,1,0,5
3325,4.00,40대,1,1,0,0,5
3326,3.00,30대,0,1,0,0,5
3327,2.00,20대,1,1,1,0,5
3328,2.00,20대,1,1,0,1,5
3329,2.00,20대,1,1,0,0,5
3330,4.00,40대,1,1,0,0,5
3331,3.00,30대,1,1,1,0,5
3332,5.00,50대,1,1,0,0,3
3333,2.00,20대,0,1,0,0,5
3334,3.00,30대,0,1,0,1,5
3335,3.00,30대,1,1,1,0,5
3336,4.00,40대,1,1,0,0,5
3337,2.00,20대,1,1,0,0,5
3338,5.00,50대,1,1,1,0,5
3339,1.00,10대,1,1,1,0,4
3340,5.00,50대,0,1,0,0,5
3341,2.00,20대,1,1,0,0,5
3342,2.00,20대,1,1,0,0,5
3343,1.00,10대,0,1,0,0,4
3344,5.00,50대,0,1,0,0,4
3345,2.00,20대,0,1,0,0,5
3346,5.00,50대,0,1,1,0,5
3347,2.00,20대,1,1,0,0,4
3348,3.00,30대,1,1,0,0,5
3349,2.00,20대,1,1,0,0,5
3350,4.00,40대,1,1,0,0,5
3351,5.00,50대,0,1,0,0,5
3352,4.00,40대,1,1,0,0,4
3353,5.00,50대,1,1,1,0,5
3354,3.00,30대,1,1,0,0,5
3355,5.00,50대,1,1,0,0,5
3356,4.00,40대,1,1,1,0,5
3357,4.00,40대,0,1,0,1,4
3358,5.00,50대,0,1,0,0,4
3359,3.00,30대,1,1,0,0,4
3360,2.00,20대,1,0,0,0,5
3361,4.00,40대,0,1,0,0,4
3362,2.00,20대,0,1,1,0,4
3363,2.00,20대,1,1,1,0,5
3364,2.00,20대,1,1,0,0,5
3365,3.00,30대,1,1,0,0,5
3366,3.00,30대,1,1,0,0,4
3367,3.00,30대,1,1,0,0,5
3368,5.00,50대,1,1,0,0,5
3369,4.00,40대,0,1,0,0,5
3370,3.00,30대,0,1,0,1,4
3371,2.00,20대,1,1,1,0,3
3372,3.00,30대,0,1,0,0,5
3373,2.00,20대,0,1,1,0,4
3374,4.00,40대,0,1,0,0,5
3375,2.00,20대,0,1,0,1,5
3376,2.00,20대,1,1,0,0,5
3377,6.00,60대이상,0,1,0,0,5
3378,2.00,20대,0,1,0,0,5
3379,3.00,30대,1,1,0,0,5
3380,1.00,10대,0,1,0,0,5
3381,5.00,50대,0,0,0,0,5
3382,6.00,60대이상,0,1,0,0,5
3383,2.00,20대,1,1,0,0,5
3384,6.00,60대이상,0,1,0,0,5
3385,6.00,60대이상,1,1,0,0,4
3386,4.00,40대,1,1,0,0,4
3387,2.00,20대,0,0,0,0,4
3388,2.00,20대,0,0,0,0,5
3389,2.00,20대,0,1,0,1,5
3390,3.00,30대,1,1,0,0,4
3391,2.00,20대,1,1,0,0,5
3392,5.00,50대,1,1,1,0,5
3393,2.00,20대,0,1,0,0,4
3394,3.00,30대,0,0,1,0,3
3395,6.00,60대이상,0,1,0,0,5
3396,2.00,20대,0,1,0,0,5
3397,4.00,40대,1,1,0,0,4
3398,3.00,30대,1,1,0,0,5
3399,5.00,50대,0,1,0,0,5
3400,2.00,20대,0,1,1,0,5
3401,3.00,30대,1,1,0,0,4
3402,5.00,50대,0,1,0,0,5
3403,2.00,20대,1,1,0,0,5
3404,2.00,20대,1,1,0,0,5
3405,3.00,30대,0,1,1,0,5
3406,4.00,40대,1,1,0,0,5
3407,2.00,20대,1,0,0,1,5
3408,2.00,20대,0,1,0,0,4
3409,3.00,30대,0,1,0,0,5
3410,3.00,30대,0,1,0,0,4
3411,5.00,50대,1,1,0,0,5
3412,3.00,30대,0,0,1,0,5
3413,2.00,20대,1,1,0,0,4
3414,3.00,30대,0,1,1,0,5
3415,5.00,50대,1,1,0,0,5
3416,2.00,20대,0,1,0,0,5
3417,4.00,40대,1,1,0,0,5
3418,3.00,30대,1,1,0,0,5
3419,5.00,50대,0,0,0,0,4
3420,2.00,20대,1,1,0,0,5
3421,2.00,20대,0,1,0,0,5
3422,3.00,30대,1,1,0,0,4
3423,2.00,20대,1,1,1,0,5
3424,3.00,30대,1,1,0,0,4
3425,3.00,30대,1,1,0,0,4
3426,3.00,30대,0,1,0,0,5
3427,4.00,40대,1,1,0,0,5
3428,4.00,40대,1,1,0,0,5
3429,4.00,40대,0,1,0,0,3
3430,4.00,40대,1,1,0,0,5
3431,4.00,40대,1,1,0,0,4
3432,3.00,30대,1,1,0,0,5
3433,4.00,40대,0,1,0,0,4
3434,2.00,20대,0,1,0,0,5
3435,6.00,60대이상,1,1,0,0,5
3436,3.00,30대,0,1,0,0,4
3437,6.00,60대이상,1,1,1,0,5
3438,3.00,30대,1,1,0,0,5
3439,3.00,30대,0,1,0,0,4
3440,2.00,20대,0,1,1,0,3
3441,2.00,20대,0,1,0,0,5
3442,3.00,30대,1,1,0,0,5
3443,4.00,40대,1,1,0,0,5
3444,4.00,40대,0,1,0,0,4
3445,3.00,30대,0,0,0,0,5
3446,5.00,50대,0,1,0,1,5
3447,2.00,20대,1,1,1,0,5
3448,4.00,40대,0,1,0,1,5
3449,2.00,20대,1,1,0,0,5
3450,4.00,40대,1,1,0,0,5
3451,2.00,20대,1,1,0,0,5
3452,4.00,40대,1,1,0,0,5
3453,2.00,20대,1,1,0,0,5
3454,2.00,20대,1,0,0,0,5
3455,5.00,50대,1,1,0,0,4
3456,2.00,20대,0,1,0,0,5
3457,4.00,40대,0,1,0,0,5
3458,2.00,20대,1,1,0,0,4
3459,2.00,20대,0,1,0,0,5
3460,2.00,20대,1,0,1,0,4
3461,3.00,30대,0,1,0,0,4
3462,3.00,30대,1,1,0,0,5
3463,3.00,30대,1,1,0,0,4
3464,2.00,20대,1,1,0,1,5
3465,2.00,20대,1,1,1,0,5
3466,3.00,30대,0,1,0,0,5
3467,2.00,20대,1,1,0,0,3
3468,6.00,60대이상,0,0,0,0,4
3469,4.00,40대,0,1,1,0,5
3470,2.00,20대,1,1,0,0,5
3471,5.00,50대,0,1,0,0,5
3472,4.00,40대,0,1,1,0,5
3473,3.00,30대,1,1,0,1,5
3474,3.00,30대,1,0,0,0,4
3475,2.00,20대,1,1,1,0,4
3476,4.00,40대,1,1,0,0,5
3477,2.00,20대,1,1,1,0,4
3478,2.00,20대,1,1,0,1,5
3479,2.00,20대,1,0,1,0,5
3480,2.00,20대,0,1,0,0,4
3481,2.00,20대,0,1,0,0,4
3482,5.00,50대,0,0,0,0,5
3483,5.00,50대,0,0,0,0,5
3484,5.00,50대,1,1,1,0,5
3485,2.00,20대,1,1,1,0,4
3486,4.00,40대,1,0,1,0,4
3487,3.00,30대,0,0,0,0,5
3488,2.00,20대,0,1,0,1,5
3489,2.00,20대,1,1,0,0,4
3490,2.00,20대,1,1,0,1,5
3491,2.00,20대,0,1,0,0,5
3492,3.00,30대,1,0,0,0,5
3493,4.00,40대,1,1,1,0,5
3494,2.00,20대,1,1,0,1,5
3495,3.00,30대,1,1,0,0,5
3496,5.00,50대,1,1,0,0,4
3497,2.00,20대,1,1,0,1,5
3498,2.00,20대,0,1,0,0,5
3499,6.00,60대이상,1,0,0,0,4
3500,2.00,20대,1,1,0,0,5
3501,6.00,60대이상,0,1,0,0,4
3502,3.00,30대,1,1,0,0,5
3503,2.00,20대,1,0,0,1,4
3504,6.00,60대이상,0,1,0,0,4
3505,3.00,30대,0,1,0,0,4
3506,3.00,30대,1,1,0,1,5
3507,3.00,30대,0,1,0,0,4
3508,5.00,50대,1,0,0,0,4
3509,2.00,20대,0,1,0,0,5
3510,3.00,30대,1,1,0,0,3
3511,5.00,50대,0,1,0,0,5
3512,2.00,20대,1,1,0,0,5
3513,3.00,30대,1,0,0,0,4
3514,3.00,30대,1,0,0,0,4
3515,3.00,30대,0,1,1,0,4
3516,3.00,30대,0,1,0,0,5
3517,3.00,30대,0,1,0,0,5
3518,2.00,20대,1,1,0,0,5
3519,2.00,20대,0,1,0,0,4
3520,5.00,50대,1,1,0,0,5
3521,2.00,20대,0,1,0,0,5
3522,1.00,10대,1,1,0,0,3
3523,4.00,40대,1,1,0,0,5
3524,4.00,40대,0,1,0,0,5
3525,5.00,50대,1,1,0,1,5
3526,2.00,20대,1,1,0,0,5
3527,3.00,30대,1,0,0,0,5
3528,2.00,20대,1,1,0,0,5
3529,2.00,20대,1,1,0,0,4
3530,4.00,40대,1,1,0,0,5
3531,4.00,40대,0,1,1,0,5
3532,6.00,60대이상,1,1,0,0,5
3533,2.00,20대,0,1,0,0,4
3534,5.00,50대,0,1,0,0,5
3535,5.00,50대,1,1,1,0,5
3536,3.00,30대,1,1,0,1,5
3537,2.00,20대,1,1,0,1,4
3538,2.00,20대,1,1,0,1,4
3539,3.00,30대,1,1,0,1,5
3540,5.00,50대,0,1,0,0,5
3541,2.00,20대,1,1,1,0,4
3542,3.00,30대,0,1,0,1,5
3543,2.00,20대,0,1,0,0,5
3544,4.00,40대,1,1,1,0,4
3545,2.00,20대,0,1,0,0,4
3546,2.00,20대,0,1,0,0,4
3547,2.00,20대,1,1,0,0,4
3548,5.00,50대,0,1,1,0,5
3549,4.00,40대,1,1,0,0,5
3550,3.00,30대,1,1,0,1,5
3551,4.00,40대,0,1,0,0,4
3552,2.00,20대,1,1,0,0,4
3553,3.00,30대,0,1,0,0,5
3554,5.00,50대,1,1,0,0,5
3555,2.00,20대,0,1,0,0,4
3556,2.00,20대,1,1,0,0,5
3557,3.00,30대,1,1,0,0,4
3558,3.00,30대,1,1,1,0,5
3559,2.00,20대,1,1,0,0,3
3560,4.00,40대,0,1,0,0,5
3561,5.00,50대,1,1,0,0,5
3562,2.00,20대,1,1,0,0,5
3563,2.00,20대,0,1,0,0,5
3564,4.00,40대,1,1,0,0,5
3565,3.00,30대,0,1,0,0,4
3566,3.00,30대,1,1,0,0,5
3567,3.00,30대,1,1,0,1,5
3568,3.00,30대,1,1,0,0,5
3569,5.00,50대,1,0,1,0,5
3570,5.00,50대,1,1,1,0,5
3571,2.00,20대,0,1,0,0,5
3572,4.00,40대,0,1,0,0,4
3573,5.00,50대,1,1,0,0,5
3574,4.00,40대,0,1,0,0,5
3575,6.00,60대이상,1,1,0,0,5
3576,6.00,60대이상,0,1,0,0,4
3577,1.00,10대,0,1,0,0,5
3578,1.00,10대,1,1,0,0,5
3579,2.00,20대,1,1,0,0,5
3580,1.00,10대,1,1,0,0,4
3581,5.00,50대,1,1,0,0,5
3582,5.00,50대,1,1,0,0,5
3583,3.00,30대,1,1,0,0,5
3584,4.00,40대,1,1,1,0,5
3585,3.00,30대,1,1,0,0,4
3586,3.00,30대,1,1,0,0,5
3587,3.00,30대,1,1,0,0,5
3588,3.00,30대,1,0,1,0,5
3589,3.00,30대,1,0,0,0,4
3590,6.00,60대이상,0,1,0,0,5
3591,4.00,40대,1,1,0,0,4
3592,3.00,30대,1,1,0,0,5
3593,3.00,30대,1,1,0,0,5
3594,3.00,30대,1,0,0,0,5
3595,3.00,30대,0,0,0,0,4
3596,2.00,20대,0,1,0,1,5
3597,4.00,40대,0,1,0,0,5
3598,2.00,20대,0,1,0,0,5
3599,2.00,20대,0,1,0,0,4
3600,3.00,30대,0,1,0,0,5
3601,2.00,20대,1,0,0,0,5
3602,2.00,20대,1,0,1,0,4
3603,2.00,20대,0,1,0,0,5
3604,5.00,50대,0,0,0,0,4
3605,6.00,60대이상,0,0,0,0,4
3606,2.00,20대,1,1,0,0,5
3607,3.00,30대,0,1,0,0,5
3608,6.00,60대이상,1,1,0,1,4
3609,5.00,50대,1,1,0,0,4
3610,4.00,40대,1,1,0,0,4
3611,2.00,20대,1,1,0,1,5
3612,5.00,50대,1,1,0,1,5
3613,2.00,20대,1,1,0,0,5
3614,3.00,30대,1,1,1,0,5
3615,2.00,20대,1,1,1,0,5
3616,3.00,30대,1,1,0,0,5
3617,3.00,30대,0,1,0,0,5
3618,2.00,20대,1,1,0,0,5
3619,3.00,30대,1,1,1,0,5
3620,2.00,20대,0,1,0,0,5
3621,4.00,40대,0,1,0,0,5
3622,2.00,20대,0,1,0,1,5
3623,2.00,20대,1,1,1,0,4
3624,2.00,20대,0,1,0,0,5
3625,5.00,50대,1,1,0,1,5
3626,4.00,40대,0,0,1,0,5
3627,4.00,40대,1,1,0,0,5
3628,4.00,40대,1,1,0,0,5
3629,3.00,30대,1,1,1,0,5
3630,6.00,60대이상,0,1,0,0,4
3631,5.00,50대,0,1,0,0,5
3632,3.00,30대,0,1,0,0,4
3633,4.00,40대,1,1,0,0,5
3634,6.00,60대이상,1,0,0,0,5
3635,2.00,20대,0,1,0,0,5
3636,3.00,30대,1,1,0,0,5
3637,2.00,20대,0,1,0,0,5
3638,2.00,20대,0,1,1,0,4
3639,3.00,30대,1,1,0,0,5
3640,4.00,40대,1,0,0,1,5
3641,5.00,50대,0,0,0,0,5
3642,2.00,20대,0,1,0,0,5
3643,2.00,20대,1,1,0,1,4
3644,3.00,30대,0,1,1,0,5
3645,2.00,20대,0,1,0,1,5
3646,6.00,60대이상,1,0,1,0,5
3647,4.00,40대,0,1,0,0,5
3648,4.00,40대,0,0,0,0,5
3649,3.00,30대,1,1,0,0,5
3650,3.00,30대,1,1,0,0,5
3651,3.00,30대,1,1,1,0,5
3652,2.00,20대,1,1,0,0,5
3653,1.00,10대,1,1,0,0,5
3654,6.00,60대이상,1,1,0,0,5
3655,3.00,30대,1,1,0,1,3
3656,3.00,30대,0,1,0,0,4
3657,5.00,50대,1,1,1,0,5
3658,2.00,20대,1,1,0,0,4
3659,2.00,20대,1,1,1,0,5
3660,6.00,60대이상,0,1,0,0,5
3661,2.00,20대,0,1,0,0,5
3662,3.00,30대,1,1,0,0,4
3663,6.00,60대이상,1,1,0,0,5
3664,3.00,30대,1,1,0,0,4
3665,4.00,40대,1,1,0,0,5
3666,2.00,20대,1,1,0,0,5
3667,4.00,40대,1,1,0,0,5
3668,2.00,20대,1,1,0,0,5
3669,2.00,20대,0,1,0,0,5
3670,3.00,30대,1,1,0,0,4
3671,4.00,40대,1,1,1,0,5
3672,2.00,20대,1,1,0,0,4
3673,2.00,20대,1,1,0,0,5
3674,3.00,30대,0,1,0,0,4
3675,4.00,40대,0,1,0,0,5
3676,2.00,20대,0,0,1,0,5
3677,1.00,10대,0,1,0,0,4
3678,2.00,20대,0,0,0,0,4
3679,3.00,30대,0,0,0,0,5
3680,3.00,30대,1,0,0,0,5
3681,3.00,30대,0,0,0,0,5
3682,3.00,30대,1,0,0,0,5
3683,3.00,30대,0,1,0,0,5
3684,3.00,30대,1,1,0,0,5
3685,3.00,30대,0,1,0,0,5
3686,1.00,10대,1,1,0,0,5
3687,2.00,20대,1,1,0,1,5
3688,3.00,30대,1,1,0,0,5
3689,3.00,30대,1,1,0,0,5
3690,3.00,30대,0,0,0,1,3
3691,5.00,50대,1,1,0,0,5
3692,5.00,50대,1,1,0,0,5
3693,5.00,50대,1,1,0,0,5
3694,3.00,30대,1,1,0,0,5
3695,4.00,40대,0,1,0,0,5
3696,5.00,50대,0,1,1,0,5
3697,2.00,20대,0,1,0,1,5
3698,2.00,20대,1,1,1,0,5
3699,4.00,40대,0,1,0,0,5
3700,5.00,50대,1,1,0,0,4
3701,3.00,30대,1,1,1,0,5
3702,5.00,50대,0,1,0,0,5
3703,3.00,30대,1,1,0,0,5
3704,2.00,20대,0,1,1,0,5
3705,1.00,10대,0,1,0,0,5
3706,2.00,20대,1,1,0,0,5
3707,3.00,30대,0,1,0,0,5
3708,2.00,20대,0,1,0,0,5
3709,5.00,50대,1,0,1,0,4
3710,6.00,60대이상,1,1,0,0,4
3711,4.00,40대,1,1,0,0,4
3712,2.00,20대,1,1,0,0,5
3713,4.00,40대,1,1,0,0,5
3714,2.00,20대,1,1,0,0,5
3715,3.00,30대,1,1,0,0,5
3716,2.00,20대,1,1,0,0,4
3717,4.00,40대,1,1,0,0,4
3718,2.00,20대,0,1,0,0,5
3719,2.00,20대,1,1,0,0,2
3720,2.00,20대,0,1,0,0,5
3721,2.00,20대,0,1,1,0,5
3722,2.00,20대,0,1,0,0,4
3723,4.00,40대,1,1,1,0,4
3724,4.00,40대,0,1,0,1,5
3725,6.00,60대이상,1,1,0,0,5
3726,4.00,40대,1,1,0,0,4
3727,4.00,40대,1,1,1,0,4
3728,3.00,30대,1,1,0,0,5
3729,3.00,30대,1,1,1,0,5
3730,2.00,20대,1,1,0,0,4
3731,3.00,30대,1,1,1,0,5
3732,4.00,40대,1,1,0,0,5
3733,4.00,40대,1,1,0,1,5
3734,4.00,40대,0,1,0,0,5
3735,3.00,30대,0,1,0,0,4
3736,5.00,50대,0,1,0,0,3
3737,3.00,30대,1,1,0,0,5
3738,6.00,60대이상,1,0,0,1,3
3739,6.00,60대이상,0,1,0,0,5
3740,2.00,20대,0,1,0,0,5
3741,3.00,30대,0,1,0,0,5
3742,4.00,40대,1,1,0,1,5
3743,4.00,40대,1,1,1,0,5
3744,3.00,30대,0,1,0,0,4
3745,1.00,10대,1,1,0,0,5
3746,2.00,20대,0,1,0,0,4
3747,2.00,20대,0,1,0,1,4
3748,2.00,20대,0,1,0,0,5
3749,4.00,40대,0,1,0,0,4
3750,4.00,40대,1,1,0,1,5
3751,5.00,50대,1,1,0,0,4
3752,2.00,20대,0,1,0,0,5
3753,3.00,30대,0,1,0,0,5
3754,2.00,20대,1,1,0,0,5
3755,3.00,30대,0,1,1,0,5
3756,2.00,20대,1,1,0,0,5
3757,3.00,30대,0,1,0,1,5
3758,2.00,20대,1,1,1,0,5
3759,2.00,20대,0,1,0,1,4
3760,2.00,20대,0,1,0,0,5
3761,2.00,20대,0,1,1,0,5
3762,4.00,40대,1,1,0,0,5
3763,3.00,30대,1,1,0,0,5
3764,2.00,20대,1,0,0,0,5
3765,3.00,30대,1,1,1,0,5
3766,3.00,30대,1,1,0,0,5
3767,4.00,40대,0,1,0,0,5
3768,3.00,30대,0,1,0,0,5
3769,4.00,40대,0,1,0,0,3
3770,4.00,40대,0,1,0,0,5
3771,2.00,20대,1,1,0,1,4
3772,2.00,20대,1,1,0,0,5
3773,1.00,10대,0,1,0,0,5
3774,2.00,20대,0,1,1,0,5
3775,4.00,40대,1,0,0,0,4
3776,2.00,20대,0,1,1,0,5
3777,2.00,20대,1,0,1,0,5
3778,2.00,20대,0,1,0,0,5
3779,2.00,20대,0,1,0,0,5
3780,3.00,30대,1,0,0,0,5
3781,3.00,30대,1,1,1,0,4
3782,5.00,50대,1,1,1,0,5
3783,2.00,20대,0,1,0,0,5
3784,2.00,20대,1,1,0,0,5
3785,3.00,30대,0,1,0,1,5
3786,2.00,20대,0,1,0,0,4
3787,4.00,40대,0,1,0,0,4
3788,2.00,20대,0,1,0,0,5
3789,4.00,40대,0,1,0,0,3
3790,4.00,40대,1,1,0,0,5
3791,1.00,10대,1,1,0,0,5
3792,3.00,30대,1,1,0,0,5
3793,2.00,20대,0,1,0,1,4
3794,3.00,30대,1,1,0,0,5
3795,2.00,20대,1,1,0,0,5
3796,1.00,10대,1,1,0,0,5
3797,6.00,60대이상,0,1,0,0,4
3798,4.00,40대,1,1,0,0,5
3799,3.00,30대,1,1,0,1,5
3800,3.00,30대,1,1,0,0,5
3801,2.00,20대,0,1,0,0,4
3802,3.00,30대,0,1,0,0,5
3803,3.00,30대,1,1,0,0,5
3804,5.00,50대,1,1,0,0,5
3805,3.00,30대,1,1,0,0,5
3806,4.00,40대,0,0,0,1,4
3807,2.00,20대,1,1,0,0,5
3808,2.00,20대,0,1,0,0,4
3809,2.00,20대,1,0,1,0,5
3810,4.00,40대,1,1,0,0,5
3811,5.00,50대,0,1,0,1,5
3812,3.00,30대,1,1,0,1,5
3813,2.00,20대,0,0,1,0,5
3814,3.00,30대,1,1,1,0,5
3815,1.00,10대,1,1,0,0,5
3816,3.00,30대,1,1,0,0,5
3817,6.00,60대이상,0,1,0,0,4
3818,2.00,20대,1,1,1,0,5
3819,3.00,30대,0,1,1,0,5
3820,2.00,20대,1,1,0,0,5
3821,5.00,50대,0,1,0,1,5
3822,6.00,60대이상,1,1,0,0,4
3823,2.00,20대,1,1,0,0,5
3824,2.00,20대,1,1,0,0,5
3825,3.00,30대,0,1,1,0,4
3826,6.00,60대이상,0,1,0,0,5
3827,5.00,50대,0,1,0,0,4
3828,3.00,30대,0,1,0,0,5
3829,5.00,50대,1,1,0,0,5
3830,3.00,30대,0,1,0,0,4
3831,5.00,50대,1,0,0,0,5
3832,2.00,20대,1,1,0,0,5
3833,2.00,20대,0,1,0,0,5
3834,3.00,30대,0,1,0,0,5
3835,3.00,30대,1,1,0,1,5
3836,3.00,30대,1,1,1,0,5
3837,2.00,20대,0,1,1,0,5
3838,3.00,30대,0,1,0,0,4
3839,4.00,40대,0,1,0,0,5
3840,5.00,50대,0,1,0,0,5
3841,2.00,20대,1,1,0,0,5
3842,2.00,20대,1,1,0,1,5
3843,2.00,20대,0,1,0,0,5
3844,3.00,30대,0,0,1,0,5
3845,3.00,30대,1,1,1,0,5
3846,4.00,40대,1,1,0,0,5
3847,2.00,20대,0,1,0,0,5
3848,2.00,20대,0,1,1,0,5
3849,2.00,20대,1,1,0,0,5
3850,3.00,30대,1,0,0,1,4
3851,4.00,40대,0,1,0,1,5
3852,2.00,20대,0,1,0,0,3
3853,1.00,10대,0,1,1,0,5
3854,5.00,50대,1,1,1,0,4
3855,1.00,10대,0,1,0,0,5
3856,2.00,20대,0,1,0,0,5
3857,5.00,50대,0,1,0,0,5
3858,3.00,30대,0,0,1,0,5
3859,2.00,20대,0,1,0,0,5
3860,6.00,60대이상,0,1,0,0,5
3861,3.00,30대,1,1,0,0,4
3862,4.00,40대,0,1,0,0,5
3863,2.00,20대,0,1,0,0,5
3864,3.00,30대,1,1,0,0,5
3865,4.00,40대,1,1,1,0,5
3866,3.00,30대,0,1,1,0,5
3867,2.00,20대,0,1,1,0,4
3868,5.00,50대,0,0,1,0,5
3869,2.00,20대,1,1,0,0,5
3870,3.00,30대,1,1,0,0,3
3871,4.00,40대,1,1,0,0,5
3872,3.00,30대,0,1,0,0,5
3873,2.00,20대,0,1,0,0,3
3874,3.00,30대,1,1,0,0,4
3875,2.00,20대,0,1,0,0,5
3876,3.00,30대,1,1,0,0,5
3877,2.00,20대,0,1,0,0,5
3878,3.00,30대,0,1,0,0,5
3879,4.00,40대,0,1,0,0,5
3880,4.00,40대,0,1,0,0,5
3881,4.00,40대,0,1,0,1,5
3882,3.00,30대,0,1,0,0,5
3883,3.00,30대,1,1,0,0,4
3884,3.00,30대,0,1,0,0,5
3885,2.00,20대,0,1,0,0,5
3886,2.00,20대,1,1,0,0,5
3887,3.00,30대,0,1,0,0,5
3888,3.00,30대,0,1,0,0,5
3889,5.00,50대,0,0,0,0,5
3890,2.00,20대,1,0,0,1,5
3891,3.00,30대,1,1,0,0,5
3892,2.00,20대,0,1,0,0,5
3893,3.00,30대,0,1,0,0,5
3894,5.00,50대,1,1,0,0,5
3895,4.00,40대,0,1,0,0,4
3896,3.00,30대,0,1,0,0,5
3897,2.00,20대,0,1,1,0,5
3898,4.00,40대,0,1,1,0,5
3899,2.00,20대,0,1,0,0,5
3900,3.00,30대,0,1,0,0,4
3901,4.00,40대,0,1,0,1,5
3902,2.00,20대,0,1,0,0,5
3903,2.00,20대,1,1,0,0,5
3904,2.00,20대,1,1,1,0,5
3905,2.00,20대,1,1,0,0,4
3906,2.00,20대,1,1,0,0,4
3907,2.00,20대,1,1,0,0,4
3908,2.00,20대,0,1,0,0,5
3909,2.00,20대,0,1,0,0,5
3910,2.00,20대,0,1,1,0,5
3911,3.00,30대,0,1,0,0,4
3912,2.00,20대,1,1,0,0,5
3913,2.00,20대,1,1,0,0,5
3914,2.00,20대,1,0,0,0,4
3915,3.00,30대,0,1,1,0,4
3916,5.00,50대,1,1,0,0,4
3917,2.00,20대,0,1,0,1,4
3918,1.00,10대,0,1,1,0,2
3919,4.00,40대,0,1,0,0,4
3920,5.00,50대,1,1,0,0,5
3921,2.00,20대,1,1,0,0,5
3922,2.00,20대,1,1,1,0,5
3923,2.00,20대,1,1,0,0,5
3924,2.00,20대,1,1,1,0,4
3925,4.00,40대,1,1,0,0,4
3926,3.00,30대,1,1,0,0,4
3927,3.00,30대,0,1,1,0,4
3928,2.00,20대,0,1,0,0,5
3929,3.00,30대,0,1,0,0,5
3930,3.00,30대,0,0,0,0,5
3931,6.00,60대이상,1,1,0,0,4
3932,2.00,20대,1,1,1,0,5
3933,4.00,40대,0,0,0,1,5
3934,3.00,30대,0,1,0,0,5
3935,2.00,20대,1,1,0,0,4
3936,4.00,40대,0,1,1,0,5
3937,3.00,30대,1,1,0,0,5
3938,3.00,30대,0,0,0,0,3
3939,2.00,20대,0,1,0,0,5
3940,3.00,30대,1,1,1,0,4
3941,2.00,20대,0,1,0,0,5
3942,2.00,20대,0,1,0,1,4
3943,2.00,20대,1,1,0,0,5
3944,3.00,30대,1,1,0,0,4
3945,5.00,50대,1,1,1,0,5
3946,3.00,30대,1,1,0,0,5
3947,3.00,30대,0,1,1,0,4
3948,2.00,20대,1,1,0,0,5
3949,2.00,20대,1,1,0,0,5
3950,4.00,40대,0,1,1,0,5
3951,3.00,30대,1,1,1,0,5
3952,4.00,40대,0,1,0,0,5
3953,3.00,30대,1,1,1,0,5
3954,3.00,30대,0,1,0,0,4
3955,5.00,50대,1,1,0,0,5
3956,4.00,40대,1,1,0,0,5
3957,3.00,30대,1,1,0,0,5
3958,4.00,40대,1,1,0,0,5
3959,2.00,20대,0,0,0,0,5
3960,2.00,20대,1,1,0,0,5
3961,2.00,20대,1,1,0,0,5
3962,2.00,20대,1,1,0,0,5
3963,3.00,30대,0,1,0,0,4
3964,2.00,20대,1,1,0,0,5
3965,5.00,50대,0,1,0,0,4
3966,4.00,40대,0,1,0,0,4
3967,5.00,50대,1,1,1,0,5
3968,3.00,30대,0,1,0,1,5
3969,5.00,50대,0,1,0,0,5
3970,4.00,40대,0,1,1,0,5
3971,6.00,60대이상,0,1,0,1,5
3972,3.00,30대,1,1,0,0,5
3973,2.00,20대,0,1,0,0,5
3974,2.00,20대,0,1,1,0,5
3975,5.00,50대,1,1,1,0,5
3976,4.00,40대,1,1,0,0,4
3977,3.00,30대,0,1,1,0,5
3978,3.00,30대,1,1,1,0,5
3979,2.00,20대,0,1,1,0,4
3980,4.00,40대,0,1,0,0,5
3981,3.00,30대,0,1,0,0,5
3982,3.00,30대,0,1,0,0,5
3983,5.00,50대,0,1,0,0,5
3984,4.00,40대,1,1,0,0,5
3985,3.00,30대,0,1,0,0,4
3986,2.00,20대,1,1,0,0,5
3987,4.00,40대,1,1,0,0,4
3988,3.00,30대,0,1,0,0,4
3989,3.00,30대,1,1,0,0,5
3990,5.00,50대,0,1,0,0,5
3991,5.00,50대,0,0,0,0,5
3992,2.00,20대,1,1,0,0,5
3993,5.00,50대,1,1,0,0,4
3994,4.00,40대,0,1,0,0,3
3995,3.00,30대,1,1,0,0,5
3996,3.00,30대,0,1,0,0,4
3997,2.00,20대,0,1,0,0,5
3998,3.00,30대,1,1,0,0,4
3999,2.00,20대,1,1,0,0,4
4000,2.00,20대,0,1,0,0,5
4001,6.00,60대이상,1,1,0,0,4
4002,4.00,40대,1,1,0,0,4
4003,3.00,30대,0,1,0,0,5
4004,3.00,30대,0,1,0,0,4
4005,2.00,20대,0,1,0,0,5
4006,2.00,20대,0,1,0,0,5
4007,2.00,20대,1,1,1,0,5
4008,6.00,60대이상,0,1,1,0,5
4009,3.00,30대,1,1,0,1,5
4010,6.00,60대이상,1,1,0,0,5
4011,2.00,20대,1,1,0,0,5
4012,2.00,20대,1,1,0,0,4
4013,3.00,30대,1,1,0,1,5
4014,5.00,50대,0,1,0,0,5
4015,3.00,30대,1,0,0,0,5
4016,2.00,20대,1,1,0,0,5
4017,4.00,40대,1,1,0,0,5
4018,1.00,10대,1,1,1,0,5
4019,6.00,60대이상,1,1,0,0,5
4020,4.00,40대,1,1,1,0,5
4021,4.00,40대,0,1,0,0,5
4022,2.00,20대,1,1,0,0,5
4023,3.00,30대,1,1,0,0,5
4024,3.00,30대,1,1,0,0,5
4025,3.00,30대,1,1,1,0,5
4026,1.00,10대,1,1,0,0,5
4027,2.00,20대,1,1,0,0,5
4028,2.00,20대,1,1,1,0,5
4029,6.00,60대이상,0,1,0,0,5
4030,5.00,50대,1,1,0,0,5
4031,3.00,30대,1,1,0,0,4
4032,3.00,30대,0,0,0,0,5
4033,4.00,40대,0,1,0,0,4
4034,3.00,30대,0,1,0,0,5
4035,1.00,10대,0,1,0,0,5
4036,5.00,50대,0,1,0,0,5
4037,2.00,20대,1,1,0,0,5
4038,5.00,50대,1,1,0,0,5
4039,3.00,30대,1,1,0,0,5
4040,2.00,20대,1,1,0,0,4
4041,6.00,60대이상,0,1,0,0,4
4042,4.00,40대,1,1,0,0,5
4043,4.00,40대,0,1,0,0,5
4044,3.00,30대,1,1,0,0,5
4045,6.00,60대이상,0,1,1,0,5
4046,6.00,60대이상,0,1,0,0,4
4047,3.00,30대,1,1,0,1,4
4048,2.00,20대,1,1,0,0,4
4049,2.00,20대,0,1,0,0,5
4050,2.00,20대,1,0,0,0,5
4051,4.00,40대,1,1,0,0,5
4052,3.00,30대,1,1,0,1,5
4053,1.00,10대,1,1,0,0,4
4054,6.00,60대이상,0,0,0,0,5
4055,6.00,60대이상,1,1,0,0,5
4056,3.00,30대,1,1,0,1,5
4057,5.00,50대,0,1,0,0,5
4058,5.00,50대,0,0,0,0,5
4059,2.00,20대,1,1,0,1,5
4060,2.00,20대,0,1,0,1,5
4061,5.00,50대,0,1,0,0,4
4062,2.00,20대,1,1,0,0,5
4063,4.00,40대,1,1,0,0,5
4064,2.00,20대,0,1,1,0,5
4065,3.00,30대,0,1,0,0,5
4066,2.00,20대,0,1,1,0,5
4067,4.00,40대,0,1,0,0,5
4068,6.00,60대이상,1,1,0,0,4
4069,3.00,30대,0,1,0,0,5
4070,2.00,20대,0,1,0,0,3
4071,2.00,20대,0,1,0,0,5
4072,2.00,20대,1,1,0,0,5
4073,4.00,40대,0,1,0,0,4
4074,3.00,30대,1,1,0,0,5
4075,4.00,40대,1,1,0,0,4
4076,6.00,60대이상,0,1,0,0,4
4077,4.00,40대,0,1,0,0,4
4078,4.00,40대,0,1,0,0,5
4079,4.00,40대,1,1,1,0,5
4080,6.00,60대이상,1,1,0,1,4
4081,4.00,40대,1,1,0,0,5
4082,5.00,50대,0,1,1,0,3
4083,3.00,30대,0,1,0,0,5
4084,2.00,20대,1,1,0,1,5
4085,2.00,20대,0,1,0,0,5
4086,3.00,30대,1,1,0,0,4
4087,2.00,20대,1,1,1,0,5
4088,2.00,20대,1,1,0,0,5
4089,3.00,30대,1,1,1,0,5
4090,6.00,60대이상,1,1,0,0,5
4091,4.00,40대,1,1,0,0,5
4092,3.00,30대,0,1,1,0,4
4093,3.00,30대,0,1,0,0,5
4094,3.00,30대,0,1,0,0,4
4095,3.00,30대,1,1,0,0,5
4096,2.00,20대,1,1,0,0,4
4097,2.00,20대,0,1,0,0,4
4098,5.00,50대,1,1,1,0,5
4099,3.00,30대,1,1,0,0,4
4100,3.00,30대,1,1,1,0,5
4101,5.00,50대,1,1,0,0,5
4102,6.00,60대이상,0,1,0,0,4
4103,2.00,20대,0,1,1,0,4
4104,2.00,20대,1,1,0,0,5
4105,4.00,40대,1,1,0,1,4
4106,4.00,40대,1,1,0,0,5
4107,4.00,40대,0,1,0,0,5
4108,4.00,40대,0,1,0,0,5
4109,2.00,20대,0,1,0,0,5
4110,6.00,60대이상,0,1,0,0,5
4111,2.00,20대,0,1,0,0,5
4112,2.00,20대,1,0,0,0,5
4113,3.00,30대,1,1,1,0,5
4114,3.00,30대,0,1,0,0,5
4115,2.00,20대,0,1,0,0,5
4116,2.00,20대,0,1,0,0,5
4117,5.00,50대,1,1,0,0,5
4118,3.00,30대,1,1,0,0,5
4119,3.00,30대,0,1,0,0,5
4120,3.00,30대,1,1,0,0,5
4121,2.00,20대,0,1,0,0,5
4122,6.00,60대이상,0,0,0,0,5
4123,3.00,30대,1,1,0,0,5
4124,2.00,20대,1,1,0,0,4
4125,3.00,30대,1,1,1,0,4
4126,2.00,20대,0,1,0,0,5
4127,6.00,60대이상,0,1,0,0,4
4128,2.00,20대,1,1,0,1,5
4129,3.00,30대,0,1,0,1,5
4130,4.00,40대,1,1,0,0,5
4131,4.00,40대,1,1,0,0,5
4132,4.00,40대,0,1,0,0,4
4133,2.00,20대,0,1,0,0,3
4134,2.00,20대,1,1,0,0,5
4135,2.00,20대,1,1,0,0,3
4136,2.00,20대,1,1,0,0,5
4137,3.00,30대,0,1,0,0,5
4138,2.00,20대,1,1,0,0,4
4139,4.00,40대,0,1,0,0,5
4140,2.00,20대,0,1,1,0,5
4141,2.00,20대,1,1,0,0,5
4142,5.00,50대,0,1,0,0,5
4143,4.00,40대,1,1,0,0,5
4144,5.00,50대,0,1,0,0,4
4145,3.00,30대,0,1,0,0,4
4146,2.00,20대,1,1,0,0,5
4147,2.00,20대,0,0,0,1,5
4148,2.00,20대,0,0,0,0,5
4149,4.00,40대,0,1,0,0,4
4150,3.00,30대,0,0,0,0,3
4151,5.00,50대,0,1,0,0,4
4152,2.00,20대,1,1,0,0,5
4153,5.00,50대,1,1,0,0,4
4154,5.00,50대,0,1,0,0,5
4155,3.00,30대,1,1,0,0,5
4156,6.00,60대이상,0,1,0,0,4
4157,2.00,20대,1,1,0,0,4
4158,6.00,60대이상,1,1,1,0,4
4159,3.00,30대,1,1,0,0,5
4160,6.00,60대이상,1,1,0,0,5
4161,5.00,50대,0,1,0,0,5
4162,2.00,20대,1,1,0,0,5
4163,5.00,50대,0,1,0,0,4
4164,4.00,40대,1,1,0,0,5
4165,4.00,40대,0,1,0,0,5
4166,3.00,30대,1,1,0,1,4
4167,4.00,40대,0,1,0,0,4
4168,3.00,30대,1,1,0,0,5
4169,2.00,20대,1,1,0,1,4
4170,3.00,30대,1,1,0,0,5
4171,2.00,20대,1,1,0,0,4
4172,3.00,30대,1,1,0,0,5
4173,4.00,40대,1,1,0,0,4
4174,4.00,40대,1,1,0,0,5
4175,2.00,20대,1,0,0,0,5
4176,3.00,30대,0,1,0,0,4
4177,4.00,40대,1,1,0,1,5
4178,2.00,20대,1,1,0,0,5
4179,3.00,30대,1,1,0,1,5
4180,4.00,40대,1,1,0,0,5
4181,4.00,40대,1,1,0,0,3
4182,5.00,50대,0,1,0,0,4
4183,3.00,30대,1,1,1,0,5
4184,5.00,50대,1,1,1,0,4
4185,3.00,30대,0,1,0,0,5
4186,2.00,20대,1,1,0,1,5
4187,3.00,30대,1,1,1,0,5
4188,2.00,20대,1,1,0,0,5
4189,2.00,20대,1,1,0,0,5
4190,4.00,40대,0,1,0,0,4
4191,2.00,20대,1,1,0,0,5
4192,2.00,20대,1,1,1,0,5
4193,3.00,30대,1,1,1,0,5
4194,2.00,20대,1,1,0,0,5
4195,3.00,30대,1,1,0,1,4
4196,3.00,30대,0,1,0,0,4
4197,4.00,40대,1,1,0,0,5
4198,2.00,20대,0,1,0,0,5
4199,2.00,20대,1,1,0,0,5
4200,3.00,30대,1,1,0,1,5
4201,4.00,40대,0,1,0,0,4
4202,6.00,60대이상,0,0,0,0,5
4203,4.00,40대,1,1,0,0,4
4204,3.00,30대,1,1,0,0,4
4205,3.00,30대,1,1,0,1,5
4206,2.00,20대,1,1,0,0,5
4207,5.00,50대,1,1,0,0,5
4208,2.00,20대,1,1,0,0,5
4209,3.00,30대,1,1,0,0,5
4210,4.00,40대,1,1,0,0,5
4211,3.00,30대,0,1,0,0,4
4212,3.00,30대,1,1,1,0,5
4213,2.00,20대,0,1,0,0,5
4214,5.00,50대,1,1,0,0,5
4215,2.00,20대,0,1,0,0,5
4216,4.00,40대,1,1,0,0,5
4217,2.00,20대,1,1,1,0,4
4218,2.00,20대,1,1,1,0,4
4219,5.00,50대,1,1,1,0,5
4220,2.00,20대,1,1,0,0,5
4221,4.00,40대,1,1,0,0,4
4222,6.00,60대이상,0,1,1,0,4
4223,3.00,30대,1,1,0,0,5
4224,1.00,10대,1,1,0,0,5
4225,2.00,20대,0,1,0,0,4
4226,1.00,10대,1,1,0,0,4
4227,4.00,40대,0,1,1,0,4
4228,4.00,40대,1,1,0,0,4
4229,1.00,10대,0,1,0,0,4
4230,2.00,20대,1,1,0,0,5
4231,5.00,50대,1,1,0,0,5
4232,5.00,50대,1,1,0,1,5
4233,4.00,40대,0,1,0,0,5
4234,3.00,30대,0,1,0,0,4
4235,2.00,20대,1,1,0,0,5
4236,5.00,50대,1,1,0,0,4
4237,3.00,30대,1,1,1,0,5
4238,1.00,10대,1,1,0,0,5
4239,3.00,30대,0,1,0,1,5
4240,5.00,50대,1,1,0,0,5
4241,2.00,20대,1,0,0,0,5
4242,2.00,20대,0,1,0,0,5
4243,6.00,60대이상,0,1,0,0,4
4244,5.00,50대,1,1,0,0,5
4245,5.00,50대,0,0,0,0,5
4246,2.00,20대,1,1,0,0,5
4247,5.00,50대,0,1,0,0,5
4248,2.00,20대,1,1,1,0,5
4249,3.00,30대,0,1,0,0,4
4250,4.00,40대,0,0,0,0,5
4251,6.00,60대이상,0,1,0,0,4
4252,2.00,20대,0,1,0,0,4
4253,3.00,30대,1,1,0,0,4
4254,5.00,50대,0,1,0,0,5
4255,3.00,30대,0,1,0,0,5
4256,3.00,30대,0,1,0,0,4
4257,4.00,40대,1,1,0,0,5
4258,2.00,20대,1,1,0,1,5
4259,5.00,50대,1,1,0,0,4
4260,2.00,20대,0,1,0,0,5
4261,3.00,30대,0,1,0,0,5
4262,2.00,20대,0,1,1,0,5
4263,2.00,20대,0,1,0,0,5
4264,1.00,10대,1,1,0,0,4
4265,4.00,40대,0,0,1,0,4
4266,5.00,50대,1,1,0,0,5
4267,4.00,40대,0,1,0,0,5
4268,2.00,20대,1,1,0,0,4
4269,2.00,20대,0,0,0,1,5
4270,5.00,50대,0,1,0,1,3
4271,3.00,30대,0,1,0,0,4
4272,5.00,50대,0,0,0,1,4
4273,3.00,30대,1,1,0,1,5
4274,4.00,40대,0,0,1,0,5
4275,2.00,20대,1,1,0,0,5
4276,3.00,30대,1,1,0,0,5
4277,5.00,50대,0,1,0,0,5
4278,2.00,20대,0,1,0,0,5
4279,4.00,40대,0,1,0,1,5
4280,3.00,30대,1,1,0,0,5
4281,2.00,20대,0,1,1,0,5
4282,2.00,20대,0,1,1,0,5
4283,4.00,40대,0,0,0,1,5
4284,2.00,20대,0,1,0,0,5
4285,3.00,30대,1,1,1,0,5
4286,3.00,30대,1,1,0,1,3
4287,3.00,30대,0,1,0,0,5
4288,2.00,20대,1,1,0,0,5
4289,5.00,50대,1,1,0,0,5
4290,4.00,40대,1,1,0,0,5
4291,2.00,20대,1,1,0,0,5
4292,2.00,20대,0,1,0,0,5
4293,6.00,60대이상,0,1,0,0,5
4294,2.00,20대,0,1,1,0,5
4295,5.00,50대,0,1,0,1,4
4296,2.00,20대,1,1,0,1,4
4297,2.00,20대,0,1,0,0,4
4298,3.00,30대,0,1,0,0,5
4299,4.00,40대,0,1,0,0,5
4300,5.00,50대,0,1,0,0,5
4301,2.00,20대,0,0,0,0,4
4302,3.00,30대,1,1,0,0,5
4303,4.00,40대,0,1,1,0,5
4304,6.00,60대이상,1,1,0,0,5
4305,3.00,30대,1,1,0,0,4
4306,3.00,30대,0,1,0,0,3
4307,3.00,30대,1,1,0,1,4
4308,2.00,20대,0,1,0,0,5
4309,2.00,20대,0,1,0,0,4
4310,4.00,40대,0,1,0,0,5
4311,5.00,50대,1,1,0,0,5
4312,3.00,30대,1,0,1,0,5
4313,3.00,30대,1,1,0,0,5
4314,4.00,40대,1,1,0,0,5
4315,5.00,50대,0,1,0,0,5
4316,2.00,20대,1,1,0,0,4
4317,4.00,40대,0,1,0,0,5
4318,2.00,20대,0,1,0,0,5
4319,4.00,40대,0,1,0,0,4
4320,2.00,20대,0,1,0,1,4
4321,5.00,50대,0,1,0,0,3
4322,2.00,20대,1,1,0,0,5
4323,5.00,50대,0,1,1,0,4
4324,4.00,40대,0,1,0,0,5
4325,2.00,20대,0,1,0,0,5
4326,4.00,40대,0,1,0,0,5
4327,3.00,30대,0,1,0,0,5
4328,3.00,30대,0,1,0,0,5
4329,3.00,30대,0,1,1,0,5
4330,2.00,20대,1,1,0,0,5
4331,5.00,50대,0,1,0,0,5
4332,4.00,40대,1,1,0,0,4
4333,2.00,20대,1,1,1,0,5
4334,2.00,20대,1,1,1,0,5
4335,2.00,20대,0,1,0,0,5
4336,2.00,20대,1,1,0,0,5
4337,4.00,40대,1,1,0,0,4
4338,4.00,40대,1,1,0,0,5
4339,3.00,30대,0,1,0,0,4
4340,2.00,20대,1,1,0,0,5
4341,5.00,50대,0,1,0,0,5
4342,2.00,20대,0,1,0,0,5
4343,3.00,30대,0,1,0,0,4
4344,3.00,30대,1,1,0,0,4
4345,3.00,30대,1,1,0,0,5
4346,3.00,30대,1,1,0,0,5
4347,3.00,30대,0,1,0,0,4
4348,2.00,20대,0,1,1,0,4
4349,3.00,30대,0,1,0,0,4
4350,5.00,50대,0,1,0,0,5
4351,2.00,20대,0,1,1,0,5
4352,1.00,10대,0,1,0,0,5
4353,2.00,20대,1,1,0,0,4
4354,2.00,20대,1,1,0,0,5
4355,4.00,40대,0,1,0,0,5
4356,2.00,20대,1,1,0,0,5
4357,4.00,40대,0,1,0,0,4
4358,4.00,40대,1,1,0,0,5
4359,3.00,30대,0,1,0,1,5
4360,3.00,30대,0,1,0,0,5
4361,2.00,20대,1,1,0,0,4
4362,2.00,20대,1,1,0,0,5
4363,2.00,20대,0,1,0,0,5
4364,3.00,30대,0,1,0,0,5
4365,2.00,20대,1,1,0,0,5
4366,2.00,20대,0,1,0,0,5
4367,2.00,20대,1,1,0,1,5
4368,5.00,50대,1,1,0,1,5
4369,4.00,40대,0,1,0,0,4
4370,2.00,20대,0,1,0,0,5
4371,5.00,50대,0,1,0,0,4
4372,3.00,30대,1,1,1,0,5
4373,3.00,30대,0,1,0,0,5
4374,2.00,20대,1,1,1,0,4
4375,2.00,20대,1,1,1,0,5
4376,2.00,20대,0,1,0,0,5
4377,2.00,20대,1,1,0,0,5
4378,3.00,30대,1,1,0,1,5
4379,2.00,20대,1,1,0,0,5
4380,3.00,30대,1,1,1,0,5
4381,3.00,30대,0,1,0,0,5
4382,4.00,40대,0,1,1,0,5
4383,5.00,50대,1,1,0,0,4
4384,1.00,10대,1,1,1,0,5
4385,2.00,20대,0,1,0,0,5
4386,2.00,20대,1,1,0,0,4
4387,5.00,50대,0,1,0,0,5
4388,3.00,30대,0,1,0,0,5
4389,2.00,20대,1,1,0,0,5
4390,4.00,40대,1,1,0,0,5
4391,2.00,20대,0,1,0,0,5
4392,2.00,20대,1,1,0,0,5
4393,2.00,20대,0,1,0,0,3
4394,3.00,30대,1,1,0,0,4
4395,2.00,20대,0,1,0,0,5
4396,4.00,40대,1,1,0,0,5
4397,3.00,30대,1,1,0,0,5
4398,3.00,30대,0,1,0,0,5
4399,5.00,50대,1,0,0,0,4
4400,3.00,30대,1,1,0,0,4
4401,2.00,20대,1,1,1,0,5
4402,6.00,60대이상,0,1,0,1,5
4403,2.00,20대,0,1,0,0,3
4404,4.00,40대,0,0,0,0,3
4405,5.00,50대,1,1,0,1,4
4406,4.00,40대,1,0,1,0,5
4407,3.00,30대,1,1,0,0,5
4408,5.00,50대,1,1,0,0,5
4409,3.00,30대,0,1,0,0,5
4410,4.00,40대,1,1,0,1,5
4411,5.00,50대,1,0,1,0,5
4412,5.00,50대,1,1,0,0,4
4413,2.00,20대,1,1,0,0,3
4414,2.00,20대,0,1,0,0,5
4415,3.00,30대,0,0,1,0,5
4416,2.00,20대,0,1,0,0,5
4417,3.00,30대,1,0,0,0,5
4418,4.00,40대,1,1,0,0,5
4419,4.00,40대,1,0,1,0,5
4420,2.00,20대,1,1,0,0,5
4421,5.00,50대,1,1,0,1,4
4422,4.00,40대,0,1,0,0,5
4423,3.00,30대,0,1,0,0,5
4424,2.00,20대,1,1,0,1,5
4425,2.00,20대,1,1,0,0,5
4426,4.00,40대,0,1,0,0,5
4427,2.00,20대,0,1,0,0,5
4428,2.00,20대,1,0,0,0,4
4429,3.00,30대,0,0,0,0,5
4430,2.00,20대,1,1,0,0,4
4431,2.00,20대,0,1,0,0,4
4432,2.00,20대,1,1,0,0,5
4433,4.00,40대,0,1,0,0,3
4434,2.00,20대,1,1,0,0,5
4435,4.00,40대,1,1,0,0,5
4436,2.00,20대,1,0,0,0,5
4437,4.00,40대,0,1,0,0,5
4438,4.00,40대,1,1,1,0,5
4439,2.00,20대,0,1,0,0,5
4440,3.00,30대,1,1,0,0,4
4441,2.00,20대,0,1,0,0,5
4442,5.00,50대,0,1,0,0,5
4443,5.00,50대,1,1,0,0,5
4444,4.00,40대,0,1,0,0,5
4445,2.00,20대,1,1,0,0,5
4446,2.00,20대,0,1,0,0,5
4447,2.00,20대,1,1,0,1,4
4448,4.00,40대,1,1,0,0,5
4449,1.00,10대,0,1,0,0,5
4450,5.00,50대,0,0,0,0,5
4451,2.00,20대,0,0,0,0,5
4452,2.00,20대,1,1,0,0,5
4453,2.00,20대,1,1,0,0,4
4454,4.00,40대,0,1,0,0,5
4455,5.00,50대,1,0,0,0,4
4456,2.00,20대,1,1,0,0,5
4457,3.00,30대,0,1,0,0,5
4458,2.00,20대,0,1,0,0,5
4459,5.00,50대,1,0,0,0,5
4460,3.00,30대,0,1,0,0,5
4461,2.00,20대,1,0,0,0,5
4462,4.00,40대,1,1,0,0,5
4463,3.00,30대,1,1,0,0,5
4464,2.00,20대,1,1,0,1,5
4465,5.00,50대,0,0,0,0,5
4466,4.00,40대,1,0,1,0,4
4467,2.00,20대,1,1,0,1,5
4468,3.00,30대,1,1,1,0,5
4469,3.00,30대,0,1,0,0,5
4470,4.00,40대,0,0,0,0,5
4471,3.00,30대,1,1,0,0,5
4472,4.00,40대,1,1,0,0,5
4473,3.00,30대,0,1,1,0,5
4474,2.00,20대,0,1,1,0,5
4475,3.00,30대,1,1,0,0,4
4476,4.00,40대,0,1,0,0,5
4477,3.00,30대,1,1,1,0,5
4478,3.00,30대,0,0,0,0,4
4479,3.00,30대,0,1,0,0,5
4480,4.00,40대,1,1,0,0,5
4481,3.00,30대,1,1,0,0,5
4482,2.00,20대,1,1,1,0,5
4483,2.00,20대,1,1,0,1,5
4484,1.00,10대,1,1,0,0,5
4485,4.00,40대,1,1,0,0,5
4486,2.00,20대,1,1,0,0,5
4487,2.00,20대,0,1,0,0,5
4488,3.00,30대,1,1,0,0,5
4489,2.00,20대,0,1,0,1,4
4490,3.00,30대,0,1,0,1,4
4491,2.00,20대,0,1,0,0,5
4492,4.00,40대,0,1,0,0,4
4493,2.00,20대,1,1,0,0,5
4494,5.00,50대,0,1,0,0,4
4495,2.00,20대,0,1,0,0,4
4496,2.00,20대,1,1,0,0,5
4497,5.00,50대,0,0,0,1,5
4498,2.00,20대,0,1,1,0,5
4499,2.00,20대,0,1,0,0,4
4500,3.00,30대,0,1,0,0,5
4501,2.00,20대,0,0,0,0,5
4502,4.00,40대,1,0,0,0,4
4503,2.00,20대,0,1,0,1,4
4504,5.00,50대,0,0,1,0,5
4505,2.00,20대,1,1,1,0,5
4506,3.00,30대,0,1,0,0,5
4507,5.00,50대,0,1,0,0,5
4508,5.00,50대,0,1,0,0,5
4509,5.00,50대,0,0,1,0,5
4510,2.00,20대,0,1,0,0,5
4511,4.00,40대,1,1,0,0,5
4512,2.00,20대,0,1,0,0,5
4513,3.00,30대,0,0,0,0,4
4514,3.00,30대,1,1,0,0,5
4515,5.00,50대,0,1,1,0,5
4516,3.00,30대,1,1,0,0,5
4517,3.00,30대,0,1,0,0,4
4518,5.00,50대,0,0,0,0,5
4519,2.00,20대,0,1,0,0,4
4520,4.00,40대,0,0,0,1,5
4521,3.00,30대,1,1,0,0,4
4522,3.00,30대,0,1,0,0,4
4523,4.00,40대,1,1,0,0,5
4524,3.00,30대,1,1,0,1,4
4525,2.00,20대,0,1,0,0,5
4526,2.00,20대,0,0,0,1,5
4527,2.00,20대,0,1,0,0,3
4528,4.00,40대,0,1,0,0,4
4529,3.00,30대,0,1,0,0,5
4530,4.00,40대,0,1,0,0,5
4531,3.00,30대,0,1,0,1,5
4532,5.00,50대,0,1,0,0,5
4533,3.00,30대,1,1,1,0,5
4534,3.00,30대,0,1,0,0,4
4535,3.00,30대,1,1,0,0,3
4536,2.00,20대,0,1,0,0,5
4537,5.00,50대,1,1,0,0,5
4538,2.00,20대,1,1,0,0,5
4539,3.00,30대,1,1,0,0,5
4540,3.00,30대,1,1,0,0,5
4541,3.00,30대,1,1,0,0,5
4542,3.00,30대,0,1,0,0,5
4543,4.00,40대,1,1,0,0,3
4544,3.00,30대,0,1,0,0,5
4545,4.00,40대,1,1,0,1,5
4546,3.00,30대,0,0,0,0,5
4547,2.00,20대,1,1,0,0,4
4548,2.00,20대,1,1,0,0,4
4549,5.00,50대,0,1,0,0,5
4550,2.00,20대,0,1,0,0,5
4551,3.00,30대,0,1,0,0,4
4552,3.00,30대,1,1,0,0,5
4553,4.00,40대,0,1,1,0,4
4554,3.00,30대,1,1,1,0,4
4555,3.00,30대,1,0,0,0,5
4556,6.00,60대이상,0,1,0,0,5
4557,6.00,60대이상,1,1,0,0,5
4558,4.00,40대,1,1,0,0,4
4559,2.00,20대,1,1,0,1,5
4560,3.00,30대,1,1,0,0,4
4561,4.00,40대,1,1,0,0,4
4562,3.00,30대,0,1,0,0,5
4563,2.00,20대,0,1,0,0,5
4564,3.00,30대,0,1,1,0,5
4565,2.00,20대,1,1,1,0,5
4566,4.00,40대,1,1,0,0,5
4567,3.00,30대,1,1,0,0,5
4568,2.00,20대,0,0,1,0,5
4569,3.00,30대,1,1,0,0,5
4570,5.00,50대,1,1,0,0,5
4571,3.00,30대,1,1,0,0,5
4572,2.00,20대,0,1,0,0,5
4573,4.00,40대,0,1,0,0,5
4574,1.00,10대,0,1,0,0,5
4575,2.00,20대,1,1,0,1,5
4576,3.00,30대,1,1,0,0,4
4577,5.00,50대,0,1,0,0,4
4578,4.00,40대,0,1,0,0,4
4579,6.00,60대이상,1,1,0,0,5
4580,2.00,20대,1,1,1,0,5
4581,3.00,30대,1,1,0,0,5
4582,2.00,20대,0,1,1,0,5
4583,2.00,20대,0,1,1,0,5
4584,3.00,30대,0,1,0,0,4
4585,2.00,20대,0,1,0,0,5
4586,4.00,40대,0,1,0,0,4
4587,5.00,50대,1,1,0,0,4
4588,2.00,20대,1,1,1,0,5
4589,2.00,20대,1,1,0,1,5
4590,5.00,50대,0,1,0,0,5
4591,2.00,20대,1,1,0,0,5
4592,2.00,20대,1,1,0,1,5
4593,3.00,30대,1,1,0,1,5
4594,3.00,30대,0,1,0,0,4
4595,3.00,30대,0,1,0,0,5
4596,3.00,30대,1,1,0,0,4
4597,5.00,50대,0,1,0,0,5
4598,3.00,30대,0,1,0,1,4
4599,2.00,20대,1,1,1,0,5
4600,1.00,10대,1,1,0,1,5
4601,4.00,40대,1,1,0,0,4
4602,5.00,50대,1,1,0,0,5
4603,4.00,40대,0,1,0,0,5
4604,5.00,50대,1,1,0,1,5
4605,3.00,30대,0,1,0,1,5
4606,3.00,30대,1,1,1,0,5
4607,2.00,20대,1,1,0,1,4
4608,5.00,50대,0,0,0,0,5
4609,2.00,20대,1,1,0,0,5
4610,6.00,60대이상,1,1,0,0,5
4611,5.00,50대,1,1,0,0,5
4612,4.00,40대,0,0,0,1,5
4613,5.00,50대,1,1,0,0,5
4614,2.00,20대,1,1,0,0,5
4615,3.00,30대,0,0,0,0,5
4616,5.00,50대,0,1,0,0,5
4617,2.00,20대,0,1,0,0,5
4618,2.00,20대,1,1,0,0,5
4619,2.00,20대,0,1,1,0,5
4620,2.00,20대,0,1,1,0,5
4621,1.00,10대,0,1,0,0,5
4622,2.00,20대,1,1,0,0,4
4623,4.00,40대,1,1,0,0,5
4624,2.00,20대,1,1,1,0,5
4625,4.00,40대,1,1,0,0,4
4626,5.00,50대,0,1,0,0,4
4627,2.00,20대,1,1,0,0,5
4628,3.00,30대,1,1,0,0,4
4629,4.00,40대,1,0,0,0,5
4630,4.00,40대,1,0,0,0,5
4631,4.00,40대,0,0,0,1,5
4632,3.00,30대,0,0,0,0,5
4633,1.00,10대,1,0,0,0,5
4634,6.00,60대이상,1,1,0,0,4
4635,5.00,50대,0,1,0,0,4
4636,2.00,20대,0,1,0,0,5
4637,4.00,40대,0,1,0,0,5
4638,2.00,20대,0,1,0,0,5
4639,2.00,20대,1,1,0,0,5
4640,1.00,10대,0,1,0,0,5
4641,2.00,20대,0,1,1,0,5
4642,2.00,20대,1,1,0,0,5
4643,3.00,30대,0,1,0,0,5
4644,3.00,30대,0,1,0,1,5
4645,2.00,20대,0,1,0,0,5
4646,5.00,50대,1,1,0,0,5
4647,1.00,10대,0,1,0,0,4
4648,3.00,30대,0,1,1,0,3
4649,1.00,10대,0,1,0,1,5
4650,3.00,30대,0,1,0,0,5
4651,3.00,30대,1,1,0,1,5
4652,2.00,20대,1,1,0,0,5
4653,3.00,30대,1,1,0,0,4
4654,6.00,60대이상,1,1,0,0,5
4655,2.00,20대,1,1,0,0,5
4656,3.00,30대,1,1,0,0,5
4657,2.00,20대,1,1,0,1,5
4658,6.00,60대이상,1,1,1,0,4
4659,4.00,40대,1,1,0,0,5
4660,4.00,40대,1,1,1,0,5
4661,2.00,20대,1,1,0,0,5
4662,1.00,10대,0,1,0,0,5
4663,2.00,20대,0,1,1,0,5
4664,5.00,50대,0,1,0,0,4
4665,3.00,30대,1,1,0,0,5
4666,5.00,50대,1,1,0,0,5
4667,5.00,50대,0,1,0,0,4
4668,2.00,20대,1,1,0,0,5
4669,3.00,30대,1,1,1,0,5
4670,1.00,10대,1,1,0,0,5
4671,3.00,30대,1,0,0,0,4
4672,3.00,30대,0,1,0,0,5
4673,3.00,30대,1,1,0,1,5
4674,5.00,50대,0,1,0,0,5
4675,4.00,40대,0,1,0,0,5
4676,4.00,40대,1,1,0,0,5
4677,4.00,40대,0,1,0,0,5
4678,2.00,20대,1,0,0,0,5
4679,4.00,40대,1,0,0,0,5
4680,2.00,20대,1,0,0,0,5
4681,1.00,10대,1,1,0,0,5
4682,6.00,60대이상,1,1,0,0,5
4683,6.00,60대이상,0,1,0,0,5
4684,2.00,20대,0,1,0,0,5
4685,4.00,40대,1,1,0,0,5
4686,5.00,50대,0,1,1,0,5
4687,4.00,40대,1,1,0,0,5
4688,4.00,40대,1,1,1,0,5
4689,3.00,30대,1,1,1,0,5
4690,2.00,20대,1,1,0,0,5
4691,2.00,20대,0,1,0,0,4
4692,3.00,30대,1,1,1,0,5
4693,2.00,20대,1,1,0,0,5
4694,4.00,40대,1,1,1,0,5
4695,2.00,20대,0,0,0,0,5
4696,4.00,40대,0,1,0,0,5
4697,2.00,20대,1,1,0,1,5
4698,4.00,40대,1,1,0,0,4
4699,1.00,10대,0,1,0,0,5
4700,5.00,50대,1,1,0,0,5
4701,3.00,30대,0,0,0,0,5
4702,1.00,10대,0,0,0,0,5
4703,3.00,30대,0,1,0,0,5
4704,5.00,50대,1,1,0,0,5
4705,5.00,50대,1,1,0,0,4
4706,4.00,40대,0,1,0,0,5
4707,2.00,20대,0,1,0,0,5
4708,3.00,30대,1,1,0,1,5
4709,3.00,30대,0,1,0,0,5
4710,2.00,20대,1,1,0,0,4
4711,3.00,30대,0,1,0,0,4
4712,2.00,20대,0,1,0,0,5
4713,5.00,50대,0,0,0,0,4
4714,2.00,20대,0,1,1,0,5
4715,5.00,50대,0,1,0,0,5
4716,2.00,20대,1,1,0,1,4
4717,4.00,40대,1,1,0,0,5
4718,5.00,50대,0,1,0,1,4
4719,3.00,30대,1,1,0,0,5
4720,2.00,20대,0,1,0,1,4
4721,3.00,30대,1,1,0,0,4
4722,2.00,20대,1,1,0,0,5
4723,3.00,30대,1,1,0,0,4
4724,1.00,10대,1,0,0,0,4
4725,2.00,20대,1,0,0,0,3
4726,2.00,20대,1,0,0,0,5
4727,3.00,30대,0,1,0,0,5
4728,3.00,30대,1,1,0,1,4
4729,3.00,30대,1,1,0,0,4
4730,2.00,20대,1,0,0,0,5
4731,2.00,20대,1,1,0,0,4
4732,5.00,50대,1,1,0,0,5
4733,2.00,20대,1,1,0,0,5
4734,3.00,30대,1,1,0,0,5
4735,2.00,20대,0,1,0,0,4
4736,4.00,40대,1,1,0,1,5
4737,4.00,40대,1,0,1,0,5
4738,2.00,20대,1,1,0,0,5
4739,3.00,30대,1,1,0,0,5
4740,6.00,60대이상,1,1,0,0,5
4741,5.00,50대,0,1,0,0,5
4742,3.00,30대,0,1,0,0,4
4743,2.00,20대,0,1,0,0,5
4744,5.00,50대,1,1,1,0,5
4745,2.00,20대,0,0,0,1,4
4746,4.00,40대,1,1,0,0,5
4747,2.00,20대,1,1,0,0,4
4748,5.00,50대,1,1,0,0,5
4749,5.00,50대,1,0,0,0,5
4750,2.00,20대,1,1,0,0,4
4751,2.00,20대,1,1,0,1,4
4752,4.00,40대,1,1,0,1,5
4753,4.00,40대,1,1,0,0,4
4754,3.00,30대,1,1,0,0,5
4755,2.00,20대,1,1,0,0,5
4756,2.00,20대,0,1,1,0,5
4757,2.00,20대,1,1,0,1,5
4758,3.00,30대,1,1,1,0,5
4759,5.00,50대,1,0,0,0,5
4760,2.00,20대,1,1,0,0,4
4761,2.00,20대,1,1,0,0,5
4762,2.00,20대,1,1,0,0,5
4763,2.00,20대,0,1,0,0,3
4764,3.00,30대,1,0,0,0,4
4765,2.00,20대,1,1,0,0,4
4766,2.00,20대,0,1,0,0,5
4767,3.00,30대,1,0,0,0,5
4768,2.00,20대,1,1,0,0,3
4769,4.00,40대,1,1,0,0,5
4770,2.00,20대,0,1,1,0,5
4771,2.00,20대,1,1,0,0,4
4772,5.00,50대,0,1,0,1,5
4773,4.00,40대,1,1,1,0,4
4774,2.00,20대,1,0,0,0,4
4775,2.00,20대,0,1,1,0,5
4776,3.00,30대,1,0,0,0,4
4777,3.00,30대,1,1,1,0,5
4778,2.00,20대,1,1,0,0,5
4779,5.00,50대,1,0,0,0,4
4780,2.00,20대,1,1,0,0,5
4781,6.00,60대이상,1,1,0,0,5
4782,2.00,20대,0,1,0,0,5
4783,2.00,20대,1,1,0,0,5
4784,3.00,30대,1,1,0,0,4
4785,2.00,20대,1,1,0,0,5
4786,3.00,30대,1,1,0,0,5
4787,6.00,60대이상,1,1,0,0,5
4788,2.00,20대,1,1,0,0,5
4789,4.00,40대,1,1,0,0,5
4790,3.00,30대,0,1,0,0,5
4791,2.00,20대,0,1,0,0,5
4792,3.00,30대,1,1,0,0,5
4793,5.00,50대,1,1,0,0,5
4794,2.00,20대,1,0,0,0,5
4795,5.00,50대,0,0,0,0,5
4796,4.00,40대,1,0,0,0,4
4797,2.00,20대,1,1,0,0,5
4798,3.00,30대,0,1,0,0,5
4799,4.00,40대,0,1,0,1,4
4800,4.00,40대,0,0,0,0,5
4801,3.00,30대,1,0,0,0,5
4802,3.00,30대,1,1,0,1,4
4803,2.00,20대,1,1,0,1,4
4804,4.00,40대,1,0,0,0,5
4805,2.00,20대,1,1,0,0,5
4806,4.00,40대,0,0,0,0,5
4807,5.00,50대,1,0,0,0,4
4808,3.00,30대,1,1,0,0,5
4809,2.00,20대,0,1,0,0,4
4810,6.00,60대이상,1,1,0,0,5
4811,2.00,20대,0,1,1,0,4
4812,5.00,50대,1,0,0,0,4
4813,5.00,50대,1,1,0,0,5
4814,2.00,20대,0,1,0,0,5
4815,4.00,40대,0,1,0,0,5
4816,4.00,40대,1,1,0,0,5
4817,4.00,40대,1,0,0,0,4
4818,2.00,20대,1,1,0,0,5
4819,3.00,30대,1,0,0,1,5
4820,4.00,40대,1,0,0,0,4
4821,5.00,50대,0,1,0,0,5
4822,5.00,50대,1,0,0,0,4
4823,2.00,20대,0,1,0,0,5
4824,2.00,20대,1,1,0,0,5
4825,2.00,20대,1,1,0,0,5
4826,2.00,20대,0,1,0,1,5
4827,3.00,30대,1,1,0,0,4
4828,4.00,40대,1,1,1,0,5
4829,2.00,20대,1,1,0,0,4
4830,3.00,30대,1,1,0,1,5
4831,3.00,30대,1,1,0,0,5
4832,3.00,30대,0,1,0,1,5
4833,5.00,50대,0,1,0,0,5
4834,3.00,30대,1,0,0,0,5
4835,3.00,30대,0,1,0,0,5
4836,3.00,30대,1,1,0,0,4
4837,3.00,30대,0,1,1,0,5
4838,3.00,30대,1,1,0,0,5
4839,3.00,30대,0,1,0,1,4
4840,2.00,20대,1,1,0,1,5
4841,3.00,30대,0,1,1,0,5
4842,2.00,20대,1,1,1,0,4
4843,4.00,40대,1,1,0,0,4
4844,4.00,40대,0,1,0,0,4
4845,4.00,40대,0,1,0,0,5
4846,4.00,40대,1,1,0,1,5
4847,2.00,20대,1,1,1,0,4
4848,6.00,60대이상,0,1,1,0,5
4849,2.00,20대,1,1,0,0,4
4850,5.00,50대,1,0,0,0,4
4851,4.00,40대,0,1,0,0,4
4852,2.00,20대,0,1,1,0,5
4853,4.00,40대,0,1,1,0,4
4854,2.00,20대,1,1,0,0,5
4855,5.00,50대,0,1,0,0,4
4856,3.00,30대,0,0,0,1,5
4857,5.00,50대,0,1,0,1,5
4858,2.00,20대,0,1,0,0,5
4859,2.00,20대,0,1,0,1,5
4860,2.00,20대,0,1,0,0,5
4861,2.00,20대,1,1,0,0,5
4862,4.00,40대,1,1,0,1,5
4863,4.00,40대,0,1,1,0,5
4864,4.00,40대,0,1,0,1,5
4865,3.00,30대,1,1,0,0,4
4866,3.00,30대,1,1,0,1,5
4867,3.00,30대,1,1,0,0,5
4868,2.00,20대,1,1,0,0,5
4869,2.00,20대,0,1,0,0,4
4870,4.00,40대,0,1,0,1,5
4871,2.00,20대,1,1,0,0,5
4872,2.00,20대,1,1,0,0,5
4873,2.00,20대,1,1,0,1,4
4874,2.00,20대,1,1,0,0,5
4875,3.00,30대,0,1,0,1,5
4876,3.00,30대,1,1,0,0,4
4877,2.00,20대,1,1,0,1,4
4878,3.00,30대,0,0,1,0,4
4879,3.00,30대,0,0,0,0,4
4880,2.00,20대,0,1,0,1,4
4881,3.00,30대,1,1,0,1,4
4882,4.00,40대,1,1,0,0,5
4883,3.00,30대,1,1,0,0,5
4884,2.00,20대,1,0,1,0,5
4885,5.00,50대,0,1,0,0,5
4886,2.00,20대,0,1,0,0,5
4887,2.00,20대,1,1,0,0,4
4888,3.00,30대,1,1,0,0,5
4889,3.00,30대,1,1,0,0,5
4890,5.00,50대,0,1,0,0,5
4891,4.00,40대,0,1,0,0,5
4892,2.00,20대,1,1,0,0,5
4893,2.00,20대,0,1,0,1,5
4894,2.00,20대,0,1,1,0,5
4895,4.00,40대,1,1,1,0,5
4896,3.00,30대,1,1,1,0,5
4897,2.00,20대,0,1,0,0,5
4898,2.00,20대,1,0,0,0,5
4899,3.00,30대,0,1,0,0,4
4900,2.00,20대,1,1,0,0,5
4901,4.00,40대,1,1,0,0,4
4902,3.00,30대,1,1,0,0,5
4903,4.00,40대,0,1,1,0,5
4904,6.00,60대이상,0,1,0,1,5
4905,2.00,20대,0,1,0,0,5
4906,2.00,20대,1,1,0,0,5
4907,2.00,20대,1,1,0,0,4
4908,3.00,30대,0,1,0,0,5
4909,4.00,40대,1,1,0,0,5
4910,2.00,20대,1,1,0,0,5
4911,2.00,20대,1,1,0,0,5
4912,2.00,20대,0,1,0,0,5
4913,2.00,20대,0,1,0,0,4
4914,3.00,30대,0,1,0,0,4
4915,2.00,20대,1,1,0,0,4
4916,4.00,40대,0,0,0,0,5
4917,2.00,20대,1,1,0,0,5
4918,3.00,30대,1,1,0,0,4
4919,4.00,40대,0,0,0,0,5
4920,6.00,60대이상,0,1,0,0,4
4921,5.00,50대,0,1,0,0,4
4922,2.00,20대,1,0,0,0,5
4923,6.00,60대이상,1,1,0,0,5
4924,2.00,20대,0,1,0,0,5
4925,2.00,20대,1,1,1,0,5
4926,2.00,20대,0,1,0,1,4
4927,3.00,30대,1,1,1,0,4
4928,3.00,30대,1,0,0,0,5
4929,2.00,20대,0,1,0,0,5
4930,2.00,20대,1,1,0,0,5
4931,2.00,20대,1,1,0,0,5
4932,3.00,30대,1,1,0,0,5
4933,4.00,40대,1,1,0,0,5
4934,3.00,30대,1,1,1,0,5
4935,2.00,20대,0,0,0,0,4
4936,3.00,30대,1,1,0,1,4
4937,4.00,40대,1,0,0,0,5
4938,3.00,30대,1,1,0,0,5
4939,3.00,30대,1,1,1,0,5
4940,3.00,30대,1,1,0,0,5
4941,2.00,20대,0,1,0,0,4
4942,2.00,20대,0,1,0,0,4
4943,2.00,20대,0,1,0,1,5
4944,3.00,30대,0,1,0,0,5
4945,2.00,20대,0,1,0,0,5
4946,4.00,40대,1,1,0,0,5
4947,3.00,30대,1,0,0,1,5
4948,3.00,30대,0,1,0,0,5
4949,6.00,60대이상,0,1,1,0,5
4950,2.00,20대,0,1,0,0,4
4951,2.00,20대,1,1,0,0,5
4952,4.00,40대,0,1,0,0,5
4953,2.00,20대,0,1,1,0,5
4954,4.00,40대,1,1,0,0,5
4955,2.00,20대,1,1,0,1,5
4956,4.00,40대,0,1,0,0,5
4957,5.00,50대,1,1,1,0,4
4958,2.00,20대,1,1,0,1,5
4959,2.00,20대,0,1,0,0,4
4960,3.00,30대,0,1,0,0,5
4961,4.00,40대,0,1,0,0,5
4962,4.00,40대,1,1,0,0,5
4963,3.00,30대,0,1,0,0,5
4964,3.00,30대,0,1,1,0,5
4965,2.00,20대,1,1,0,0,5
4966,2.00,20대,1,1,1,0,5
4967,3.00,30대,0,1,0,0,5
4968,4.00,40대,0,1,0,0,5
4969,3.00,30대,1,1,1,0,5
4970,2.00,20대,1,1,1,0,5
4971,2.00,20대,0,1,0,0,3
4972,4.00,40대,1,1,0,0,5
4973,4.00,40대,1,1,0,1,5
4974,2.00,20대,0,0,1,0,5
4975,2.00,20대,0,1,0,1,3
4976,2.00,20대,0,1,0,1,5
4977,3.00,30대,1,1,0,0,5
4978,2.00,20대,1,1,0,0,5
4979,1.00,10대,1,1,0,0,5
4980,5.00,50대,1,1,0,0,4
4981,2.00,20대,0,1,1,0,5
4982,3.00,30대,0,1,0,1,5
4983,5.00,50대,1,1,0,0,5
4984,2.00,20대,1,1,0,1,4
4985,4.00,40대,1,1,0,0,4
4986,2.00,20대,0,1,0,0,5
4987,2.00,20대,0,1,0,0,5
4988,3.00,30대,0,1,0,1,5
4989,2.00,20대,0,1,0,0,5
4990,4.00,40대,0,1,0,0,4
4991,6.00,60대이상,0,1,0,0,5
4992,6.00,60대이상,1,1,0,0,5
4993,5.00,50대,0,1,1,0,5
4994,5.00,50대,0,0,0,1,5
4995,2.00,20대,0,1,0,0,5
4996,4.00,40대,1,1,1,0,5
4997,3.00,30대,0,1,0,1,5
4998,4.00,40대,1,1,1,0,4
4999,1.00,10대,0,1,0,0,4
5000,4.00,40대,0,1,0,1,5
5001,2.00,20대,0,1,0,0,5
5002,4.00,40대,1,1,0,1,5
5003,4.00,40대,1,1,0,0,5
5004,1.00,10대,0,1,0,0,5
5005,5.00,50대,1,1,1,0,5
5006,5.00,50대,1,1,0,0,5
5007,6.00,60대이상,1,0,0,1,5
5008,4.00,40대,1,1,0,0,4
5009,2.00,20대,0,1,1,0,5
5010,3.00,30대,1,1,1,0,5
5011,2.00,20대,0,1,0,0,5
5012,3.00,30대,1,1,1,0,5
5013,3.00,30대,0,0,1,0,5
5014,6.00,60대이상,0,1,0,0,5
5015,2.00,20대,0,1,1,0,3
5016,4.00,40대,0,1,0,1,5
5017,4.00,40대,1,1,0,0,4
5018,5.00,50대,1,0,1,0,5
5019,3.00,30대,1,1,0,0,5
5020,3.00,30대,0,1,0,1,5
5021,5.00,50대,1,1,0,0,4
5022,5.00,50대,0,0,1,0,4
5023,3.00,30대,1,1,0,1,5
5024,2.00,20대,1,1,0,0,5
5025,3.00,30대,1,1,1,0,4
5026,2.00,20대,1,1,0,0,5
5027,5.00,50대,1,1,0,0,5
5028,4.00,40대,1,1,1,0,4
5029,6.00,60대이상,0,1,1,0,5
5030,3.00,30대,0,1,0,0,5
5031,5.00,50대,0,1,0,0,4
5032,2.00,20대,0,1,0,0,5
5033,2.00,20대,0,1,0,0,4
5034,3.00,30대,1,1,0,0,5
5035,2.00,20대,0,1,0,1,4
5036,2.00,20대,1,1,0,0,5
5037,5.00,50대,1,0,0,0,5
5038,2.00,20대,0,1,1,0,5
5039,4.00,40대,1,1,0,1,5
5040,2.00,20대,1,1,0,0,5
5041,2.00,20대,0,1,0,1,5
5042,2.00,20대,0,1,1,0,5
5043,2.00,20대,1,1,1,0,3
5044,5.00,50대,1,0,0,0,5
5045,6.00,60대이상,1,1,0,0,5
5046,3.00,30대,0,1,0,0,5
5047,2.00,20대,1,1,1,0,5
5048,3.00,30대,1,1,0,0,5
5049,2.00,20대,0,1,1,0,5
5050,2.00,20대,1,1,1,0,4
5051,2.00,20대,0,1,0,0,5
5052,2.00,20대,1,1,0,0,5
5053,5.00,50대,0,1,0,0,5
5054,5.00,50대,1,1,1,0,5
5055,5.00,50대,0,1,0,0,4
5056,3.00,30대,0,0,1,0,5
5057,2.00,20대,1,1,0,0,4
5058,5.00,50대,1,1,0,0,5
5059,3.00,30대,0,1,0,0,5
5060,2.00,20대,1,1,0,0,5
5061,2.00,20대,1,1,0,0,5
5062,3.00,30대,1,1,0,0,5
5063,4.00,40대,1,1,0,0,4
5064,6.00,60대이상,0,1,0,0,4
5065,2.00,20대,1,1,0,0,4
5066,3.00,30대,0,1,0,0,5
5067,3.00,30대,1,1,0,0,5
5068,5.00,50대,0,1,0,0,4
5069,4.00,40대,1,1,0,0,4
5070,4.00,40대,1,1,0,0,5
5071,3.00,30대,1,1,0,0,4
5072,3.00,30대,1,1,1,0,3
5073,3.00,30대,1,1,0,1,5
5074,2.00,20대,1,1,0,0,4
5075,2.00,20대,1,1,0,1,5
5076,3.00,30대,1,1,0,1,4
5077,4.00,40대,0,1,0,0,5
5078,4.00,40대,1,1,0,0,3
5079,5.00,50대,1,1,0,0,5
5080,3.00,30대,0,1,1,0,5
5081,6.00,60대이상,1,1,0,0,5
5082,3.00,30대,0,1,1,0,4
5083,3.00,30대,1,1,1,0,5
5084,2.00,20대,1,1,0,0,4
5085,2.00,20대,0,1,0,1,5
5086,4.00,40대,1,0,0,0,5
5087,2.00,20대,0,1,0,0,4
5088,6.00,60대이상,1,1,0,0,5
5089,5.00,50대,1,1,1,0,5
5090,6.00,60대이상,1,1,0,0,5
5091,2.00,20대,1,1,0,0,5
5092,3.00,30대,0,1,0,0,4
5093,2.00,20대,1,1,0,0,5
5094,3.00,30대,1,1,0,1,5
5095,2.00,20대,0,1,0,1,5
5096,4.00,40대,1,1,0,0,5
5097,2.00,20대,1,1,1,0,5
5098,3.00,30대,0,1,0,0,4
5099,2.00,20대,1,1,1,0,4
5100,2.00,20대,1,1,0,0,5
5101,2.00,20대,1,1,0,0,5
5102,4.00,40대,0,1,0,0,4
5103,5.00,50대,0,1,0,1,5
5104,3.00,30대,1,1,0,0,4
5105,5.00,50대,0,0,0,1,5
5106,3.00,30대,1,1,0,0,5
5107,2.00,20대,1,1,1,0,5
5108,2.00,20대,1,1,1,0,4
5109,6.00,60대이상,0,0,1,0,3
5110,6.00,60대이상,0,0,1,0,4
5111,2.00,20대,0,1,0,0,5
5112,4.00,40대,1,1,0,0,5
5113,2.00,20대,1,0,0,0,5
5114,5.00,50대,0,1,0,0,5
5115,2.00,20대,0,1,0,0,5
5116,4.00,40대,0,1,0,0,4
5117,1.00,10대,0,1,0,0,4
5118,4.00,40대,0,1,0,0,5
5119,5.00,50대,1,1,0,1,5
5120,2.00,20대,1,1,0,0,5
5121,2.00,20대,0,1,0,0,5
5122,4.00,40대,0,1,1,0,5
5123,4.00,40대,0,1,0,0,4
5124,3.00,30대,1,1,0,1,5
5125,4.00,40대,1,0,0,0,4
5126,2.00,20대,1,1,0,0,5
5127,1.00,10대,1,1,0,0,5
5128,2.00,20대,1,1,0,0,4
5129,3.00,30대,1,0,0,1,5
5130,5.00,50대,1,0,1,0,5
5131,5.00,50대,0,0,0,1,4
5132,4.00,40대,0,1,0,0,5
5133,2.00,20대,0,0,0,0,5
5134,2.00,20대,0,1,0,0,5
5135,2.00,20대,1,1,0,0,5
5136,5.00,50대,1,1,0,0,5
5137,1.00,10대,1,1,0,0,5
5138,5.00,50대,0,0,0,1,5
5139,3.00,30대,1,1,0,1,5
5140,2.00,20대,0,1,0,1,5
5141,3.00,30대,1,1,0,0,4
5142,2.00,20대,1,1,0,0,5
5143,3.00,30대,1,1,0,0,5
5144,2.00,20대,0,1,0,0,4
5145,4.00,40대,0,1,0,0,5
5146,3.00,30대,0,0,0,0,5
5147,3.00,30대,1,1,0,0,5
5148,6.00,60대이상,1,1,0,0,5
5149,6.00,60대이상,0,1,0,0,5
5150,2.00,20대,1,0,1,0,5
5151,2.00,20대,0,0,1,0,5
5152,3.00,30대,1,1,0,0,5
5153,2.00,20대,1,1,0,0,5
5154,2.00,20대,1,1,0,1,5
5155,3.00,30대,1,1,0,0,5
5156,2.00,20대,0,1,1,0,5
5157,2.00,20대,0,1,0,1,5
5158,3.00,30대,1,1,0,0,5
5159,3.00,30대,0,1,0,0,5
5160,6.00,60대이상,1,1,1,0,5
5161,2.00,20대,1,1,1,0,5
5162,3.00,30대,0,0,1,0,5
5163,4.00,40대,0,1,0,0,4
5164,3.00,30대,0,1,0,0,5
5165,4.00,40대,1,1,0,0,5
5166,2.00,20대,1,1,1,0,5
5167,6.00,60대이상,1,1,0,0,4
5168,2.00,20대,1,1,1,0,5
5169,2.00,20대,0,1,0,0,4
5170,2.00,20대,0,1,0,0,5
5171,3.00,30대,1,1,0,0,4
5172,2.00,20대,1,1,0,0,5
5173,3.00,30대,0,1,0,0,5
5174,4.00,40대,1,0,1,0,5
5175,2.00,20대,1,1,0,1,5
5176,5.00,50대,1,1,0,0,5
5177,2.00,20대,1,0,1,0,5
5178,6.00,60대이상,0,0,1,0,5
5179,2.00,20대,1,1,1,0,4
5180,4.00,40대,1,0,1,0,5
5181,2.00,20대,0,1,0,0,5
5182,6.00,60대이상,0,0,1,0,3
5183,6.00,60대이상,1,1,0,0,4
5184,2.00,20대,0,1,0,0,5
5185,2.00,20대,0,1,1,0,5
5186,5.00,50대,0,1,0,0,5
5187,5.00,50대,0,1,0,0,5
5188,2.00,20대,0,1,1,0,4
5189,1.00,10대,1,1,0,0,5
5190,2.00,20대,1,1,0,0,5
5191,4.00,40대,0,1,0,0,5
5192,3.00,30대,1,0,0,0,4
5193,2.00,20대,1,1,0,0,4
5194,2.00,20대,1,1,0,0,5
5195,3.00,30대,0,1,0,0,4
5196,2.00,20대,0,1,0,0,5
5197,3.00,30대,1,0,1,0,4
5198,5.00,50대,0,1,0,0,4
5199,4.00,40대,1,1,1,0,5
5200,5.00,50대,1,1,0,0,5
5201,4.00,40대,0,1,0,0,5
5202,6.00,60대이상,0,1,0,0,4
5203,6.00,60대이상,1,1,0,0,5
5204,3.00,30대,0,1,0,0,5
5205,2.00,20대,1,1,0,0,5
5206,6.00,60대이상,1,1,0,1,5
5207,3.00,30대,1,1,1,0,5
5208,2.00,20대,1,1,0,1,5
5209,4.00,40대,1,1,0,1,5
5210,3.00,30대,1,1,0,0,5
5211,2.00,20대,1,1,0,0,4
5212,2.00,20대,1,1,0,0,5
5213,6.00,60대이상,0,0,0,0,5
5214,3.00,30대,1,0,1,0,5
5215,5.00,50대,1,1,0,0,5
5216,4.00,40대,0,1,1,0,5
5217,4.00,40대,1,1,0,0,5
5218,2.00,20대,0,1,1,0,4
5219,3.00,30대,1,1,0,0,4
5220,5.00,50대,0,1,0,0,4
5221,2.00,20대,1,1,0,0,5
5222,3.00,30대,1,1,0,0,5
5223,4.00,40대,0,0,1,0,4
5224,3.00,30대,0,0,0,0,5
5225,3.00,30대,1,1,0,0,5
5226,2.00,20대,0,0,0,0,5
5227,4.00,40대,1,1,0,0,5
5228,3.00,30대,1,1,0,0,4
5229,4.00,40대,0,1,1,0,5
5230,3.00,30대,1,1,0,0,4
5231,5.00,50대,1,1,0,0,4
5232,5.00,50대,1,1,0,0,5
5233,1.00,10대,1,1,0,0,5
5234,3.00,30대,1,1,1,0,5
5235,4.00,40대,0,0,0,0,4
5236,3.00,30대,1,1,0,0,5
5237,5.00,50대,0,0,0,1,4
5238,5.00,50대,1,1,0,0,5
5239,2.00,20대,0,1,0,0,5
5240,3.00,30대,0,0,0,0,4
5241,5.00,50대,1,1,0,0,5
5242,1.00,10대,0,0,0,0,3
5243,2.00,20대,0,1,0,1,4
5244,3.00,30대,0,1,0,1,5
5245,4.00,40대,1,1,0,0,5
5246,4.00,40대,0,1,0,0,5
5247,2.00,20대,1,1,0,0,5
5248,5.00,50대,0,1,0,0,4
5249,5.00,50대,1,1,0,0,4
5250,3.00,30대,0,1,0,0,4
5251,3.00,30대,0,0,0,1,5
5252,2.00,20대,0,1,0,1,5
5253,2.00,20대,1,0,0,1,5
5254,3.00,30대,0,1,0,0,5
5255,2.00,20대,1,1,0,0,5
5256,3.00,30대,0,1,0,0,4
5257,2.00,20대,1,1,0,0,5
5258,6.00,60대이상,1,1,0,0,5
5259,4.00,40대,1,1,0,1,4
5260,2.00,20대,1,1,0,0,5
5261,4.00,40대,0,1,0,0,3
5262,2.00,20대,1,1,0,0,5
5263,5.00,50대,1,1,0,0,5
5264,2.00,20대,1,1,0,0,5
5265,5.00,50대,0,1,0,0,5
5266,5.00,50대,0,1,0,0,5
5267,1.00,10대,0,1,1,0,4
5268,2.00,20대,0,1,0,0,5
5269,3.00,30대,0,1,0,0,5
5270,2.00,20대,0,0,0,0,5
5271,3.00,30대,0,1,0,0,4
5272,4.00,40대,0,1,0,0,5
5273,3.00,30대,1,1,0,1,5
5274,5.00,50대,0,1,0,0,5
5275,2.00,20대,1,1,0,0,5
5276,2.00,20대,1,1,1,0,5
5277,4.00,40대,1,1,0,0,5
5278,2.00,20대,1,1,0,0,5
5279,4.00,40대,1,1,1,0,4
5280,6.00,60대이상,0,0,0,0,4
5281,6.00,60대이상,1,0,0,0,5
5282,2.00,20대,1,0,1,0,5
5283,6.00,60대이상,1,1,0,0,4
5284,3.00,30대,0,1,0,1,5
5285,5.00,50대,0,0,0,0,5
5286,2.00,20대,0,1,0,0,5
5287,6.00,60대이상,1,1,1,0,5
5288,2.00,20대,1,1,0,0,5
5289,2.00,20대,0,1,1,0,5
5290,2.00,20대,1,1,0,0,5
5291,2.00,20대,0,1,0,0,5
5292,3.00,30대,0,0,0,0,5
5293,4.00,40대,1,1,0,0,5
5294,4.00,40대,0,1,0,1,5
5295,2.00,20대,0,1,0,0,5
5296,2.00,20대,1,1,0,0,5
5297,3.00,30대,1,1,0,0,5
5298,2.00,20대,0,1,0,0,4
5299,2.00,20대,1,1,0,0,5
5300,2.00,20대,0,1,0,0,4
5301,3.00,30대,0,1,0,1,4
5302,4.00,40대,0,1,1,0,5
5303,2.00,20대,1,1,0,0,5
5304,2.00,20대,1,1,0,0,5
5305,5.00,50대,0,1,1,0,5
5306,3.00,30대,1,1,0,0,5
5307,3.00,30대,0,1,0,0,5
5308,2.00,20대,0,1,0,1,5
5309,6.00,60대이상,1,1,0,0,5
5310,6.00,60대이상,0,1,1,0,5
5311,2.00,20대,0,0,0,1,5
5312,3.00,30대,0,1,0,0,5
5313,3.00,30대,1,1,0,0,5
5314,3.00,30대,0,1,0,0,5
5315,3.00,30대,1,1,0,0,4
5316,3.00,30대,0,1,0,0,5
5317,3.00,30대,0,1,0,0,5
5318,5.00,50대,1,1,0,0,4
5319,4.00,40대,1,1,0,0,5
5320,3.00,30대,1,0,0,0,5
5321,2.00,20대,1,1,0,1,5
5322,2.00,20대,0,1,0,0,5
5323,3.00,30대,1,0,0,0,5
5324,4.00,40대,1,1,0,0,5
5325,2.00,20대,0,1,1,0,5
5326,4.00,40대,1,1,0,0,5
5327,3.00,30대,1,1,0,0,5
5328,2.00,20대,1,1,0,0,4
5329,3.00,30대,1,1,0,1,4
5330,4.00,40대,1,1,0,1,4
5331,4.00,40대,1,1,0,0,5
5332,2.00,20대,0,1,0,0,5
5333,5.00,50대,0,1,0,0,4
5334,5.00,50대,0,1,0,0,5
5335,2.00,20대,1,1,0,0,5
5336,3.00,30대,0,1,0,0,5
5337,6.00,60대이상,0,1,0,0,4
5338,2.00,20대,1,1,0,0,4
5339,3.00,30대,1,1,0,0,5
5340,4.00,40대,1,1,0,0,5
5341,3.00,30대,1,1,0,0,5
5342,2.00,20대,1,1,0,0,5
5343,3.00,30대,0,0,0,0,5
5344,3.00,30대,1,1,0,0,5
5345,2.00,20대,0,1,0,1,5
5346,3.00,30대,1,1,0,1,5
5347,3.00,30대,1,1,1,0,5
5348,2.00,20대,1,1,0,0,5
5349,6.00,60대이상,1,1,0,0,4
5350,6.00,60대이상,1,1,0,0,4
5351,3.00,30대,1,1,0,0,5
5352,4.00,40대,0,1,0,0,4
5353,2.00,20대,0,0,1,0,4
5354,4.00,40대,0,0,0,1,4
5355,3.00,30대,1,0,1,0,5
5356,4.00,40대,0,1,0,0,5
5357,2.00,20대,1,1,0,0,5
5358,4.00,40대,0,1,0,0,5
5359,2.00,20대,1,1,0,0,4
5360,5.00,50대,0,1,0,0,4
5361,4.00,40대,1,1,0,0,4
5362,2.00,20대,1,1,0,0,4
5363,5.00,50대,0,0,0,0,4
5364,2.00,20대,0,0,0,0,4
5365,2.00,20대,0,0,0,0,5
5366,4.00,40대,0,0,0,0,4
5367,3.00,30대,0,0,0,0,4
5368,2.00,20대,0,0,0,0,4
5369,3.00,30대,1,1,0,0,5
5370,6.00,60대이상,1,1,0,0,5
5371,3.00,30대,1,1,0,0,5
5372,3.00,30대,0,1,0,1,4
5373,3.00,30대,1,1,0,0,4
5374,2.00,20대,0,1,1,0,4
5375,5.00,50대,0,1,0,0,4
5376,4.00,40대,0,1,1,0,4
5377,4.00,40대,1,1,0,0,3
5378,4.00,40대,1,1,0,1,4
5379,2.00,20대,1,1,0,0,5
5380,3.00,30대,1,1,0,0,4
5381,4.00,40대,1,0,0,0,4
5382,5.00,50대,1,0,0,0,5
5383,5.00,50대,1,1,0,0,5
5384,4.00,40대,1,1,0,0,5
5385,3.00,30대,1,1,0,0,4
5386,4.00,40대,0,1,0,0,4
5387,3.00,30대,0,1,0,0,4
5388,2.00,20대,0,0,0,0,5
5389,5.00,50대,0,0,0,0,5
5390,1.00,10대,1,1,1,0,4
5391,2.00,20대,1,1,0,1,5
5392,3.00,30대,0,0,0,0,5
5393,3.00,30대,1,1,1,0,4
5394,3.00,30대,1,1,1,0,5
5395,2.00,20대,0,1,0,0,4
5396,2.00,20대,0,1,0,0,5
5397,2.00,20대,0,1,1,0,4
5398,2.00,20대,1,1,0,0,5
5399,5.00,50대,0,1,0,0,4
5400,5.00,50대,1,1,0,0,5
5401,3.00,30대,1,1,0,1,5
5402,3.00,30대,0,1,1,0,5
5403,2.00,20대,1,1,0,0,4
5404,2.00,20대,0,1,1,0,5
5405,2.00,20대,1,1,1,0,5
5406,4.00,40대,0,1,1,0,5
5407,2.00,20대,1,1,1,0,4
5408,3.00,30대,0,1,0,0,5
5409,2.00,20대,1,1,0,0,5
5410,4.00,40대,0,1,0,1,4
5411,2.00,20대,1,1,1,0,5
5412,2.00,20대,1,1,0,1,4
5413,2.00,20대,1,1,0,0,5
5414,3.00,30대,1,1,0,0,5
5415,5.00,50대,1,0,1,0,5
5416,4.00,40대,0,1,0,0,5
5417,3.00,30대,1,1,1,0,5
5418,4.00,40대,0,1,0,0,5
5419,3.00,30대,0,1,0,0,5
5420,2.00,20대,1,1,0,0,5
5421,2.00,20대,0,1,0,1,4
5422,3.00,30대,1,1,0,0,4
5423,2.00,20대,0,1,0,0,5
5424,3.00,30대,1,1,0,0,5
5425,2.00,20대,0,1,1,0,5
5426,5.00,50대,1,1,1,0,5
5427,3.00,30대,0,1,0,0,5
5428,6.00,60대이상,0,0,1,0,5
5429,5.00,50대,1,0,0,0,5
5430,4.00,40대,1,0,0,1,5
5431,3.00,30대,0,0,0,0,5
5432,2.00,20대,1,1,0,0,5
5433,6.00,60대이상,1,0,0,1,4
5434,2.00,20대,1,1,1,0,5
5435,2.00,20대,0,0,0,0,5
5436,5.00,50대,1,1,0,0,5
5437,2.00,20대,0,1,0,0,5
5438,5.00,50대,0,1,0,0,4
5439,5.00,50대,0,0,1,0,4
5440,5.00,50대,0,1,0,0,5
5441,3.00,30대,1,1,0,0,5
5442,2.00,20대,1,1,1,0,5
5443,2.00,20대,0,0,0,0,5
5444,2.00,20대,0,0,0,0,4
5445,4.00,40대,1,1,0,0,5
5446,4.00,40대,0,1,0,0,5
5447,2.00,20대,1,1,1,0,5
5448,6.00,60대이상,0,0,1,0,4
5449,2.00,20대,0,1,1,0,5
5450,2.00,20대,1,1,0,0,4
5451,2.00,20대,0,0,1,0,4
5452,2.00,20대,0,1,1,0,5
5453,2.00,20대,0,1,0,0,5
5454,2.00,20대,0,0,0,1,5
5455,2.00,20대,0,0,0,0,4
5456,2.00,20대,1,1,0,1,5
5457,2.00,20대,0,1,1,0,5
5458,2.00,20대,1,0,0,0,5
5459,2.00,20대,0,1,1,0,5
5460,4.00,40대,1,0,0,0,5
5461,2.00,20대,1,1,0,0,5
5462,4.00,40대,1,1,0,0,4
5463,3.00,30대,1,1,0,0,5
5464,2.00,20대,0,1,0,0,5
5465,2.00,20대,0,1,0,0,4
5466,3.00,30대,1,1,0,0,5
5467,2.00,20대,0,1,0,0,5
5468,1.00,10대,0,1,0,0,5
5469,4.00,40대,0,1,0,0,4
5470,4.00,40대,0,1,1,0,5
5471,1.00,10대,1,1,0,0,5
5472,3.00,30대,0,0,0,0,5
5473,2.00,20대,1,1,0,0,4
5474,2.00,20대,1,1,0,1,5
5475,5.00,50대,1,1,1,0,5
5476,5.00,50대,0,0,0,1,5
5477,4.00,40대,1,0,0,0,5
5478,4.00,40대,1,1,0,0,3
5479,5.00,50대,1,1,0,0,5
5480,3.00,30대,1,1,0,0,5
5481,2.00,20대,0,1,0,0,5
5482,6.00,60대이상,1,1,0,0,5
5483,3.00,30대,0,0,0,0,5
5484,2.00,20대,1,1,1,0,3
5485,6.00,60대이상,0,1,0,0,5
5486,3.00,30대,0,1,0,0,4
5487,4.00,40대,0,0,0,0,5
5488,2.00,20대,1,1,0,0,5
5489,5.00,50대,1,1,0,0,5
5490,3.00,30대,0,1,1,0,3
5491,5.00,50대,0,1,0,0,5
5492,5.00,50대,1,1,0,0,5
5493,3.00,30대,1,1,0,0,5
5494,2.00,20대,1,1,1,0,5
5495,2.00,20대,1,1,1,0,5
5496,2.00,20대,0,1,0,0,4
5497,2.00,20대,1,1,0,0,5
5498,4.00,40대,0,1,0,0,4
5499,2.00,20대,1,1,0,1,4
5500,3.00,30대,0,1,0,0,4
5501,3.00,30대,1,0,0,0,5
5502,5.00,50대,0,1,0,0,5
5503,3.00,30대,0,1,0,0,5
5504,2.00,20대,0,1,0,0,5
5505,4.00,40대,1,1,0,0,5
5506,5.00,50대,1,1,0,0,4
5507,2.00,20대,1,1,0,0,5
5508,3.00,30대,1,0,0,0,4
5509,3.00,30대,0,1,0,0,5
5510,4.00,40대,1,1,1,0,4
5511,4.00,40대,0,1,0,0,5
5512,2.00,20대,1,1,0,0,5
5513,2.00,20대,1,1,1,0,5
5514,2.00,20대,1,1,0,0,5
5515,6.00,60대이상,0,1,0,0,5
5516,2.00,20대,0,1,0,0,5
5517,3.00,30대,1,1,0,0,5
5518,3.00,30대,1,1,0,0,5
5519,2.00,20대,1,1,0,0,5
5520,4.00,40대,1,1,0,0,5
5521,2.00,20대,1,1,0,0,5
5522,4.00,40대,1,1,0,0,5
5523,4.00,40대,1,1,0,0,4
5524,2.00,20대,1,1,1,0,5
5525,5.00,50대,1,1,0,0,4
5526,4.00,40대,1,1,0,0,5
5527,5.00,50대,0,1,0,0,5
5528,2.00,20대,1,1,0,0,5
5529,4.00,40대,0,1,1,0,5
5530,2.00,20대,1,1,0,0,5
5531,3.00,30대,0,1,0,0,4
5532,4.00,40대,1,1,0,0,5
5533,2.00,20대,0,0,0,0,5
5534,3.00,30대,1,0,1,0,5
5535,3.00,30대,1,0,0,0,5
5536,3.00,30대,0,0,0,1,5
5537,3.00,30대,0,1,0,0,5
5538,2.00,20대,0,1,0,0,3
5539,3.00,30대,1,1,0,0,4
5540,3.00,30대,1,1,0,0,4
5541,3.00,30대,1,1,1,0,4
5542,3.00,30대,0,1,0,0,4
5543,5.00,50대,0,1,0,0,4
5544,2.00,20대,0,1,1,0,5
5545,2.00,20대,0,1,0,0,5
5546,3.00,30대,0,1,0,0,3
5547,3.00,30대,1,1,0,0,5
5548,2.00,20대,1,1,0,0,5
5549,3.00,30대,1,1,0,0,5
5550,1.00,10대,1,1,0,0,3
5551,3.00,30대,1,1,0,0,5
5552,2.00,20대,1,1,0,0,5
5553,2.00,20대,0,1,0,0,5
5554,3.00,30대,1,1,0,0,5
5555,3.00,30대,0,1,0,0,5
5556,3.00,30대,0,1,0,1,5
5557,5.00,50대,1,1,0,0,5
5558,3.00,30대,0,1,0,0,5
5559,3.00,30대,0,1,0,0,5
5560,4.00,40대,1,1,1,0,5
5561,2.00,20대,1,1,0,0,5
5562,2.00,20대,1,1,0,1,5
5563,5.00,50대,1,1,0,0,5
5564,4.00,40대,0,1,1,0,5
5565,3.00,30대,0,1,0,0,5
5566,4.00,40대,1,1,0,0,5
5567,6.00,60대이상,0,1,0,0,4
5568,5.00,50대,1,1,0,0,4
5569,2.00,20대,1,1,0,0,5
5570,6.00,60대이상,0,1,0,0,4
5571,3.00,30대,0,1,0,0,5
5572,3.00,30대,1,1,0,1,4
5573,3.00,30대,1,1,0,0,5
5574,2.00,20대,0,1,0,0,4
5575,2.00,20대,0,1,0,0,5
5576,6.00,60대이상,0,1,1,0,5
5577,1.00,10대,0,1,0,0,5
5578,6.00,60대이상,0,1,0,0,5
5579,4.00,40대,1,1,0,0,4
5580,5.00,50대,1,1,1,0,5
5581,6.00,60대이상,0,0,0,0,4
5582,2.00,20대,1,1,0,0,4
5583,6.00,60대이상,0,1,0,0,4
5584,6.00,60대이상,1,0,1,0,3
5585,3.00,30대,1,1,0,0,5
5586,3.00,30대,0,1,0,1,5
5587,4.00,40대,1,1,0,0,5
5588,4.00,40대,1,1,0,0,5
5589,5.00,50대,1,1,0,0,5
5590,3.00,30대,1,1,0,0,5
5591,6.00,60대이상,1,1,1,0,5
5592,5.00,50대,0,1,0,0,4
5593,2.00,20대,0,1,0,0,3
5594,3.00,30대,1,1,0,0,5
5595,3.00,30대,0,1,0,0,4
5596,6.00,60대이상,0,1,0,0,5
5597,2.00,20대,1,1,0,0,5
5598,3.00,30대,1,1,0,0,4
5599,2.00,20대,1,0,0,0,5
5600,2.00,20대,1,1,0,1,4
5601,3.00,30대,1,1,0,1,5
5602,2.00,20대,0,1,1,0,5
5603,5.00,50대,1,1,0,0,5
5604,3.00,30대,1,1,0,0,5
5605,3.00,30대,1,1,0,0,5
5606,6.00,60대이상,1,1,0,0,5
5607,2.00,20대,0,0,0,0,5
5608,3.00,30대,1,1,0,0,5
5609,4.00,40대,1,1,0,0,5
5610,2.00,20대,1,1,0,0,5
5611,3.00,30대,1,1,0,1,5
5612,3.00,30대,0,1,0,0,5
5613,2.00,20대,0,1,0,0,5
5614,2.00,20대,0,1,0,0,4
5615,2.00,20대,0,1,1,0,5
5616,2.00,20대,1,1,0,0,5
5617,4.00,40대,0,0,0,0,4
5618,2.00,20대,1,1,0,0,5
5619,1.00,10대,1,1,0,0,5
5620,4.00,40대,0,0,0,0,4
5621,3.00,30대,1,1,0,0,5
5622,6.00,60대이상,1,1,1,0,5
5623,2.00,20대,1,1,0,1,5
5624,1.00,10대,1,0,0,0,5
5625,4.00,40대,0,0,1,0,3
5626,2.00,20대,1,1,1,0,5
5627,2.00,20대,1,1,1,0,4
5628,3.00,30대,1,1,0,0,4
5629,2.00,20대,0,1,0,1,5
5630,3.00,30대,1,1,0,0,5
5631,2.00,20대,0,0,0,0,5
5632,2.00,20대,0,1,0,0,2
5633,6.00,60대이상,0,0,0,0,5
5634,3.00,30대,0,1,0,1,5
5635,3.00,30대,0,1,1,0,5
5636,2.00,20대,1,1,0,0,4
5637,4.00,40대,1,1,0,1,5
5638,3.00,30대,0,1,0,0,4
5639,2.00,20대,1,1,0,0,5
5640,2.00,20대,1,1,0,0,4
5641,4.00,40대,0,0,1,0,5
5642,2.00,20대,1,1,0,0,4
5643,3.00,30대,1,1,1,0,5
5644,3.00,30대,0,1,0,0,5
5645,3.00,30대,1,1,0,0,5
5646,4.00,40대,0,1,0,0,5
5647,2.00,20대,1,1,0,0,4
5648,4.00,40대,0,1,0,0,5
5649,5.00,50대,0,1,0,0,3
5650,3.00,30대,0,1,0,0,5
5651,1.00,10대,0,1,0,0,5
5652,3.00,30대,1,0,0,0,5
5653,2.00,20대,1,1,0,0,5
5654,5.00,50대,0,1,1,0,5
5655,5.00,50대,1,1,0,0,5
5656,2.00,20대,1,1,0,0,4
5657,3.00,30대,0,1,0,1,5
5658,2.00,20대,1,1,1,0,5
5659,4.00,40대,0,1,0,0,5
5660,2.00,20대,1,1,1,0,5
5661,5.00,50대,0,1,1,0,4
5662,5.00,50대,0,1,0,0,4
5663,6.00,60대이상,0,1,0,0,4
5664,2.00,20대,1,1,0,0,4
5665,4.00,40대,1,1,0,0,5
5666,2.00,20대,1,1,0,1,5
5667,4.00,40대,1,1,0,0,5
5668,2.00,20대,1,1,0,0,5
5669,4.00,40대,1,1,0,0,4
5670,3.00,30대,0,1,1,0,5
5671,1.00,10대,1,1,1,0,4
5672,1.00,10대,0,1,0,0,3
5673,2.00,20대,1,1,0,0,3
5674,2.00,20대,1,1,0,0,5
5675,2.00,20대,1,1,0,0,5
5676,3.00,30대,0,1,0,1,5
5677,2.00,20대,0,1,0,0,5
5678,2.00,20대,0,1,1,0,4
5679,5.00,50대,0,1,0,1,5
5680,2.00,20대,0,1,0,0,5
5681,4.00,40대,1,1,0,0,5
5682,2.00,20대,0,1,0,0,4
5683,3.00,30대,1,1,1,0,5
5684,4.00,40대,1,1,0,1,5
5685,6.00,60대이상,0,1,0,0,4
5686,2.00,20대,1,1,0,0,5
5687,4.00,40대,1,1,1,0,5
5688,3.00,30대,1,1,0,0,5
5689,2.00,20대,1,1,0,0,5
5690,3.00,30대,0,1,0,0,5
5691,3.00,30대,1,1,0,0,5
5692,2.00,20대,0,1,0,0,4
5693,2.00,20대,1,1,0,0,5
5694,3.00,30대,1,1,0,0,4
5695,2.00,20대,1,1,0,0,5
5696,4.00,40대,1,1,0,0,5
5697,3.00,30대,0,1,0,0,5
5698,2.00,20대,0,1,0,0,5
5699,3.00,30대,1,1,0,0,5
5700,3.00,30대,1,1,0,0,5
5701,2.00,20대,1,1,0,1,5
5702,3.00,30대,1,1,1,0,5
5703,5.00,50대,0,1,0,0,5
5704,3.00,30대,1,1,0,1,5
5705,3.00,30대,1,1,0,0,5
5706,3.00,30대,1,1,0,0,4
5707,6.00,60대이상,0,1,0,0,4
5708,3.00,30대,0,1,0,0,5
5709,6.00,60대이상,1,1,0,0,4
5710,3.00,30대,1,1,0,0,5
5711,3.00,30대,1,1,0,0,5
5712,2.00,20대,1,1,0,0,4
5713,5.00,50대,0,1,0,0,4
5714,3.00,30대,0,1,0,1,3
5715,3.00,30대,1,1,0,1,4
5716,2.00,20대,0,1,0,0,5
5717,3.00,30대,0,1,0,0,5
5718,2.00,20대,1,1,0,1,5
5719,3.00,30대,0,1,0,0,5
5720,3.00,30대,1,1,0,1,5
5721,3.00,30대,0,1,0,0,5
5722,3.00,30대,1,1,1,0,5
5723,2.00,20대,1,1,0,0,5
5724,2.00,20대,1,1,0,0,5
5725,3.00,30대,1,1,0,0,5
5726,2.00,20대,1,1,0,0,5
5727,2.00,20대,1,1,0,0,5
5728,3.00,30대,0,1,1,0,4
5729,2.00,20대,0,1,0,0,4
5730,3.00,30대,0,1,0,0,5
5731,2.00,20대,0,0,1,0,4
5732,3.00,30대,0,1,1,0,5
5733,2.00,20대,1,0,0,0,4
5734,2.00,20대,1,1,0,0,4
5735,2.00,20대,1,1,0,0,5
5736,3.00,30대,0,1,0,0,5
5737,2.00,20대,1,0,1,0,5
5738,2.00,20대,0,1,0,0,5
5739,2.00,20대,1,0,0,0,5
5740,2.00,20대,1,0,0,0,5
5741,3.00,30대,1,1,0,0,5
5742,2.00,20대,0,0,0,0,5
5743,2.00,20대,1,0,0,1,5
5744,4.00,40대,0,1,0,1,5
5745,3.00,30대,1,0,0,0,4
5746,5.00,50대,1,1,1,0,3
5747,3.00,30대,1,1,0,0,5
5748,2.00,20대,1,1,0,0,5
5749,5.00,50대,0,1,0,0,5
5750,2.00,20대,1,1,0,0,5
5751,6.00,60대이상,0,1,0,0,5
5752,4.00,40대,0,1,0,0,5
5753,5.00,50대,0,1,0,0,4
5754,3.00,30대,0,1,0,0,5
5755,5.00,50대,1,1,0,0,5
5756,5.00,50대,0,1,0,0,5
5757,2.00,20대,1,1,1,0,5
5758,2.00,20대,0,1,0,0,4
5759,4.00,40대,0,1,0,0,5
5760,5.00,50대,0,1,0,1,5
5761,2.00,20대,0,1,0,0,5
5762,4.00,40대,0,0,0,0,5
5763,2.00,20대,0,1,0,0,5
5764,2.00,20대,1,1,0,0,5
5765,4.00,40대,0,1,0,0,1
5766,2.00,20대,1,1,0,0,4
5767,2.00,20대,0,1,0,0,5
5768,2.00,20대,0,1,0,0,4
5769,3.00,30대,1,1,0,0,5
5770,2.00,20대,1,0,0,0,4
5771,3.00,30대,1,0,0,1,5
5772,4.00,40대,0,0,0,0,4
5773,5.00,50대,0,1,0,1,5
5774,3.00,30대,0,1,0,0,5
5775,3.00,30대,0,1,0,1,5
5776,6.00,60대이상,0,0,0,0,4
5777,2.00,20대,0,1,0,0,4
5778,2.00,20대,1,1,1,0,5
5779,2.00,20대,1,1,0,0,5
5780,2.00,20대,1,1,0,1,5
5781,3.00,30대,0,1,0,0,5
5782,2.00,20대,0,1,1,0,5
5783,5.00,50대,0,1,0,0,5
5784,2.00,20대,1,1,0,1,4
5785,3.00,30대,1,1,0,0,5
5786,3.00,30대,1,1,0,0,5
5787,4.00,40대,1,1,0,0,4
5788,3.00,30대,1,1,0,1,4
5789,4.00,40대,1,1,0,1,5
5790,3.00,30대,0,1,0,0,5
5791,3.00,30대,0,1,0,0,4
5792,6.00,60대이상,1,1,0,0,5
5793,6.00,60대이상,0,0,1,0,3
5794,5.00,50대,0,0,0,0,5
5795,6.00,60대이상,1,1,0,0,5
5796,4.00,40대,1,1,1,0,4
5797,6.00,60대이상,0,1,0,0,5
5798,4.00,40대,1,1,0,0,5
5799,4.00,40대,0,1,0,1,4
5800,6.00,60대이상,1,1,0,1,5
5801,2.00,20대,1,1,0,0,5
5802,4.00,40대,1,1,1,0,5
5803,2.00,20대,1,1,1,0,5
5804,2.00,20대,0,1,0,0,5
5805,3.00,30대,0,1,0,0,5
5806,2.00,20대,1,1,0,0,5
5807,2.00,20대,0,1,0,0,5
5808,3.00,30대,1,1,0,0,4
5809,3.00,30대,1,1,0,0,4
5810,3.00,30대,1,1,0,0,5
5811,4.00,40대,0,1,0,0,3
5812,2.00,20대,0,1,0,0,5
5813,2.00,20대,0,0,0,0,5
5814,2.00,20대,1,1,0,1,4
5815,2.00,20대,1,1,0,1,4
5816,3.00,30대,1,1,0,0,4
5817,2.00,20대,1,1,0,1,5
5818,1.00,10대,0,1,1,0,5
5819,5.00,50대,1,1,0,0,5
5820,2.00,20대,1,1,0,0,4
5821,2.00,20대,0,1,0,0,4
5822,5.00,50대,0,1,1,0,5
5823,2.00,20대,1,1,1,0,4
5824,4.00,40대,0,1,1,0,5
5825,5.00,50대,1,1,0,1,4
5826,2.00,20대,0,1,1,0,5
5827,2.00,20대,1,1,1,0,5
5828,4.00,40대,0,1,0,1,5
5829,3.00,30대,0,1,0,0,5
5830,2.00,20대,1,1,0,0,5
5831,2.00,20대,1,1,1,0,5
5832,2.00,20대,1,1,0,0,5
5833,2.00,20대,1,1,0,1,5
5834,4.00,40대,1,1,1,0,5
5835,5.00,50대,1,0,0,0,4
5836,2.00,20대,1,1,0,0,5
5837,4.00,40대,1,1,0,0,5
5838,2.00,20대,1,1,0,0,5
5839,4.00,40대,0,1,0,0,3
5840,2.00,20대,1,1,0,0,5
5841,3.00,30대,1,1,1,0,5
5842,2.00,20대,0,1,0,0,5
5843,2.00,20대,1,1,0,1,5
5844,3.00,30대,0,1,0,0,5
5845,3.00,30대,1,1,0,0,5
5846,5.00,50대,1,1,1,0,5
5847,3.00,30대,1,1,0,0,5
5848,3.00,30대,0,0,0,0,5
5849,2.00,20대,1,1,0,1,5
5850,2.00,20대,1,1,0,0,5
5851,3.00,30대,1,1,1,0,5
5852,3.00,30대,0,1,0,0,5
5853,4.00,40대,1,1,0,0,5
5854,6.00,60대이상,0,1,0,0,5
5855,4.00,40대,0,0,0,0,5
5856,5.00,50대,1,1,0,0,5
5857,4.00,40대,1,0,0,0,4
5858,3.00,30대,1,1,0,0,5
5859,5.00,50대,0,1,0,0,5
5860,2.00,20대,0,1,0,0,5
5861,3.00,30대,0,0,1,0,4
5862,5.00,50대,1,1,0,0,5
5863,3.00,30대,0,1,0,0,5
5864,3.00,30대,1,1,0,0,5
5865,4.00,40대,1,1,0,1,5
5866,3.00,30대,1,1,0,0,5
5867,3.00,30대,0,1,0,0,4
5868,3.00,30대,0,1,0,0,4
5869,3.00,30대,1,1,0,0,5
5870,2.00,20대,0,1,1,0,5
5871,2.00,20대,0,1,0,0,5
5872,4.00,40대,1,1,0,0,5
5873,3.00,30대,1,1,0,0,5
5874,3.00,30대,0,1,0,0,5
5875,4.00,40대,0,1,0,0,5
5876,3.00,30대,1,1,0,0,5
5877,3.00,30대,0,1,0,0,5
5878,6.00,60대이상,0,0,0,0,5
5879,2.00,20대,1,1,0,1,5
5880,3.00,30대,0,1,1,0,5
5881,2.00,20대,1,1,0,0,5
5882,4.00,40대,1,1,0,0,5
5883,2.00,20대,1,1,0,0,5
5884,4.00,40대,0,1,0,0,3
5885,2.00,20대,0,1,0,0,4
5886,4.00,40대,1,1,0,0,5
5887,3.00,30대,1,1,0,0,5
5888,4.00,40대,0,1,0,0,4
5889,4.00,40대,1,1,0,0,4
5890,3.00,30대,1,1,0,0,4
5891,5.00,50대,0,1,0,0,5
5892,5.00,50대,0,1,0,0,4
5893,2.00,20대,1,1,0,0,5
5894,6.00,60대이상,0,1,0,0,5
5895,6.00,60대이상,1,1,0,0,3
5896,4.00,40대,1,1,0,0,5
5897,3.00,30대,1,1,0,0,5
5898,5.00,50대,0,1,0,0,5
5899,3.00,30대,1,1,0,0,5
5900,3.00,30대,0,1,0,1,5
5901,2.00,20대,0,1,0,0,5
5902,3.00,30대,1,1,0,0,5
5903,3.00,30대,0,1,0,0,5
5904,3.00,30대,1,1,0,0,5
5905,5.00,50대,0,1,0,0,5
5906,2.00,20대,1,1,0,0,4
5907,3.00,30대,1,1,0,0,5
5908,3.00,30대,1,1,0,1,5
5909,3.00,30대,0,1,0,0,5
5910,4.00,40대,0,1,0,0,5
5911,4.00,40대,0,0,1,0,5
5912,3.00,30대,0,1,0,0,5
5913,4.00,40대,1,1,0,0,4
5914,2.00,20대,0,1,0,0,5
5915,4.00,40대,0,1,0,0,5
5916,3.00,30대,1,1,0,0,5
5917,3.00,30대,1,1,0,0,5
5918,3.00,30대,0,1,0,0,5
5919,6.00,60대이상,0,0,0,0,5
5920,1.00,10대,0,0,1,0,5
5921,5.00,50대,0,0,0,1,5
5922,2.00,20대,1,1,0,0,5
5923,3.00,30대,0,1,0,0,5
5924,4.00,40대,0,1,0,0,5
5925,4.00,40대,1,1,0,0,5
5926,5.00,50대,1,0,1,0,5
5927,4.00,40대,0,1,0,0,5
5928,2.00,20대,0,1,0,0,5
5929,3.00,30대,0,1,0,0,3
5930,4.00,40대,0,1,0,0,5
5931,6.00,60대이상,0,1,0,0,5
5932,3.00,30대,0,1,0,0,4
5933,2.00,20대,1,0,0,0,5
5934,4.00,40대,1,1,0,0,5
5935,2.00,20대,0,1,0,0,5
5936,2.00,20대,0,1,0,0,5
5937,3.00,30대,0,1,0,0,5
5938,4.00,40대,0,1,0,0,4
5939,3.00,30대,0,1,0,0,5
5940,3.00,30대,1,1,0,0,5
5941,2.00,20대,1,0,1,0,5
5942,2.00,20대,1,1,0,0,4
5943,3.00,30대,1,1,0,0,5
5944,3.00,30대,1,1,1,0,5
5945,2.00,20대,0,1,0,1,5
5946,2.00,20대,1,1,0,0,5
5947,4.00,40대,1,1,0,0,5
5948,5.00,50대,0,1,0,0,5
5949,1.00,10대,1,1,0,0,5
5950,2.00,20대,0,1,1,0,5
5951,3.00,30대,1,0,0,1,5
5952,2.00,20대,1,1,0,0,4
5953,4.00,40대,0,0,0,0,5
5954,2.00,20대,1,1,0,0,5
5955,2.00,20대,0,1,1,0,4
5956,3.00,30대,1,1,0,0,5
5957,2.00,20대,0,0,0,0,4
5958,2.00,20대,1,1,0,1,4
5959,3.00,30대,0,1,0,1,5
5960,3.00,30대,1,1,0,0,5
5961,3.00,30대,1,1,0,0,5
5962,6.00,60대이상,1,1,0,0,4
5963,4.00,40대,1,0,0,1,5
5964,4.00,40대,0,1,0,0,5
5965,2.00,20대,0,1,0,0,5
5966,2.00,20대,0,1,0,0,5
5967,1.00,10대,1,1,0,0,5
5968,4.00,40대,0,1,1,0,4
5969,3.00,30대,1,1,0,0,5
5970,5.00,50대,1,1,0,0,4
5971,2.00,20대,0,1,0,0,5
5972,2.00,20대,1,1,0,0,5
5973,4.00,40대,0,1,0,1,5
5974,3.00,30대,1,1,0,0,5
5975,5.00,50대,1,1,0,0,5
5976,5.00,50대,0,1,0,0,4
5977,4.00,40대,0,1,0,0,4
5978,3.00,30대,1,0,1,0,5
5979,2.00,20대,1,1,0,0,5
5980,3.00,30대,1,1,0,0,5
5981,5.00,50대,1,1,0,0,5
5982,3.00,30대,0,1,0,0,5
5983,3.00,30대,1,1,0,0,5
5984,3.00,30대,1,1,1,0,5
5985,5.00,50대,1,1,0,0,5
5986,2.00,20대,1,1,1,0,4
5987,3.00,30대,1,1,0,0,5
5988,3.00,30대,1,1,0,0,5
5989,2.00,20대,0,0,1,0,4
5990,2.00,20대,0,0,0,0,5
5991,5.00,50대,1,1,0,0,5
5992,3.00,30대,1,1,1,0,5
5993,4.00,40대,0,1,0,0,3
5994,4.00,40대,0,1,0,0,4
5995,4.00,40대,1,1,1,0,4
5996,2.00,20대,1,1,0,0,5
5997,3.00,30대,1,1,0,0,5
5998,3.00,30대,0,1,0,0,5
5999,2.00,20대,1,1,0,1,5
6000,5.00,50대,1,1,0,0,5
6001,6.00,60대이상,1,1,0,0,4
6002,2.00,20대,1,1,0,0,5
6003,2.00,20대,1,1,0,0,4
6004,2.00,20대,0,1,0,0,5
6005,5.00,50대,1,1,0,1,4
6006,2.00,20대,0,1,0,0,5
6007,3.00,30대,0,1,0,0,5
6008,3.00,30대,0,1,0,0,5
6009,3.00,30대,1,1,0,0,5
6010,5.00,50대,1,1,0,0,5
6011,4.00,40대,1,1,0,0,5
6012,5.00,50대,1,1,0,0,5
6013,4.00,40대,0,1,1,0,5
6014,4.00,40대,0,1,0,0,5
6015,5.00,50대,0,1,0,1,4
6016,6.00,60대이상,0,1,1,0,4
6017,5.00,50대,0,1,0,0,5
6018,3.00,30대,1,1,1,0,4
6019,2.00,20대,1,1,0,0,5
6020,3.00,30대,1,1,0,0,4
6021,4.00,40대,1,1,0,1,4
6022,4.00,40대,1,1,1,0,4
6023,6.00,60대이상,0,1,0,0,5
6024,5.00,50대,1,1,0,0,4
6025,2.00,20대,0,1,0,0,5
6026,2.00,20대,1,1,1,0,5
6027,4.00,40대,0,0,0,0,4
6028,2.00,20대,0,0,0,0,5
6029,6.00,60대이상,0,0,0,0,4
6030,5.00,50대,0,0,0,0,4
6031,2.00,20대,1,1,1,0,5
6032,3.00,30대,0,1,0,0,4
6033,5.00,50대,1,1,1,0,5
6034,2.00,20대,0,1,1,0,4
6035,2.00,20대,1,1,0,0,5
6036,5.00,50대,0,1,0,0,4
6037,2.00,20대,1,1,0,0,5
6038,2.00,20대,0,0,0,0,4
6039,2.00,20대,1,1,0,0,4
6040,2.00,20대,0,1,0,0,5
6041,3.00,30대,1,1,0,0,5
6042,3.00,30대,0,0,0,0,4
6043,3.00,30대,1,1,0,0,5
6044,4.00,40대,0,0,0,0,3
6045,4.00,40대,0,1,0,0,5
6046,5.00,50대,0,1,0,0,5
6047,2.00,20대,0,1,0,0,5
6048,2.00,20대,1,1,0,0,5
6049,5.00,50대,0,1,0,0,5
6050,2.00,20대,1,1,0,0,5
6051,5.00,50대,1,1,1,0,5
6052,3.00,30대,0,1,0,0,4
6053,4.00,40대,0,1,0,0,5
6054,5.00,50대,0,1,0,0,5
6055,3.00,30대,0,1,0,0,4
6056,4.00,40대,1,0,0,0,4
6057,3.00,30대,1,1,0,0,5
6058,2.00,20대,1,1,1,0,4
6059,2.00,20대,1,1,0,0,4
6060,3.00,30대,0,1,0,1,3
6061,3.00,30대,0,1,0,0,5
6062,3.00,30대,0,0,1,0,4
6063,5.00,50대,1,1,0,0,5
6064,6.00,60대이상,0,0,0,0,5
6065,2.00,20대,0,1,0,0,4
6066,3.00,30대,1,0,0,0,4
6067,2.00,20대,0,1,0,0,5
6068,2.00,20대,0,1,0,0,5
6069,2.00,20대,0,1,0,0,4
6070,2.00,20대,1,1,0,0,4
6071,2.00,20대,0,1,0,0,5
6072,3.00,30대,1,1,0,0,4
6073,2.00,20대,1,1,0,0,5
6074,4.00,40대,1,1,0,0,4
6075,5.00,50대,0,0,0,0,5
6076,5.00,50대,1,1,0,0,4
6077,2.00,20대,1,1,0,0,4
6078,2.00,20대,0,1,0,0,5
6079,4.00,40대,1,1,0,1,5
6080,2.00,20대,1,1,0,0,5
6081,2.00,20대,0,1,1,0,5
6082,5.00,50대,1,1,0,0,5
6083,2.00,20대,0,1,0,0,5
6084,2.00,20대,0,0,1,0,5
6085,5.00,50대,1,1,0,0,4
6086,4.00,40대,0,0,0,0,5
6087,2.00,20대,1,1,0,0,5
6088,1.00,10대,1,1,0,0,5
6089,4.00,40대,1,1,0,0,5
6090,5.00,50대,0,1,0,0,5
6091,3.00,30대,0,0,0,0,4
6092,2.00,20대,0,1,0,1,5
6093,2.00,20대,0,1,0,0,5
6094,4.00,40대,1,1,0,0,5
6095,2.00,20대,0,1,1,0,3
6096,2.00,20대,0,0,0,0,5
6097,5.00,50대,0,1,0,1,4
6098,3.00,30대,1,1,0,0,4
6099,1.00,10대,1,0,0,0,4
6100,3.00,30대,0,1,0,0,5
6101,3.00,30대,0,0,0,1,5
6102,4.00,40대,0,1,0,1,5
6103,4.00,40대,0,1,1,0,5
6104,3.00,30대,1,1,0,0,5
6105,4.00,40대,0,1,0,0,5
6106,4.00,40대,0,1,0,1,4
6107,4.00,40대,0,1,0,0,5
6108,2.00,20대,0,1,0,0,5
6109,4.00,40대,0,1,0,0,4
6110,2.00,20대,0,1,0,0,3
6111,2.00,20대,1,1,0,0,5
6112,3.00,30대,0,1,0,0,4
6113,2.00,20대,0,1,0,0,5
6114,3.00,30대,0,1,0,0,4
6115,4.00,40대,0,1,1,0,4
6116,2.00,20대,0,1,0,0,3
6117,2.00,20대,1,1,1,0,4
6118,4.00,40대,0,1,0,0,4
6119,3.00,30대,0,1,0,0,5
6120,2.00,20대,1,1,1,0,5
6121,3.00,30대,1,1,0,0,5
6122,6.00,60대이상,1,1,0,0,4
6123,2.00,20대,1,1,0,0,4
6124,2.00,20대,0,1,0,0,5
6125,2.00,20대,0,1,0,0,5
6126,5.00,50대,1,1,0,0,5
6127,3.00,30대,0,1,1,0,5
6128,3.00,30대,0,1,0,0,5
6129,4.00,40대,0,1,0,0,4
6130,3.00,30대,0,1,1,0,4
6131,2.00,20대,0,1,0,0,5
6132,3.00,30대,0,1,0,0,5
6133,3.00,30대,1,1,1,0,4
6134,3.00,30대,0,1,0,0,5
6135,5.00,50대,0,1,0,0,4
6136,2.00,20대,0,1,0,0,4
6137,2.00,20대,1,1,0,0,5
6138,3.00,30대,0,0,1,0,5
6139,5.00,50대,1,1,0,0,4
6140,3.00,30대,0,0,0,0,5
6141,3.00,30대,0,0,0,0,5
6142,4.00,40대,1,1,0,0,4
6143,2.00,20대,1,0,0,0,5
6144,2.00,20대,0,0,0,0,5
6145,3.00,30대,0,1,0,0,5
6146,5.00,50대,1,1,0,0,5
6147,4.00,40대,1,1,1,0,5
6148,2.00,20대,0,0,0,0,5
6149,5.00,50대,1,1,0,0,4
6150,2.00,20대,1,0,0,0,5
6151,2.00,20대,1,0,0,0,5
6152,2.00,20대,0,1,0,0,4
6153,4.00,40대,1,0,0,0,5
6154,2.00,20대,0,0,0,0,5
6155,3.00,30대,1,1,0,0,4
6156,4.00,40대,1,1,0,0,5
6157,6.00,60대이상,1,1,0,0,5
6158,3.00,30대,1,0,1,0,5
6159,5.00,50대,1,1,0,0,5
6160,3.00,30대,1,0,1,0,5
6161,3.00,30대,0,1,0,0,4
6162,5.00,50대,0,1,0,0,4
6163,4.00,40대,0,1,0,1,5
6164,3.00,30대,0,1,0,0,5
6165,2.00,20대,0,1,0,0,4
6166,2.00,20대,1,1,0,0,5
6167,5.00,50대,1,1,1,0,5
6168,3.00,30대,0,1,0,0,5
6169,2.00,20대,1,1,1,0,4
6170,5.00,50대,1,1,0,0,5
6171,4.00,40대,1,1,0,0,4
6172,2.00,20대,1,1,0,0,5
6173,4.00,40대,0,1,0,1,5
6174,2.00,20대,1,1,0,0,5
6175,3.00,30대,0,1,0,0,5
6176,1.00,10대,1,1,0,0,5
6177,2.00,20대,0,1,0,0,4
6178,2.00,20대,0,1,0,0,5
6179,2.00,20대,1,1,0,0,5
6180,2.00,20대,1,1,0,0,5
6181,3.00,30대,0,1,0,0,5
6182,4.00,40대,1,1,0,0,5
6183,6.00,60대이상,0,1,0,0,5
6184,6.00,60대이상,1,1,0,0,4
6185,3.00,30대,1,1,0,0,5
6186,2.00,20대,1,1,0,0,5
6187,4.00,40대,0,1,0,0,5
6188,3.00,30대,0,1,0,1,4
6189,4.00,40대,1,1,0,1,5
6190,5.00,50대,0,1,0,0,4
6191,6.00,60대이상,0,1,0,1,5
6192,3.00,30대,1,1,0,0,5
6193,3.00,30대,1,1,0,0,5
6194,5.00,50대,1,1,0,0,5
6195,3.00,30대,0,1,1,0,4
6196,2.00,20대,0,1,0,0,4
6197,3.00,30대,1,1,1,0,5
6198,2.00,20대,0,1,1,0,5
6199,2.00,20대,0,1,0,1,5
6200,3.00,30대,0,0,0,1,5
6201,3.00,30대,0,1,0,1,5
6202,4.00,40대,1,1,0,0,5
6203,4.00,40대,1,1,1,0,5
6204,4.00,40대,1,0,0,0,5
6205,2.00,20대,1,1,0,0,5
6206,3.00,30대,0,1,0,0,5
6207,4.00,40대,0,1,0,0,4
6208,3.00,30대,0,1,0,1,5
6209,5.00,50대,0,1,0,0,5
6210,5.00,50대,1,1,0,0,5
6211,2.00,20대,1,1,0,0,5
6212,4.00,40대,0,1,0,0,4
6213,6.00,60대이상,0,0,0,0,4
6214,5.00,50대,0,1,0,0,4
6215,2.00,20대,1,1,0,0,5
6216,2.00,20대,1,1,0,1,4
6217,2.00,20대,0,1,0,0,5
6218,2.00,20대,1,1,0,0,5
6219,5.00,50대,0,1,0,0,5
6220,3.00,30대,1,1,0,0,5
6221,3.00,30대,1,1,0,0,5
6222,2.00,20대,1,1,0,1,5
6223,3.00,30대,1,1,0,0,4
6224,3.00,30대,1,1,0,0,5
6225,2.00,20대,1,1,0,0,5
6226,4.00,40대,0,1,0,0,4
6227,2.00,20대,1,1,0,1,4
6228,4.00,40대,0,0,0,0,4
6229,3.00,30대,0,1,0,0,5
6230,3.00,30대,1,1,0,0,4
6231,2.00,20대,0,1,1,0,5
6232,3.00,30대,1,1,0,0,5
6233,5.00,50대,0,1,0,0,4
6234,2.00,20대,0,1,0,0,4
6235,2.00,20대,1,0,0,0,5
6236,5.00,50대,1,1,1,0,5
6237,4.00,40대,0,1,0,1,3
6238,3.00,30대,1,1,0,0,5
6239,4.00,40대,1,1,0,0,4
6240,3.00,30대,0,1,0,0,5
6241,2.00,20대,1,1,0,0,5
6242,3.00,30대,1,1,0,0,5
6243,5.00,50대,1,1,0,0,5
6244,2.00,20대,0,1,0,0,5
6245,5.00,50대,1,1,1,0,5
6246,2.00,20대,1,1,0,0,4
6247,2.00,20대,1,1,0,0,4
6248,4.00,40대,0,1,0,0,5
6249,3.00,30대,0,0,0,0,4
6250,5.00,50대,1,1,0,0,5
6251,4.00,40대,1,1,0,0,3
6252,2.00,20대,1,1,0,1,4
6253,2.00,20대,0,1,0,1,5
6254,5.00,50대,0,1,0,0,5
6255,4.00,40대,0,1,0,0,5
6256,2.00,20대,1,1,0,0,5
6257,2.00,20대,0,1,1,0,5
6258,3.00,30대,0,1,0,0,5
6259,3.00,30대,1,1,0,0,3
6260,4.00,40대,1,1,0,0,4
6261,2.00,20대,1,1,0,0,5
6262,3.00,30대,1,1,0,0,5
6263,2.00,20대,0,0,0,1,5
6264,2.00,20대,1,1,0,0,5
6265,3.00,30대,0,1,0,0,5
6266,2.00,20대,0,0,0,0,4
6267,5.00,50대,0,0,0,0,4
6268,6.00,60대이상,1,1,1,0,5
6269,2.00,20대,0,1,0,0,5
6270,3.00,30대,0,1,0,0,4
6271,5.00,50대,0,1,1,0,5
6272,4.00,40대,0,1,0,0,4
6273,5.00,50대,0,1,0,0,5
6274,2.00,20대,1,0,0,1,5
6275,2.00,20대,1,1,0,1,5
6276,2.00,20대,1,0,0,1,4
6277,4.00,40대,1,1,0,1,5
6278,3.00,30대,1,1,0,0,4
6279,4.00,40대,0,1,0,0,5
6280,5.00,50대,1,1,0,1,5
6281,5.00,50대,1,1,0,0,5
6282,6.00,60대이상,1,1,0,0,5
6283,2.00,20대,1,0,0,0,5
6284,3.00,30대,1,1,0,0,5
6285,2.00,20대,0,1,0,0,5
6286,5.00,50대,0,1,0,0,5
6287,2.00,20대,0,1,0,0,5
6288,3.00,30대,1,1,0,0,5
6289,6.00,60대이상,0,1,0,0,5
6290,2.00,20대,1,0,0,0,5
6291,4.00,40대,1,0,0,1,5
6292,3.00,30대,0,1,0,0,5
6293,2.00,20대,0,1,0,0,5
6294,2.00,20대,0,1,0,0,5
6295,2.00,20대,0,1,0,0,5
6296,4.00,40대,0,1,0,0,5
6297,2.00,20대,1,1,0,0,5
6298,4.00,40대,0,1,0,0,4
6299,2.00,20대,1,0,0,0,3
6300,3.00,30대,1,1,0,0,5
6301,5.00,50대,0,1,0,0,5
6302,4.00,40대,0,1,0,0,5
6303,4.00,40대,0,1,0,0,5
6304,2.00,20대,0,1,0,0,5
6305,3.00,30대,1,0,0,0,5
6306,3.00,30대,1,0,1,0,4
6307,5.00,50대,1,0,0,0,4
6308,4.00,40대,0,1,0,0,5
6309,2.00,20대,1,1,0,1,5
6310,6.00,60대이상,1,1,0,0,5
6311,2.00,20대,1,1,0,0,5
6312,2.00,20대,1,1,0,0,5
6313,3.00,30대,0,1,0,0,5
6314,2.00,20대,1,1,0,0,5
6315,1.00,10대,0,0,0,0,4
6316,3.00,30대,0,1,0,0,5
6317,2.00,20대,1,1,0,0,5
6318,2.00,20대,1,1,0,0,5
6319,4.00,40대,1,1,0,0,5
6320,3.00,30대,0,1,0,0,4
6321,2.00,20대,0,1,0,0,5
6322,5.00,50대,1,1,0,0,5
6323,3.00,30대,1,1,1,0,5
6324,4.00,40대,1,1,0,0,4
6325,2.00,20대,0,1,0,0,5
6326,3.00,30대,1,1,0,0,5
6327,2.00,20대,1,1,0,0,4
6328,2.00,20대,1,1,1,0,5
6329,2.00,20대,1,1,0,0,5
6330,4.00,40대,1,1,0,0,5
6331,2.00,20대,1,1,0,0,5
6332,3.00,30대,1,1,0,0,5
6333,3.00,30대,0,1,0,0,4
6334,4.00,40대,0,1,0,0,5
6335,2.00,20대,1,1,0,0,5
6336,2.00,20대,1,1,0,0,5
6337,6.00,60대이상,0,0,0,0,4
6338,4.00,40대,1,1,0,0,3
6339,4.00,40대,0,1,0,0,5
6340,3.00,30대,0,1,1,0,4
6341,4.00,40대,0,1,0,0,4
6342,2.00,20대,0,0,0,0,4
6343,6.00,60대이상,0,1,0,0,5
6344,3.00,30대,0,1,0,0,4
6345,3.00,30대,0,1,0,0,4
6346,5.00,50대,0,1,0,0,5
6347,6.00,60대이상,0,1,0,0,3
6348,5.00,50대,0,1,0,1,5
6349,2.00,20대,0,1,0,0,5
6350,4.00,40대,1,1,1,0,4
6351,3.00,30대,0,1,0,0,5
6352,5.00,50대,0,0,0,0,5
6353,2.00,20대,0,1,1,0,5
6354,4.00,40대,0,1,0,1,5
6355,5.00,50대,1,1,0,0,5
6356,2.00,20대,0,1,0,0,5
6357,3.00,30대,1,1,0,0,5
6358,2.00,20대,0,1,0,0,5
6359,3.00,30대,0,1,0,1,4
6360,5.00,50대,1,1,0,0,4
6361,5.00,50대,0,0,0,0,4
6362,3.00,30대,0,1,0,0,5
6363,3.00,30대,0,1,0,0,5
6364,3.00,30대,1,1,0,0,4
6365,3.00,30대,0,1,0,0,5
6366,2.00,20대,0,1,0,0,5
6367,2.00,20대,0,1,0,0,5
6368,3.00,30대,0,0,1,0,5
6369,2.00,20대,1,1,0,1,5
6370,2.00,20대,0,1,0,0,5
6371,3.00,30대,1,1,0,0,5
6372,2.00,20대,1,1,0,0,5
6373,5.00,50대,1,1,0,0,4
6374,2.00,20대,0,0,1,0,5
6375,2.00,20대,1,1,0,1,5
6376,2.00,20대,1,1,0,0,5
6377,4.00,40대,1,0,0,0,5
6378,4.00,40대,0,1,0,0,3
6379,3.00,30대,0,0,0,0,5
6380,2.00,20대,0,1,0,0,5
6381,4.00,40대,0,1,0,0,4
6382,3.00,30대,1,0,0,0,4
6383,5.00,50대,1,0,0,0,4
6384,4.00,40대,1,1,0,1,5
6385,2.00,20대,1,1,1,0,5
6386,3.00,30대,0,1,0,0,5
6387,3.00,30대,1,1,1,0,5
6388,2.00,20대,1,1,1,0,5
6389,2.00,20대,1,1,0,0,5
6390,2.00,20대,0,1,0,0,4
6391,4.00,40대,0,1,0,0,4
6392,4.00,40대,0,1,0,0,2
6393,2.00,20대,1,1,1,0,5
6394,2.00,20대,1,1,0,1,4
6395,4.00,40대,0,1,0,0,4
6396,5.00,50대,0,1,0,0,5
6397,4.00,40대,0,0,0,0,5
6398,5.00,50대,0,1,1,0,5
6399,2.00,20대,0,1,1,0,5
6400,2.00,20대,1,1,0,0,5
6401,4.00,40대,1,1,1,0,5
6402,2.00,20대,0,1,1,0,5
6403,2.00,20대,0,1,0,0,5
6404,3.00,30대,1,1,0,1,5
6405,1.00,10대,1,1,0,0,5
6406,5.00,50대,0,1,0,1,5
6407,6.00,60대이상,0,1,0,1,5
6408,2.00,20대,1,1,0,1,4
6409,2.00,20대,1,0,1,0,5
6410,2.00,20대,0,1,1,0,5
6411,5.00,50대,0,1,0,0,5
6412,4.00,40대,1,1,0,1,5
6413,5.00,50대,1,1,0,0,4
6414,4.00,40대,0,1,0,0,5
6415,3.00,30대,0,0,0,0,4
6416,4.00,40대,1,1,0,0,5
6417,2.00,20대,0,1,0,0,5
6418,2.00,20대,0,1,0,0,5
6419,2.00,20대,1,1,0,1,5
6420,2.00,20대,0,0,0,0,5
6421,4.00,40대,0,1,0,0,5
6422,4.00,40대,1,1,0,0,5
6423,3.00,30대,0,1,0,0,5
6424,3.00,30대,1,1,0,0,5
6425,2.00,20대,1,0,0,0,4
6426,3.00,30대,0,0,0,1,4
6427,2.00,20대,0,1,0,0,5
6428,2.00,20대,1,1,0,0,5
6429,5.00,50대,1,0,0,0,5
6430,4.00,40대,0,0,0,0,5
6431,3.00,30대,1,1,0,0,5
6432,5.00,50대,1,0,0,0,5
6433,6.00,60대이상,1,1,0,0,5
6434,3.00,30대,0,0,0,0,5
6435,3.00,30대,0,1,0,0,5
6436,3.00,30대,1,1,0,0,5
6437,3.00,30대,0,1,0,0,5
6438,2.00,20대,1,1,0,0,5
6439,2.00,20대,0,1,0,0,5
6440,2.00,20대,1,1,0,0,5
6441,2.00,20대,1,0,0,0,3
6442,5.00,50대,1,1,0,0,5
6443,4.00,40대,0,1,0,0,5
6444,2.00,20대,1,1,0,0,5
6445,2.00,20대,0,1,1,0,5
6446,2.00,20대,1,1,0,0,4
6447,3.00,30대,0,1,0,0,5
6448,6.00,60대이상,1,1,0,0,5
6449,3.00,30대,0,1,0,0,5
6450,2.00,20대,1,1,1,0,5
6451,3.00,30대,1,1,0,0,5
6452,3.00,30대,1,1,0,0,5
6453,3.00,30대,1,1,0,0,5
6454,2.00,20대,0,1,0,0,5
6455,3.00,30대,0,1,0,0,5
6456,4.00,40대,0,1,0,0,5
6457,2.00,20대,1,1,1,0,5
6458,3.00,30대,1,1,0,0,5
6459,3.00,30대,1,1,0,0,4
6460,3.00,30대,0,0,1,0,5
6461,4.00,40대,1,1,0,0,5
6462,5.00,50대,0,1,1,0,5
6463,4.00,40대,1,1,0,0,4
6464,4.00,40대,1,0,1,0,5
6465,3.00,30대,0,1,0,0,5
6466,2.00,20대,1,1,1,0,5
6467,3.00,30대,1,1,0,0,4
6468,2.00,20대,1,1,1,0,4
6469,2.00,20대,1,1,1,0,5
6470,5.00,50대,0,1,1,0,5
6471,4.00,40대,1,1,0,0,5
6472,3.00,30대,1,1,0,0,5
6473,4.00,40대,1,1,0,0,4
6474,3.00,30대,1,1,1,0,4
6475,3.00,30대,0,1,0,0,5
6476,2.00,20대,0,1,0,0,5
6477,2.00,20대,0,1,0,0,4
6478,2.00,20대,0,1,0,0,2
6479,2.00,20대,1,1,0,0,4
6480,2.00,20대,0,1,0,0,5
6481,5.00,50대,1,1,0,0,5
6482,3.00,30대,1,1,0,0,5
6483,3.00,30대,0,1,0,1,5
6484,3.00,30대,1,1,0,0,5
6485,5.00,50대,0,1,0,0,5
6486,2.00,20대,1,1,0,0,5
6487,4.00,40대,1,1,0,0,5
6488,6.00,60대이상,1,1,0,0,5
6489,3.00,30대,1,1,0,1,5
6490,5.00,50대,1,1,1,0,5
6491,5.00,50대,1,1,0,1,5
6492,2.00,20대,0,1,0,0,4
6493,2.00,20대,0,1,0,0,5
6494,2.00,20대,1,1,0,0,4
6495,3.00,30대,1,1,0,0,2
6496,2.00,20대,1,1,0,0,3
6497,3.00,30대,1,1,0,0,4
6498,2.00,20대,1,1,0,0,4
6499,3.00,30대,1,1,1,0,5
6500,4.00,40대,1,1,0,0,5
6501,2.00,20대,0,1,0,0,5
6502,2.00,20대,0,1,1,0,5
6503,3.00,30대,0,1,0,0,4
6504,2.00,20대,1,1,0,0,5
6505,4.00,40대,0,1,0,0,5
6506,2.00,20대,0,1,0,1,4
6507,4.00,40대,1,1,0,0,5
6508,6.00,60대이상,1,1,0,0,5
6509,2.00,20대,1,1,0,0,5
6510,2.00,20대,0,1,0,0,5
6511,2.00,20대,1,1,0,0,5
6512,5.00,50대,1,1,0,0,5
6513,4.00,40대,0,0,0,0,5
6514,2.00,20대,1,0,0,0,5
6515,3.00,30대,0,1,0,0,5
6516,2.00,20대,1,1,0,0,5
6517,2.00,20대,0,1,0,0,5
6518,3.00,30대,0,1,0,0,5
6519,6.00,60대이상,0,1,0,0,5
6520,1.00,10대,0,0,0,0,5
6521,4.00,40대,0,1,0,0,4
6522,3.00,30대,0,1,0,0,5
6523,3.00,30대,0,1,0,0,3
6524,1.00,10대,0,0,0,0,5
6525,4.00,40대,1,1,1,0,5
6526,5.00,50대,0,1,1,0,5
6527,4.00,40대,1,0,0,0,4
6528,4.00,40대,1,1,0,0,4
6529,5.00,50대,1,1,0,0,4
6530,3.00,30대,1,1,0,0,4
6531,2.00,20대,1,1,0,0,5
6532,4.00,40대,1,1,0,0,5
6533,2.00,20대,1,1,0,0,4
6534,3.00,30대,1,1,0,0,5
6535,3.00,30대,0,0,0,1,5
6536,2.00,20대,1,1,0,0,4
6537,3.00,30대,0,1,0,1,5
6538,2.00,20대,1,1,0,0,5
6539,2.00,20대,1,1,1,0,5
6540,3.00,30대,1,1,0,0,5
6541,2.00,20대,0,1,0,0,5
6542,2.00,20대,1,1,0,0,5
6543,2.00,20대,1,1,0,0,5
6544,2.00,20대,1,1,0,1,5
6545,5.00,50대,0,1,0,0,3
6546,5.00,50대,1,1,0,0,4
6547,2.00,20대,1,1,1,0,5
6548,2.00,20대,1,1,0,0,4
6549,2.00,20대,0,1,0,0,5
6550,2.00,20대,0,1,0,0,5
6551,1.00,10대,1,1,0,0,5
6552,3.00,30대,0,1,0,0,5
6553,3.00,30대,1,1,0,0,5
6554,3.00,30대,1,0,0,0,4
6555,2.00,20대,1,1,0,0,5
6556,2.00,20대,0,0,0,0,4
6557,2.00,20대,0,1,0,0,5
6558,2.00,20대,0,1,0,0,5
6559,4.00,40대,0,1,0,0,5
6560,4.00,40대,1,0,0,0,5
6561,2.00,20대,0,1,0,0,5
6562,3.00,30대,1,1,0,0,5
6563,3.00,30대,1,1,0,0,3
6564,2.00,20대,0,1,0,0,5
6565,3.00,30대,1,1,0,0,5
6566,1.00,10대,1,1,0,0,5
6567,6.00,60대이상,1,1,0,1,5
6568,2.00,20대,0,1,1,0,5
6569,5.00,50대,1,1,0,0,5
6570,5.00,50대,0,1,0,0,5
6571,3.00,30대,1,1,0,0,5
6572,5.00,50대,1,1,0,0,4
6573,2.00,20대,0,0,0,0,5
6574,2.00,20대,1,1,1,0,5
6575,5.00,50대,1,1,0,0,5
6576,4.00,40대,1,1,0,0,5
6577,2.00,20대,1,1,1,0,5
6578,3.00,30대,0,1,0,1,5
6579,2.00,20대,1,1,0,0,5
6580,1.00,10대,1,1,0,0,4
6581,3.00,30대,1,1,0,0,3
6582,3.00,30대,1,1,0,0,5
6583,2.00,20대,0,1,0,0,5
6584,2.00,20대,1,1,0,0,5
6585,4.00,40대,1,1,1,0,5
6586,3.00,30대,1,1,0,0,5
6587,4.00,40대,0,1,0,0,4
6588,5.00,50대,1,1,0,0,5
6589,2.00,20대,0,1,1,0,4
6590,5.00,50대,1,1,0,0,5
6591,2.00,20대,0,1,1,0,5
6592,6.00,60대이상,1,0,1,0,5
6593,2.00,20대,1,1,0,0,5
6594,6.00,60대이상,0,0,0,0,3
6595,3.00,30대,1,1,0,1,5
6596,2.00,20대,1,0,0,0,3
6597,5.00,50대,1,1,0,1,5
6598,2.00,20대,1,1,0,0,5
6599,6.00,60대이상,0,0,0,0,5
6600,2.00,20대,0,1,0,1,3
6601,2.00,20대,0,1,0,0,5
6602,3.00,30대,1,1,1,0,5
6603,1.00,10대,1,1,0,0,5
6604,2.00,20대,0,1,0,0,4
6605,2.00,20대,0,1,0,0,5
6606,4.00,40대,0,1,0,0,5
6607,2.00,20대,0,1,0,0,5
6608,5.00,50대,1,1,0,0,5
6609,2.00,20대,0,1,0,0,5
6610,2.00,20대,1,1,0,0,5
6611,2.00,20대,0,1,1,0,4
6612,2.00,20대,0,1,0,0,4
6613,4.00,40대,0,1,0,1,5
6614,5.00,50대,0,1,0,0,5
6615,5.00,50대,1,1,0,1,5
6616,4.00,40대,1,1,1,0,5
6617,5.00,50대,0,0,0,0,5
6618,2.00,20대,0,0,1,0,5
6619,6.00,60대이상,1,1,0,0,4
6620,3.00,30대,0,1,0,1,3
6621,3.00,30대,1,1,0,1,5
6622,3.00,30대,1,0,0,1,4
6623,5.00,50대,1,1,0,0,4
6624,4.00,40대,1,1,0,0,5
6625,3.00,30대,0,1,0,1,5
6626,5.00,50대,0,1,0,0,5
6627,5.00,50대,1,1,0,1,5
6628,2.00,20대,0,1,0,0,5
6629,5.00,50대,1,1,1,0,5
6630,3.00,30대,0,1,1,0,5
6631,4.00,40대,0,1,0,1,5
6632,2.00,20대,1,1,0,0,5
6633,6.00,60대이상,1,1,0,0,5
6634,2.00,20대,1,1,1,0,5
6635,4.00,40대,0,1,0,0,5
6636,4.00,40대,0,1,1,0,4
6637,2.00,20대,0,1,0,0,5
6638,2.00,20대,0,1,0,1,4
6639,2.00,20대,1,1,0,0,5
6640,5.00,50대,1,0,0,0,4
6641,6.00,60대이상,1,0,0,0,4
6642,2.00,20대,1,1,0,1,5
6643,2.00,20대,1,1,0,0,5
6644,1.00,10대,1,0,0,0,5
6645,5.00,50대,1,1,0,0,5
6646,2.00,20대,1,1,0,0,5
6647,5.00,50대,1,1,1,0,5
6648,2.00,20대,1,1,0,0,5
6649,5.00,50대,0,1,0,0,4
6650,2.00,20대,1,1,1,0,5
6651,4.00,40대,1,1,0,1,4
6652,2.00,20대,1,1,1,0,3
6653,5.00,50대,0,1,0,0,4
6654,2.00,20대,0,1,0,0,5
6655,2.00,20대,0,1,0,0,5
6656,4.00,40대,1,1,0,0,5
6657,2.00,20대,0,1,0,0,5
6658,3.00,30대,1,1,0,0,5
6659,4.00,40대,1,1,1,0,5
6660,2.00,20대,0,1,0,0,5
6661,2.00,20대,1,1,0,0,5
6662,2.00,20대,1,1,0,0,5
6663,3.00,30대,1,1,0,0,5
6664,5.00,50대,1,1,1,0,5
6665,2.00,20대,1,1,0,0,3
6666,2.00,20대,1,1,0,0,5
6667,6.00,60대이상,1,1,0,0,4
6668,6.00,60대이상,1,1,0,1,5
6669,2.00,20대,1,1,0,0,5
6670,5.00,50대,1,1,1,0,5
6671,3.00,30대,0,1,0,0,4
6672,5.00,50대,1,1,0,0,5
6673,2.00,20대,1,1,0,0,5
6674,6.00,60대이상,1,1,0,0,4
6675,6.00,60대이상,1,1,0,0,5
6676,2.00,20대,0,1,1,0,4
6677,5.00,50대,1,1,0,0,5
6678,2.00,20대,1,1,0,0,5
6679,3.00,30대,0,1,0,0,5
6680,4.00,40대,0,1,0,0,5
6681,2.00,20대,1,1,0,0,5
6682,4.00,40대,1,1,0,0,2
6683,2.00,20대,1,1,0,0,4
6684,3.00,30대,0,1,0,0,5
6685,2.00,20대,0,1,0,1,5
6686,6.00,60대이상,0,0,0,0,4
6687,2.00,20대,1,1,0,0,5
6688,2.00,20대,0,1,0,0,5
6689,6.00,60대이상,0,1,0,0,5
6690,1.00,10대,0,1,0,0,5
6691,3.00,30대,0,1,0,1,5
6692,2.00,20대,0,1,0,0,5
6693,2.00,20대,0,1,0,0,5
6694,3.00,30대,1,0,0,1,5
6695,3.00,30대,1,1,1,0,5
6696,2.00,20대,1,1,1,0,5
6697,2.00,20대,1,1,0,0,3
6698,2.00,20대,1,1,0,0,5
6699,4.00,40대,0,1,0,0,5
6700,2.00,20대,0,1,0,0,5
6701,2.00,20대,0,1,0,1,5
6702,3.00,30대,1,1,0,0,5
6703,3.00,30대,1,1,0,0,5
6704,2.00,20대,1,1,0,0,5
6705,2.00,20대,0,1,0,0,5
6706,2.00,20대,0,1,0,0,5
6707,5.00,50대,1,0,0,0,5
6708,3.00,30대,1,1,0,0,5
6709,4.00,40대,1,1,0,0,5
6710,5.00,50대,1,1,0,0,4
6711,5.00,50대,1,1,0,0,5
6712,3.00,30대,0,1,1,0,4
6713,2.00,20대,1,1,0,0,4
6714,2.00,20대,0,1,1,0,5
6715,5.00,50대,0,1,1,0,5
6716,3.00,30대,1,1,0,0,5
6717,2.00,20대,0,1,0,1,5
6718,2.00,20대,1,1,0,0,5
6719,4.00,40대,0,1,0,0,5
6720,4.00,40대,0,0,0,0,5
6721,3.00,30대,0,0,1,0,5
6722,5.00,50대,1,1,1,0,5
6723,5.00,50대,0,0,0,0,5
6724,3.00,30대,1,1,0,0,5
6725,2.00,20대,1,1,0,0,5
6726,6.00,60대이상,0,0,0,0,4
6727,2.00,20대,0,1,0,0,5
6728,2.00,20대,1,1,0,0,5
6729,3.00,30대,1,1,1,0,5
6730,2.00,20대,0,1,0,0,4
6731,3.00,30대,1,1,0,0,5
6732,4.00,40대,0,1,0,0,4
6733,6.00,60대이상,1,1,1,0,5
6734,3.00,30대,0,1,1,0,5
6735,3.00,30대,1,1,0,0,5
6736,3.00,30대,0,1,0,0,5
6737,2.00,20대,0,1,0,0,5
6738,3.00,30대,1,1,0,0,5
6739,5.00,50대,1,1,0,0,5
6740,5.00,50대,0,1,1,0,5
6741,2.00,20대,1,1,0,1,4
6742,5.00,50대,0,1,0,0,5
6743,4.00,40대,1,1,1,0,4
6744,2.00,20대,0,1,0,0,4
6745,3.00,30대,0,1,0,0,5
6746,3.00,30대,0,1,0,0,4
6747,5.00,50대,1,1,0,0,5
6748,2.00,20대,1,1,0,1,5
6749,3.00,30대,1,1,0,1,5
6750,2.00,20대,1,1,1,0,5
6751,4.00,40대,1,1,0,0,4
6752,2.00,20대,0,1,0,0,5
6753,5.00,50대,1,1,0,0,5
6754,5.00,50대,1,1,0,0,5
6755,2.00,20대,1,1,0,0,5
6756,5.00,50대,1,1,1,0,4
6757,4.00,40대,1,1,0,0,5
6758,6.00,60대이상,1,1,0,0,5
6759,5.00,50대,1,1,1,0,5
6760,6.00,60대이상,1,1,0,0,5
6761,4.00,40대,0,1,1,0,5
6762,5.00,50대,1,1,0,0,5
6763,4.00,40대,0,1,0,0,4
6764,3.00,30대,1,0,0,0,5
6765,3.00,30대,1,0,0,0,4
6766,2.00,20대,1,1,0,0,5
6767,1.00,10대,0,1,0,0,4
6768,3.00,30대,0,0,0,1,5
6769,3.00,30대,0,1,0,0,3
6770,6.00,60대이상,0,1,0,0,5
6771,6.00,60대이상,1,0,0,1,4
6772,3.00,30대,0,0,0,0,5
6773,5.00,50대,0,1,0,0,5
6774,3.00,30대,1,1,0,0,5
6775,6.00,60대이상,1,1,0,0,5
6776,2.00,20대,0,1,1,0,5
6777,2.00,20대,0,1,1,0,5
6778,2.00,20대,0,1,0,0,5
6779,2.00,20대,1,1,0,1,5
6780,2.00,20대,0,0,0,1,5
6781,2.00,20대,0,1,0,0,5
6782,2.00,20대,0,1,0,0,5
6783,2.00,20대,0,1,0,0,4
6784,5.00,50대,1,0,0,1,5
6785,3.00,30대,1,1,0,0,5
6786,4.00,40대,1,1,0,0,5
6787,2.00,20대,1,0,1,0,5
6788,2.00,20대,1,1,0,0,5
6789,4.00,40대,0,1,0,0,4
6790,2.00,20대,1,1,0,1,5
6791,5.00,50대,0,1,1,0,5
6792,4.00,40대,1,0,0,0,4
6793,5.00,50대,1,0,0,0,3
6794,4.00,40대,0,0,0,0,5
6795,5.00,50대,1,1,1,0,5
6796,6.00,60대이상,1,1,0,0,5
6797,2.00,20대,0,1,0,0,5
6798,2.00,20대,1,1,0,0,5
6799,2.00,20대,1,1,0,0,5
6800,2.00,20대,0,0,0,1,5
6801,5.00,50대,1,1,1,0,5
6802,3.00,30대,0,1,1,0,4
6803,4.00,40대,1,1,0,0,5
6804,5.00,50대,1,1,1,0,5
6805,2.00,20대,1,1,0,1,5
6806,2.00,20대,1,1,0,0,5
6807,5.00,50대,0,1,1,0,4
6808,5.00,50대,1,0,0,1,5
6809,3.00,30대,0,1,0,0,5
6810,3.00,30대,1,1,0,0,5
6811,2.00,20대,0,1,0,0,5
6812,2.00,20대,1,1,0,0,5
6813,2.00,20대,0,1,0,0,3
6814,2.00,20대,1,1,1,0,5
6815,4.00,40대,1,1,0,0,5
6816,2.00,20대,0,1,1,0,5
6817,2.00,20대,0,0,1,0,5
6818,2.00,20대,1,1,0,0,5
6819,3.00,30대,0,1,0,1,5
6820,2.00,20대,0,1,0,1,4
6821,3.00,30대,0,1,1,0,4
6822,4.00,40대,1,1,0,0,5
6823,5.00,50대,1,1,0,0,5
6824,2.00,20대,0,1,0,0,5
6825,3.00,30대,0,1,0,1,5
6826,4.00,40대,1,1,0,0,5
6827,2.00,20대,0,1,0,0,4
6828,2.00,20대,0,1,0,0,3
6829,3.00,30대,0,1,0,0,4
6830,1.00,10대,1,1,0,0,5
6831,3.00,30대,0,1,0,0,5
6832,4.00,40대,1,1,0,1,4
6833,6.00,60대이상,0,1,0,0,5
6834,5.00,50대,1,1,0,0,5
6835,4.00,40대,0,1,0,0,5
6836,3.00,30대,1,1,0,0,5
6837,3.00,30대,1,1,0,0,4
6838,2.00,20대,0,0,0,0,5
6839,3.00,30대,0,1,0,0,5
6840,4.00,40대,1,1,0,0,4
6841,2.00,20대,1,1,0,0,5
6842,6.00,60대이상,1,1,0,0,5
6843,3.00,30대,1,1,0,0,4
6844,1.00,10대,1,1,0,1,5
6845,3.00,30대,1,1,0,0,4
6846,3.00,30대,1,1,0,0,5
6847,3.00,30대,0,1,0,1,5
6848,2.00,20대,0,1,0,0,5
6849,3.00,30대,0,1,0,0,5
6850,5.00,50대,0,1,0,1,4
6851,3.00,30대,0,1,0,0,5
6852,4.00,40대,0,1,0,0,5
6853,2.00,20대,1,1,1,0,5
6854,2.00,20대,0,1,1,0,5
6855,4.00,40대,0,1,0,0,5
6856,2.00,20대,1,1,0,0,4
6857,2.00,20대,1,1,0,0,5
6858,2.00,20대,1,1,0,0,5
6859,2.00,20대,1,1,1,0,4
6860,2.00,20대,0,1,0,0,5
6861,3.00,30대,0,1,0,0,4
6862,3.00,30대,0,1,0,0,4
6863,6.00,60대이상,1,1,0,0,5
6864,2.00,20대,0,1,0,0,5
6865,3.00,30대,0,1,0,0,5
6866,3.00,30대,1,0,0,0,5
6867,3.00,30대,1,1,0,0,5
6868,3.00,30대,0,1,0,0,3
6869,6.00,60대이상,0,0,1,0,5
6870,4.00,40대,1,1,0,0,5
6871,6.00,60대이상,0,1,0,0,4
6872,2.00,20대,0,1,0,0,5
6873,3.00,30대,0,1,0,0,5
6874,5.00,50대,0,1,0,0,4
6875,5.00,50대,1,1,0,0,5
6876,3.00,30대,1,1,0,1,4
6877,6.00,60대이상,1,1,0,0,4
6878,2.00,20대,0,1,0,0,5
6879,3.00,30대,1,1,0,0,4
6880,2.00,20대,1,1,0,0,5
6881,3.00,30대,0,1,0,0,5
6882,6.00,60대이상,1,1,0,0,4
6883,3.00,30대,1,1,0,0,5
6884,5.00,50대,0,1,0,0,5
6885,2.00,20대,1,1,0,0,4
6886,3.00,30대,0,1,0,0,4
6887,2.00,20대,0,1,0,0,5
6888,1.00,10대,0,0,1,0,5
6889,2.00,20대,0,1,0,0,5
6890,2.00,20대,1,1,0,1,5
6891,2.00,20대,0,1,0,0,5
6892,5.00,50대,1,1,0,0,5
6893,3.00,30대,0,1,0,1,5
6894,3.00,30대,0,1,0,0,5
6895,2.00,20대,0,1,0,0,4
6896,2.00,20대,0,1,0,0,5
6897,2.00,20대,0,1,0,0,5
6898,5.00,50대,1,1,0,1,5
6899,4.00,40대,0,1,0,0,4
6900,5.00,50대,1,1,0,0,4
6901,3.00,30대,0,0,0,0,5
6902,3.00,30대,0,1,0,1,5
6903,3.00,30대,0,1,0,0,5
6904,5.00,50대,0,1,0,0,5
6905,5.00,50대,1,1,0,0,5
6906,3.00,30대,0,1,0,0,5
6907,2.00,20대,0,1,0,0,5
6908,4.00,40대,1,1,0,0,5
6909,5.00,50대,1,1,0,0,4
6910,4.00,40대,1,1,0,0,3
6911,2.00,20대,0,1,0,1,5
6912,3.00,30대,1,1,0,0,5
6913,2.00,20대,1,1,0,0,5
6914,3.00,30대,0,1,0,0,4
6915,3.00,30대,1,1,0,0,5
6916,5.00,50대,1,1,0,0,5
6917,5.00,50대,1,1,0,0,4
6918,3.00,30대,0,1,0,0,5
6919,3.00,30대,0,1,0,0,4
6920,6.00,60대이상,0,1,0,1,5
6921,4.00,40대,1,1,1,0,5
6922,4.00,40대,1,0,0,0,4
6923,2.00,20대,1,1,0,0,4
6924,4.00,40대,0,1,0,0,4
6925,4.00,40대,1,1,1,0,4
6926,5.00,50대,1,1,1,0,5
6927,4.00,40대,0,1,1,0,4
6928,2.00,20대,1,0,0,0,4
6929,5.00,50대,1,0,0,0,4
6930,3.00,30대,0,1,1,0,4
6931,5.00,50대,0,1,0,0,5
6932,4.00,40대,1,0,0,0,5
6933,4.00,40대,1,1,0,1,5
6934,3.00,30대,0,1,0,0,5
6935,4.00,40대,0,1,0,0,3
6936,2.00,20대,1,1,0,0,4
6937,5.00,50대,1,1,0,0,5
6938,3.00,30대,1,1,1,0,5
6939,3.00,30대,1,1,0,0,5
6940,4.00,40대,1,1,0,0,5
6941,3.00,30대,0,1,0,0,5
6942,5.00,50대,1,1,0,0,5
6943,3.00,30대,0,1,0,0,5
6944,2.00,20대,0,1,0,0,5
6945,3.00,30대,1,1,0,0,4
6946,3.00,30대,1,1,1,0,5
6947,2.00,20대,1,1,0,0,5
6948,3.00,30대,0,0,0,0,5
6949,3.00,30대,1,1,1,0,4
6950,2.00,20대,1,1,1,0,4
6951,3.00,30대,0,1,0,1,4
6952,5.00,50대,1,1,0,0,4
6953,1.00,10대,1,1,0,0,5
6954,4.00,40대,0,1,0,0,5
6955,2.00,20대,1,1,0,0,5
6956,6.00,60대이상,0,1,0,0,4
6957,4.00,40대,0,1,0,0,4
6958,2.00,20대,1,1,0,1,5
6959,3.00,30대,0,1,0,1,5
6960,5.00,50대,0,1,0,0,5
6961,2.00,20대,1,1,0,1,5
6962,5.00,50대,1,1,1,0,5
6963,2.00,20대,1,1,0,1,5
6964,2.00,20대,0,1,0,0,5
6965,2.00,20대,1,1,0,0,5
6966,3.00,30대,1,1,0,0,5
6967,4.00,40대,1,0,1,0,5
6968,4.00,40대,1,1,0,0,5
6969,2.00,20대,1,1,0,0,4
6970,3.00,30대,1,0,1,0,5
6971,2.00,20대,0,0,0,0,5
6972,1.00,10대,1,1,0,0,5
6973,4.00,40대,1,1,0,0,5
6974,3.00,30대,1,1,1,0,5
6975,4.00,40대,1,1,0,0,5
6976,5.00,50대,1,0,0,0,4
6977,2.00,20대,1,1,0,0,4
6978,3.00,30대,0,1,0,0,4
6979,3.00,30대,1,0,0,0,4
6980,2.00,20대,1,0,0,0,5
6981,2.00,20대,1,0,0,0,5
6982,2.00,20대,0,1,0,1,5
6983,2.00,20대,1,1,0,0,5
6984,2.00,20대,1,0,0,0,4
6985,6.00,60대이상,0,0,1,0,5
6986,2.00,20대,1,1,0,0,4
6987,6.00,60대이상,1,1,0,0,5
6988,5.00,50대,0,0,0,1,4
6989,5.00,50대,0,1,0,0,4
6990,3.00,30대,1,1,1,0,5
6991,4.00,40대,1,1,0,0,5
6992,3.00,30대,0,1,0,0,5
6993,4.00,40대,0,1,0,0,5
6994,3.00,30대,0,1,0,0,4
6995,6.00,60대이상,0,1,0,0,5
6996,3.00,30대,1,1,0,0,5
6997,2.00,20대,0,1,0,0,5
6998,3.00,30대,1,1,0,0,4
6999,2.00,20대,0,0,0,1,4
7000,6.00,60대이상,0,1,0,0,5
7001,5.00,50대,0,1,1,0,5
7002,6.00,60대이상,0,1,0,0,5
7003,3.00,30대,1,0,0,1,5
7004,2.00,20대,1,1,0,0,4
7005,2.00,20대,1,0,0,0,5
7006,2.00,20대,1,1,0,0,4
7007,3.00,30대,1,1,0,0,5
7008,2.00,20대,0,1,0,0,4
7009,2.00,20대,0,0,1,0,5
7010,2.00,20대,0,1,0,0,5
7011,4.00,40대,0,1,0,0,5
7012,2.00,20대,0,1,0,0,5
7013,2.00,20대,1,1,0,0,5
7014,3.00,30대,0,0,1,0,5
7015,3.00,30대,1,1,0,0,5
7016,4.00,40대,1,1,0,0,5
7017,2.00,20대,1,1,1,0,5
7018,2.00,20대,1,1,0,0,4
7019,3.00,30대,1,1,0,1,5
7020,4.00,40대,1,1,0,0,4
7021,2.00,20대,0,1,0,0,5
7022,3.00,30대,1,1,0,0,5
7023,3.00,30대,0,1,0,0,4
7024,2.00,20대,0,1,0,0,5
7025,3.00,30대,1,1,0,0,4
7026,4.00,40대,0,1,0,0,5
7027,5.00,50대,1,1,0,0,5
7028,3.00,30대,0,1,0,0,5
7029,4.00,40대,0,1,0,0,3
7030,3.00,30대,0,1,0,0,5
7031,6.00,60대이상,0,1,1,0,5
7032,5.00,50대,0,1,0,0,5
7033,5.00,50대,1,1,1,0,5
7034,4.00,40대,0,1,0,0,4
7035,5.00,50대,0,1,0,0,5
7036,3.00,30대,1,1,0,0,5
7037,4.00,40대,0,1,0,0,5
7038,2.00,20대,0,1,0,0,4
7039,3.00,30대,0,1,0,0,5
7040,3.00,30대,0,1,0,0,5
7041,2.00,20대,1,1,0,0,5
7042,3.00,30대,0,0,0,0,3
7043,2.00,20대,0,1,0,0,4
7044,2.00,20대,0,1,0,0,4
7045,5.00,50대,1,1,0,0,5
7046,1.00,10대,1,1,0,1,5
7047,1.00,10대,1,1,0,0,5
7048,2.00,20대,1,1,0,0,4
7049,1.00,10대,0,1,0,0,5
7050,4.00,40대,1,1,0,1,4
7051,3.00,30대,0,1,1,0,5
7052,2.00,20대,0,1,0,0,4
7053,2.00,20대,0,1,0,1,4
7054,3.00,30대,0,1,0,0,5
7055,3.00,30대,0,1,0,0,5
7056,5.00,50대,1,1,0,0,5
7057,3.00,30대,1,1,0,0,5
7058,4.00,40대,0,1,0,0,5
7059,2.00,20대,0,1,0,0,4
7060,2.00,20대,0,1,1,0,5
7061,2.00,20대,1,1,0,0,5
7062,4.00,40대,0,1,0,0,4
7063,4.00,40대,1,1,0,0,4
7064,4.00,40대,1,1,0,0,5
7065,2.00,20대,1,1,0,0,5
7066,3.00,30대,1,1,0,0,5
7067,2.00,20대,1,1,0,0,5
7068,2.00,20대,1,1,0,0,5
7069,3.00,30대,0,1,1,0,4
7070,2.00,20대,1,1,0,0,5
7071,3.00,30대,1,1,0,1,4
7072,2.00,20대,1,1,0,0,5
7073,2.00,20대,1,1,0,0,4
7074,3.00,30대,1,1,0,0,5
7075,3.00,30대,1,0,0,0,5
7076,2.00,20대,1,1,0,0,5
7077,5.00,50대,1,1,0,0,5
7078,3.00,30대,1,1,0,0,5
7079,5.00,50대,0,1,0,0,5
7080,2.00,20대,1,0,0,0,5
7081,5.00,50대,1,1,0,0,5
7082,4.00,40대,1,0,0,0,4
7083,3.00,30대,1,1,0,0,4
7084,5.00,50대,0,0,1,0,4
7085,3.00,30대,0,1,0,0,4
7086,4.00,40대,1,1,0,0,4
7087,3.00,30대,1,1,1,0,5
7088,1.00,10대,0,1,0,0,5
7089,5.00,50대,1,1,0,0,5
7090,3.00,30대,0,1,0,0,4
7091,3.00,30대,0,1,0,0,5
7092,2.00,20대,0,1,0,0,5
7093,2.00,20대,0,1,1,0,5
7094,5.00,50대,1,1,0,0,4
7095,2.00,20대,1,1,0,0,4
7096,2.00,20대,1,0,0,0,4
7097,3.00,30대,0,1,0,0,5
7098,2.00,20대,1,1,0,0,5
7099,5.00,50대,0,1,0,0,4
7100,2.00,20대,0,1,0,0,5
7101,1.00,10대,1,1,0,0,5
7102,5.00,50대,0,1,1,0,4
7103,4.00,40대,0,1,0,0,5
7104,2.00,20대,0,0,1,0,5
7105,4.00,40대,0,1,0,0,5
7106,3.00,30대,0,1,0,0,5
7107,3.00,30대,0,1,0,0,5
7108,2.00,20대,0,1,0,0,5
7109,4.00,40대,0,0,0,0,5
7110,3.00,30대,1,1,0,0,5
7111,3.00,30대,1,1,0,0,5
7112,4.00,40대,1,1,0,0,4
7113,3.00,30대,0,0,0,0,3
7114,2.00,20대,1,1,0,0,5
7115,4.00,40대,1,1,0,0,4
7116,2.00,20대,0,1,0,0,5
7117,6.00,60대이상,0,1,0,0,5
7118,3.00,30대,0,1,0,0,5
7119,4.00,40대,1,1,0,0,5
7120,2.00,20대,1,1,0,0,5
7121,2.00,20대,1,1,0,0,5
7122,2.00,20대,1,1,1,0,4
7123,3.00,30대,1,1,0,0,5
7124,2.00,20대,1,1,0,0,4
7125,2.00,20대,0,1,0,0,3
7126,4.00,40대,1,1,0,0,5
7127,5.00,50대,0,0,0,0,5
7128,4.00,40대,1,1,0,0,5
7129,2.00,20대,0,1,0,0,5
7130,2.00,20대,1,1,0,0,5
7131,4.00,40대,0,1,0,0,4
7132,2.00,20대,1,0,0,1,4
7133,5.00,50대,1,1,0,0,5
7134,2.00,20대,1,1,0,0,4
7135,4.00,40대,0,1,1,0,5
7136,2.00,20대,0,1,0,1,5
7137,5.00,50대,0,1,0,0,5
7138,3.00,30대,1,1,0,0,5
7139,5.00,50대,1,1,0,0,5
7140,2.00,20대,0,1,0,0,3
7141,2.00,20대,1,1,1,0,4
7142,3.00,30대,0,1,1,0,5
7143,2.00,20대,0,0,0,0,5
7144,4.00,40대,0,1,0,0,5
7145,3.00,30대,1,0,1,0,5
7146,3.00,30대,1,1,0,0,5
7147,2.00,20대,1,1,0,0,5
7148,5.00,50대,0,1,0,0,4
7149,4.00,40대,1,1,0,0,4
7150,3.00,30대,0,1,1,0,5
7151,2.00,20대,1,1,0,0,5
7152,2.00,20대,1,1,0,0,5
7153,2.00,20대,0,1,0,0,5
7154,4.00,40대,0,1,0,0,5
7155,2.00,20대,1,1,0,0,5
7156,3.00,30대,0,1,0,1,3
7157,3.00,30대,0,1,0,0,5
7158,2.00,20대,1,1,1,0,5
7159,4.00,40대,0,1,1,0,4
7160,2.00,20대,0,1,0,0,4
7161,4.00,40대,0,1,0,0,5
7162,2.00,20대,0,1,0,0,4
7163,2.00,20대,1,1,0,0,5
7164,2.00,20대,0,1,0,0,5
7165,2.00,20대,0,1,0,0,5
7166,2.00,20대,0,1,0,0,5
7167,2.00,20대,1,1,0,0,5
7168,6.00,60대이상,1,1,0,0,4
7169,4.00,40대,0,1,0,0,4
7170,2.00,20대,1,1,1,0,5
7171,3.00,30대,1,1,0,0,5
7172,5.00,50대,1,1,0,0,5
7173,5.00,50대,0,1,0,0,4
7174,2.00,20대,1,0,1,0,5
7175,3.00,30대,0,1,1,0,3
7176,3.00,30대,0,1,0,0,5
7177,3.00,30대,0,1,0,0,3
7178,2.00,20대,1,1,0,0,5
7179,5.00,50대,1,1,0,0,5
7180,3.00,30대,0,1,0,0,5
7181,4.00,40대,1,1,1,0,5
7182,4.00,40대,0,1,0,0,4
7183,2.00,20대,0,1,0,0,5
7184,3.00,30대,0,1,1,0,5
7185,3.00,30대,1,1,0,0,5
7186,2.00,20대,1,1,0,0,4
7187,2.00,20대,1,1,0,0,3
7188,3.00,30대,0,1,1,0,5
7189,3.00,30대,1,1,0,0,4
7190,3.00,30대,1,1,0,0,4
7191,4.00,40대,1,1,1,0,4
7192,3.00,30대,0,1,0,0,5
7193,6.00,60대이상,0,1,0,0,3
7194,2.00,20대,0,1,0,0,5
7195,3.00,30대,1,1,0,0,4
7196,2.00,20대,0,1,1,0,5
7197,2.00,20대,0,1,0,0,3
7198,4.00,40대,1,1,0,0,5
7199,2.00,20대,1,1,1,0,5
7200,3.00,30대,1,1,1,0,5
7201,2.00,20대,0,1,0,0,5
7202,4.00,40대,0,1,0,0,4
7203,2.00,20대,0,1,0,0,3
7204,2.00,20대,0,1,0,0,5
7205,4.00,40대,1,1,0,0,5
7206,2.00,20대,1,1,0,0,5
7207,5.00,50대,1,0,0,0,5
7208,6.00,60대이상,0,1,0,0,5
7209,4.00,40대,0,0,0,0,5
7210,3.00,30대,0,1,1,0,3
7211,3.00,30대,0,1,0,0,4
7212,1.00,10대,1,1,1,0,3
7213,4.00,40대,1,1,0,0,5
7214,3.00,30대,0,0,1,0,5
7215,3.00,30대,1,0,0,0,4
7216,3.00,30대,0,1,0,0,5
7217,4.00,40대,1,1,0,0,5
7218,3.00,30대,1,1,0,0,5
7219,6.00,60대이상,0,0,0,0,4
7220,2.00,20대,0,0,0,0,5
7221,6.00,60대이상,1,1,0,0,5
7222,2.00,20대,0,0,0,0,5
7223,3.00,30대,1,1,0,0,5
7224,3.00,30대,1,0,0,0,5
7225,2.00,20대,0,0,0,1,5
7226,4.00,40대,0,0,0,1,4
7227,5.00,50대,1,1,0,0,4
7228,3.00,30대,1,1,1,0,5
7229,3.00,30대,1,1,0,0,5
7230,5.00,50대,1,1,0,0,4
7231,6.00,60대이상,0,1,0,0,5
7232,5.00,50대,1,1,0,0,5
7233,6.00,60대이상,0,1,0,0,4
7234,3.00,30대,0,1,0,0,4
7235,2.00,20대,0,1,0,1,4
7236,5.00,50대,1,1,0,0,5
7237,5.00,50대,0,1,1,0,5
7238,2.00,20대,1,1,0,1,5
7239,6.00,60대이상,0,1,0,0,4
7240,4.00,40대,0,0,1,0,4
7241,2.00,20대,1,0,0,0,4
7242,2.00,20대,0,1,0,0,5
7243,2.00,20대,1,1,0,0,5
7244,4.00,40대,1,1,0,0,5
7245,2.00,20대,0,1,0,0,5
7246,5.00,50대,1,1,1,0,5
7247,4.00,40대,0,1,0,0,4
7248,3.00,30대,1,1,0,0,5
7249,3.00,30대,1,1,0,0,5
7250,3.00,30대,1,1,0,0,4
7251,2.00,20대,0,1,0,0,4
7252,2.00,20대,0,1,0,0,5
7253,2.00,20대,1,1,0,0,5
7254,4.00,40대,1,1,1,0,4
7255,2.00,20대,0,1,0,0,5
7256,5.00,50대,0,1,0,0,5
7257,2.00,20대,0,1,1,0,3
7258,3.00,30대,0,1,0,0,5
7259,3.00,30대,1,1,0,0,5
7260,3.00,30대,1,1,0,0,5
7261,4.00,40대,0,1,1,0,5
7262,5.00,50대,0,0,1,0,5
7263,4.00,40대,0,1,0,0,5
7264,4.00,40대,0,1,0,0,4
7265,3.00,30대,0,1,0,0,5
7266,3.00,30대,0,1,0,0,3
7267,2.00,20대,0,1,0,0,5
7268,6.00,60대이상,1,1,0,0,4
7269,2.00,20대,0,1,0,0,5
7270,3.00,30대,0,1,0,0,5
7271,2.00,20대,1,1,0,0,5
7272,4.00,40대,0,0,0,0,4
7273,2.00,20대,1,1,0,0,5
7274,2.00,20대,0,1,0,0,4
7275,4.00,40대,1,1,0,0,4
7276,5.00,50대,0,1,0,0,5
7277,3.00,30대,1,1,0,0,4
7278,4.00,40대,1,1,0,0,4
7279,3.00,30대,0,1,0,0,5
7280,4.00,40대,0,1,0,0,5
7281,2.00,20대,0,0,0,0,5
7282,5.00,50대,0,1,0,0,5
7283,4.00,40대,1,1,0,0,5
7284,2.00,20대,0,1,0,1,5
7285,3.00,30대,1,1,0,0,5
7286,2.00,20대,1,1,0,0,5
7287,4.00,40대,1,1,0,0,5
7288,3.00,30대,1,1,0,0,5
7289,2.00,20대,1,1,0,0,5
7290,2.00,20대,1,1,1,0,3
7291,3.00,30대,0,1,0,0,4
7292,4.00,40대,1,1,1,0,5
7293,3.00,30대,1,1,0,1,5
7294,3.00,30대,1,1,0,0,4
7295,2.00,20대,1,1,0,0,5
7296,4.00,40대,1,1,0,0,5
7297,6.00,60대이상,0,1,0,0,5
7298,2.00,20대,1,1,0,0,5
7299,3.00,30대,0,1,0,0,5
7300,2.00,20대,1,1,0,0,5
7301,2.00,20대,0,1,0,0,4
7302,2.00,20대,0,1,0,0,4
7303,6.00,60대이상,1,1,0,0,5
7304,4.00,40대,0,1,0,0,5
7305,2.00,20대,0,1,0,0,5
7306,2.00,20대,0,1,0,0,4
7307,5.00,50대,0,1,0,0,4
7308,2.00,20대,1,1,0,1,5
7309,3.00,30대,1,1,0,0,5
7310,2.00,20대,0,1,0,0,5
7311,3.00,30대,1,1,1,0,5
7312,2.00,20대,1,1,0,0,5
7313,4.00,40대,1,1,0,0,5
7314,5.00,50대,1,1,0,1,4
7315,2.00,20대,1,1,0,0,5
7316,3.00,30대,1,1,0,0,5
7317,2.00,20대,0,1,0,0,5
7318,4.00,40대,1,1,0,0,3
7319,3.00,30대,0,1,0,0,4
7320,5.00,50대,0,1,0,0,4
7321,2.00,20대,0,1,0,0,5
7322,2.00,20대,1,1,1,0,5
7323,3.00,30대,1,1,0,0,5
7324,2.00,20대,0,1,0,0,5
7325,2.00,20대,1,1,0,0,5
7326,5.00,50대,0,0,0,0,5
7327,2.00,20대,1,1,0,1,5
7328,3.00,30대,0,1,0,0,5
7329,2.00,20대,1,1,1,0,5
7330,4.00,40대,0,1,0,0,5
7331,5.00,50대,0,0,0,0,4
7332,3.00,30대,0,1,0,0,5
7333,2.00,20대,1,1,0,0,5
7334,5.00,50대,0,0,1,0,5
7335,4.00,40대,0,0,0,0,5
7336,3.00,30대,0,1,1,0,5
7337,3.00,30대,1,0,0,0,4
7338,3.00,30대,0,1,0,0,5
7339,2.00,20대,1,1,0,0,5
7340,4.00,40대,1,1,0,0,5
7341,2.00,20대,1,1,0,0,5
7342,2.00,20대,1,1,0,0,5
7343,3.00,30대,0,1,0,0,4
7344,2.00,20대,0,1,0,1,5
7345,3.00,30대,1,1,0,0,3
7346,2.00,20대,1,1,0,1,5
7347,2.00,20대,1,1,0,0,5
7348,3.00,30대,1,1,0,1,4
7349,2.00,20대,0,1,0,0,3
7350,3.00,30대,1,1,0,0,5
7351,5.00,50대,0,1,0,0,5
7352,5.00,50대,0,1,1,0,4
7353,3.00,30대,0,1,0,0,5
7354,3.00,30대,1,1,0,0,5
7355,5.00,50대,0,0,0,0,4
7356,6.00,60대이상,1,1,0,0,5
7357,3.00,30대,0,1,0,0,5
7358,4.00,40대,0,0,1,0,4
7359,4.00,40대,1,1,1,0,4
7360,6.00,60대이상,1,1,0,0,5
7361,4.00,40대,1,1,0,0,5
7362,6.00,60대이상,1,0,0,0,5
7363,4.00,40대,1,0,0,0,5
7364,5.00,50대,0,1,0,0,4
7365,2.00,20대,0,1,0,0,4
7366,3.00,30대,0,1,0,0,5
7367,2.00,20대,1,1,0,0,3
7368,3.00,30대,1,1,0,0,4
7369,6.00,60대이상,1,1,0,0,5
7370,2.00,20대,0,1,0,0,4
7371,5.00,50대,1,1,0,0,5
7372,3.00,30대,1,1,0,0,5
7373,2.00,20대,0,1,0,0,5
7374,5.00,50대,0,1,0,0,3
7375,2.00,20대,1,1,0,0,5
7376,2.00,20대,1,1,0,0,5
7377,2.00,20대,0,1,0,0,4
7378,3.00,30대,0,1,0,1,4
7379,4.00,40대,1,1,0,0,5
7380,5.00,50대,0,1,0,0,5
7381,2.00,20대,1,1,1,0,5
7382,2.00,20대,1,1,0,0,5
7383,2.00,20대,1,1,0,1,5
7384,4.00,40대,0,1,0,1,5
7385,2.00,20대,1,1,0,0,5
7386,6.00,60대이상,0,0,0,0,4
7387,3.00,30대,0,1,0,0,5
7388,5.00,50대,1,1,0,0,5
7389,2.00,20대,1,1,0,0,5
7390,5.00,50대,1,1,0,0,4
7391,2.00,20대,1,1,1,0,4
7392,3.00,30대,1,1,0,0,5
7393,5.00,50대,0,1,0,0,5
7394,2.00,20대,0,0,0,0,4
7395,2.00,20대,1,1,0,0,5
7396,4.00,40대,0,1,0,0,5
7397,2.00,20대,1,1,0,0,5
7398,5.00,50대,1,0,0,0,4
7399,4.00,40대,0,1,0,0,5
7400,5.00,50대,1,0,0,0,5
7401,1.00,10대,1,1,0,0,5
7402,2.00,20대,1,1,1,0,5
7403,5.00,50대,0,1,0,0,4
7404,2.00,20대,1,1,0,1,5
7405,5.00,50대,1,0,1,0,5
7406,5.00,50대,0,0,0,0,5
7407,2.00,20대,1,1,0,0,5
7408,4.00,40대,1,1,0,1,5
7409,3.00,30대,0,1,0,0,5
7410,3.00,30대,0,1,1,0,5
7411,2.00,20대,0,1,0,0,5
7412,5.00,50대,0,1,0,0,4
7413,3.00,30대,0,1,0,0,5
7414,3.00,30대,1,1,0,0,5
7415,5.00,50대,1,1,1,0,5
7416,3.00,30대,0,1,0,0,5
7417,4.00,40대,1,1,1,0,5
7418,4.00,40대,1,1,0,0,4
7419,5.00,50대,0,1,1,0,5
7420,1.00,10대,0,1,0,0,5
7421,3.00,30대,0,1,0,1,5
7422,4.00,40대,1,0,0,1,5
7423,3.00,30대,1,1,0,0,5
7424,2.00,20대,1,0,0,1,5
7425,3.00,30대,1,1,1,0,5
7426,3.00,30대,0,1,1,0,5
7427,2.00,20대,0,1,0,1,4
7428,3.00,30대,1,1,1,0,5
7429,4.00,40대,0,1,0,0,5
7430,2.00,20대,1,1,0,0,4
7431,2.00,20대,1,1,1,0,5
7432,2.00,20대,1,1,0,1,5
7433,5.00,50대,1,1,0,0,5
7434,3.00,30대,1,1,1,0,5
7435,2.00,20대,0,1,0,0,4
7436,2.00,20대,1,1,0,0,4
7437,3.00,30대,1,1,0,0,5
7438,3.00,30대,0,0,1,0,5
7439,2.00,20대,1,0,0,1,5
7440,4.00,40대,0,0,0,1,5
7441,2.00,20대,1,0,1,0,5
7442,3.00,30대,1,1,0,1,5
7443,3.00,30대,1,0,0,1,4
7444,1.00,10대,1,1,0,0,5
7445,2.00,20대,1,1,0,0,5
7446,3.00,30대,1,0,1,0,5
7447,2.00,20대,1,1,0,0,5
7448,3.00,30대,1,1,0,0,5
7449,2.00,20대,0,1,0,0,4
7450,3.00,30대,0,1,0,0,5
7451,2.00,20대,1,0,1,0,5
7452,2.00,20대,1,1,0,0,5
7453,2.00,20대,0,1,0,0,5
7454,2.00,20대,1,1,0,0,5
7455,3.00,30대,1,0,0,1,5
7456,4.00,40대,0,1,0,0,4
7457,5.00,50대,0,1,0,0,5
7458,2.00,20대,1,0,0,0,5
7459,2.00,20대,1,0,0,0,4
7460,2.00,20대,1,0,0,0,5
7461,2.00,20대,1,1,0,0,4
7462,4.00,40대,1,1,0,0,5
7463,2.00,20대,1,1,0,0,5
7464,2.00,20대,0,0,0,0,5
7465,5.00,50대,1,1,0,0,5
7466,4.00,40대,1,1,0,0,5
7467,5.00,50대,0,0,0,0,5
7468,6.00,60대이상,1,1,0,0,5
7469,2.00,20대,0,0,0,0,5
7470,5.00,50대,1,0,0,1,5
7471,5.00,50대,0,0,0,0,5
7472,3.00,30대,0,1,0,0,4
7473,2.00,20대,1,1,0,0,4
7474,2.00,20대,1,1,0,0,4
7475,4.00,40대,0,0,0,0,5
7476,3.00,30대,0,1,0,0,5
7477,2.00,20대,1,1,0,0,3
7478,4.00,40대,0,0,0,0,5
7479,3.00,30대,1,1,1,0,5
7480,2.00,20대,1,1,1,0,4
7481,2.00,20대,0,1,1,0,5
7482,2.00,20대,0,0,0,1,5
7483,2.00,20대,1,1,0,0,5
7484,3.00,30대,0,1,0,0,5
7485,3.00,30대,0,1,0,0,4
7486,3.00,30대,1,1,0,0,5
7487,2.00,20대,1,1,0,0,4
7488,3.00,30대,1,0,0,1,5
7489,3.00,30대,1,1,0,1,5
7490,2.00,20대,1,0,0,0,4
7491,3.00,30대,0,0,0,0,5
7492,3.00,30대,1,1,0,0,5
7493,2.00,20대,0,1,0,0,5
7494,5.00,50대,0,1,0,0,4
7495,6.00,60대이상,1,1,0,0,5
7496,3.00,30대,0,1,0,0,5
7497,4.00,40대,0,1,0,0,5
7498,3.00,30대,0,1,0,0,4
7499,5.00,50대,0,1,0,0,5
7500,2.00,20대,0,1,0,0,5
7501,2.00,20대,1,1,0,0,4
7502,2.00,20대,0,1,0,0,3
7503,3.00,30대,1,1,0,0,5
7504,3.00,30대,0,1,0,0,4
7505,3.00,30대,0,1,0,0,5
7506,5.00,50대,0,1,0,0,4
7507,3.00,30대,1,1,0,0,5
7508,3.00,30대,1,1,0,1,5
7509,3.00,30대,1,1,0,0,5
7510,5.00,50대,1,1,0,0,4
7511,2.00,20대,1,1,0,1,5
7512,2.00,20대,0,1,0,0,5
7513,2.00,20대,1,1,0,0,5
7514,3.00,30대,1,1,0,0,4
7515,3.00,30대,1,1,0,1,4
7516,5.00,50대,1,1,0,0,5
7517,2.00,20대,1,1,0,0,4
7518,1.00,10대,0,0,0,0,5
7519,4.00,40대,0,1,0,0,5
7520,5.00,50대,0,0,0,0,4
7521,6.00,60대이상,1,0,0,0,5
7522,3.00,30대,1,1,0,0,5
7523,3.00,30대,1,1,0,0,5
7524,3.00,30대,0,1,0,1,5
7525,4.00,40대,1,1,0,0,5
7526,4.00,40대,1,1,0,0,5
7527,3.00,30대,0,0,0,0,5
7528,4.00,40대,1,1,0,0,4
7529,3.00,30대,1,1,0,0,5
7530,2.00,20대,1,1,0,0,5
7531,2.00,20대,0,1,0,0,5
7532,5.00,50대,0,1,1,0,4
7533,3.00,30대,1,1,0,0,5
7534,3.00,30대,0,0,0,0,5
7535,3.00,30대,0,1,1,0,4
7536,2.00,20대,1,1,0,0,4
7537,3.00,30대,1,1,0,0,5
7538,3.00,30대,1,0,0,0,5
7539,2.00,20대,0,1,0,0,4
7540,5.00,50대,1,1,0,0,5
7541,2.00,20대,0,1,0,0,5
7542,2.00,20대,1,1,0,0,5
7543,2.00,20대,0,1,1,0,3
7544,2.00,20대,1,1,1,0,5
7545,3.00,30대,1,0,1,0,4
7546,2.00,20대,1,1,0,0,5
7547,4.00,40대,1,1,1,0,5
7548,5.00,50대,1,1,0,1,5
7549,2.00,20대,1,1,0,0,4
7550,2.00,20대,1,1,1,0,5
7551,2.00,20대,1,0,1,0,5
7552,2.00,20대,1,1,0,0,5
7553,2.00,20대,1,1,0,0,5
7554,3.00,30대,1,0,0,0,5
7555,6.00,60대이상,0,1,1,0,5
7556,3.00,30대,1,0,0,1,4
7557,2.00,20대,1,1,0,0,4
7558,3.00,30대,0,0,0,0,5
7559,3.00,30대,1,1,0,0,5
7560,5.00,50대,0,1,0,0,4
7561,3.00,30대,1,1,1,0,4
7562,3.00,30대,1,1,0,0,5
7563,3.00,30대,1,0,1,0,5
7564,5.00,50대,0,0,0,0,5
7565,2.00,20대,1,1,0,0,5
7566,3.00,30대,0,1,0,0,5
7567,2.00,20대,0,0,0,0,4
7568,6.00,60대이상,1,1,1,0,5
7569,2.00,20대,1,0,0,1,5
7570,4.00,40대,0,1,0,1,5
7571,2.00,20대,1,0,1,0,5
7572,1.00,10대,0,0,0,0,5
7573,5.00,50대,0,1,0,0,5
7574,2.00,20대,1,1,0,0,5
7575,3.00,30대,1,1,0,0,5
7576,2.00,20대,1,1,1,0,5
7577,2.00,20대,1,1,0,0,5
7578,4.00,40대,1,1,0,0,5
7579,5.00,50대,1,0,1,0,5
7580,4.00,40대,1,1,0,0,5
7581,3.00,30대,0,1,0,0,5
7582,5.00,50대,1,1,1,0,5
7583,4.00,40대,1,1,1,0,5
7584,5.00,50대,1,1,0,0,5
7585,5.00,50대,1,1,1,0,5
7586,4.00,40대,1,1,0,1,5
7587,2.00,20대,1,1,0,0,5
7588,3.00,30대,1,1,0,0,5
7589,2.00,20대,0,1,0,0,5
7590,5.00,50대,1,1,0,0,5
7591,3.00,30대,0,0,1,0,5
7592,3.00,30대,1,1,0,1,5
7593,3.00,30대,0,1,0,0,5
7594,5.00,50대,0,1,0,0,5
7595,4.00,40대,1,1,0,0,5
7596,4.00,40대,1,1,0,0,4
7597,4.00,40대,0,1,0,0,5
7598,3.00,30대,1,1,0,0,4
7599,5.00,50대,1,1,0,0,5
7600,2.00,20대,0,1,0,0,5
7601,2.00,20대,1,1,0,1,5
7602,5.00,50대,1,1,0,0,5
7603,4.00,40대,0,1,0,0,5
7604,2.00,20대,1,1,0,0,4
7605,3.00,30대,1,1,0,1,5
7606,2.00,20대,1,1,0,0,5
7607,3.00,30대,1,1,0,0,5
7608,5.00,50대,1,1,0,1,5
7609,4.00,40대,0,1,0,0,4
7610,2.00,20대,1,1,0,0,5
7611,6.00,60대이상,1,1,0,0,4
7612,3.00,30대,1,1,0,0,5
7613,5.00,50대,1,1,0,0,5
7614,4.00,40대,1,1,1,0,4
7615,2.00,20대,1,1,1,0,5
7616,4.00,40대,1,1,0,0,4
7617,2.00,20대,1,1,0,0,5
7618,3.00,30대,1,0,0,0,5
7619,4.00,40대,0,1,0,0,5
7620,3.00,30대,1,1,0,0,4
7621,2.00,20대,1,1,0,0,4
7622,3.00,30대,1,1,0,0,5
7623,3.00,30대,0,1,0,0,5
7624,4.00,40대,1,1,0,0,4
7625,2.00,20대,1,1,0,1,5
7626,2.00,20대,1,1,0,0,5
7627,2.00,20대,1,1,1,0,5
7628,4.00,40대,1,1,0,0,5
7629,1.00,10대,0,1,0,0,5
7630,2.00,20대,0,1,0,0,4
7631,5.00,50대,0,1,0,0,5
7632,2.00,20대,1,1,0,0,5
7633,3.00,30대,1,1,0,0,4
7634,5.00,50대,1,1,0,0,5
7635,3.00,30대,1,1,1,0,5
7636,2.00,20대,1,0,0,1,5
7637,4.00,40대,1,1,1,0,5
7638,2.00,20대,0,1,1,0,4
7639,5.00,50대,1,1,0,0,4
7640,3.00,30대,1,1,0,0,5
7641,5.00,50대,1,0,0,1,5
7642,2.00,20대,1,1,0,1,4
7643,6.00,60대이상,1,1,0,0,4
7644,2.00,20대,0,1,0,0,5
7645,4.00,40대,1,1,0,0,5
7646,6.00,60대이상,1,1,1,0,5
7647,3.00,30대,1,1,0,0,3
7648,5.00,50대,1,1,1,0,5
7649,4.00,40대,1,1,0,0,5
7650,5.00,50대,1,1,1,0,5
7651,5.00,50대,1,1,0,0,4
7652,5.00,50대,0,1,1,0,4
7653,2.00,20대,1,1,0,0,5
7654,2.00,20대,1,1,0,0,3
7655,4.00,40대,1,1,0,0,4
7656,2.00,20대,1,1,0,0,5
7657,2.00,20대,1,1,1,0,5
7658,2.00,20대,1,1,0,0,5
7659,5.00,50대,1,1,0,0,5
7660,4.00,40대,0,1,0,0,4
7661,2.00,20대,1,1,0,0,5
7662,6.00,60대이상,0,0,0,1,5
7663,5.00,50대,1,1,0,0,5
7664,1.00,10대,1,0,0,0,5
7665,2.00,20대,0,1,0,0,5
7666,5.00,50대,0,0,0,0,4
7667,2.00,20대,1,1,0,0,4
7668,2.00,20대,1,1,0,1,5
7669,6.00,60대이상,0,1,0,1,4
7670,3.00,30대,1,1,0,0,5
7671,2.00,20대,1,1,0,0,5
7672,2.00,20대,1,1,0,0,5
7673,4.00,40대,1,1,0,0,4
7674,2.00,20대,0,1,0,0,3
7675,5.00,50대,0,1,1,0,5
7676,5.00,50대,0,1,1,0,5
7677,2.00,20대,1,1,1,0,5
7678,2.00,20대,0,1,0,0,5
7679,3.00,30대,1,1,0,0,5
7680,2.00,20대,0,1,0,1,5
7681,2.00,20대,1,1,1,0,4
7682,6.00,60대이상,1,1,0,0,5
7683,2.00,20대,1,1,0,1,5
7684,6.00,60대이상,1,1,0,0,4
7685,2.00,20대,1,0,0,1,5
7686,2.00,20대,1,0,0,0,5
7687,4.00,40대,0,1,1,0,5
7688,3.00,30대,1,1,0,1,4
7689,2.00,20대,0,1,1,0,5
7690,3.00,30대,0,1,0,0,5
7691,3.00,30대,0,1,0,1,5
7692,5.00,50대,1,1,0,0,5
7693,3.00,30대,0,1,0,0,4
7694,3.00,30대,0,1,1,0,5
7695,5.00,50대,0,1,0,0,5
7696,2.00,20대,1,1,0,0,5
7697,6.00,60대이상,1,1,0,0,5
7698,5.00,50대,0,1,0,0,4
7699,5.00,50대,1,1,0,0,5
7700,2.00,20대,0,1,0,0,4
7701,5.00,50대,0,1,0,0,5
7702,2.00,20대,1,1,0,0,5
7703,2.00,20대,1,1,0,0,5
7704,2.00,20대,0,0,1,0,2
7705,5.00,50대,0,1,0,0,5
7706,3.00,30대,0,1,0,1,5
7707,4.00,40대,0,1,0,0,5
7708,2.00,20대,0,1,0,0,5
7709,3.00,30대,1,1,0,0,5
7710,5.00,50대,1,1,0,0,5
7711,3.00,30대,0,1,0,0,5
7712,3.00,30대,1,1,0,0,4
7713,4.00,40대,1,1,0,1,5
7714,5.00,50대,1,1,0,1,5
7715,3.00,30대,0,1,0,0,5
7716,3.00,30대,0,1,0,0,4
7717,2.00,20대,1,1,0,0,5
7718,4.00,40대,1,1,0,0,5
7719,4.00,40대,0,1,0,0,5
7720,2.00,20대,1,1,0,0,5
7721,4.00,40대,1,0,0,0,4
7722,5.00,50대,0,1,0,0,5
7723,2.00,20대,0,1,0,0,3
7724,2.00,20대,1,1,0,0,3
7725,3.00,30대,0,1,1,0,4
7726,2.00,20대,0,1,0,0,5
7727,3.00,30대,1,0,0,0,5
7728,2.00,20대,1,1,0,0,5
7729,3.00,30대,1,1,0,0,5
7730,3.00,30대,1,1,0,0,5
7731,6.00,60대이상,1,1,0,0,5
7732,4.00,40대,0,0,0,0,4
7733,2.00,20대,1,1,1,0,4
7734,4.00,40대,1,1,0,0,3
7735,5.00,50대,1,1,0,0,5
7736,2.00,20대,0,1,0,0,5
7737,6.00,60대이상,0,1,0,1,5
7738,4.00,40대,1,1,0,0,4
7739,2.00,20대,1,1,0,1,5
7740,2.00,20대,1,1,0,0,5
7741,4.00,40대,1,1,0,0,5
7742,4.00,40대,1,1,0,1,5
7743,3.00,30대,1,0,0,1,4
7744,3.00,30대,0,1,0,0,5
7745,2.00,20대,0,1,1,0,4
7746,2.00,20대,1,1,1,0,5
7747,3.00,30대,1,1,0,0,5
7748,3.00,30대,0,1,0,0,5
7749,4.00,40대,1,1,0,0,5
7750,2.00,20대,1,1,0,0,4
7751,2.00,20대,0,1,0,0,5
7752,3.00,30대,1,1,0,0,5
7753,2.00,20대,0,1,0,0,4
7754,3.00,30대,1,1,0,0,5
7755,3.00,30대,1,1,0,0,5
7756,3.00,30대,1,1,0,0,5
7757,2.00,20대,1,1,1,0,4
7758,5.00,50대,1,1,0,0,5
7759,2.00,20대,0,1,0,0,5
7760,2.00,20대,1,1,0,0,5
7761,2.00,20대,0,1,0,0,4
7762,3.00,30대,1,0,0,0,5
7763,3.00,30대,1,1,1,0,5
7764,2.00,20대,1,1,0,0,5
7765,2.00,20대,1,1,0,0,5
7766,3.00,30대,1,1,0,0,5
7767,2.00,20대,1,1,0,1,5
7768,4.00,40대,1,1,0,0,5
7769,3.00,30대,0,1,0,0,5
7770,4.00,40대,1,0,0,0,5
7771,3.00,30대,1,1,0,0,5
7772,2.00,20대,0,1,0,0,5
7773,3.00,30대,1,1,0,0,5
7774,3.00,30대,1,1,1,0,5
7775,5.00,50대,0,1,0,0,5
7776,5.00,50대,1,1,0,0,5
7777,2.00,20대,0,1,0,0,4
7778,1.00,10대,1,1,0,1,4
7779,5.00,50대,1,0,0,0,4
7780,4.00,40대,1,1,1,0,5
7781,3.00,30대,0,1,0,0,5
7782,4.00,40대,0,1,0,1,5
7783,3.00,30대,1,1,0,0,5
7784,2.00,20대,0,1,1,0,3
7785,3.00,30대,0,1,0,1,5
7786,5.00,50대,1,1,0,0,3
7787,5.00,50대,1,1,0,1,4
7788,3.00,30대,1,1,0,0,5
7789,2.00,20대,0,1,0,0,5
7790,3.00,30대,1,1,0,0,4
7791,2.00,20대,0,1,0,0,5
7792,2.00,20대,1,1,1,0,4
7793,3.00,30대,0,1,0,0,4
7794,6.00,60대이상,0,1,0,0,5
7795,2.00,20대,0,1,0,0,5
7796,2.00,20대,1,1,0,1,5
7797,2.00,20대,1,1,0,0,5
7798,2.00,20대,0,1,0,0,5
7799,2.00,20대,1,1,0,1,4
7800,2.00,20대,0,1,0,0,4
7801,2.00,20대,0,1,0,0,4
7802,3.00,30대,1,0,0,0,4
7803,5.00,50대,1,1,1,0,5
7804,2.00,20대,1,1,0,1,5
7805,5.00,50대,0,0,0,0,3
7806,2.00,20대,1,1,0,0,4
7807,3.00,30대,1,0,0,0,5
7808,6.00,60대이상,0,0,0,0,5
7809,3.00,30대,1,0,0,0,5
7810,2.00,20대,1,1,0,0,4
7811,3.00,30대,1,0,0,0,4
7812,3.00,30대,1,0,0,0,5
7813,3.00,30대,0,0,0,0,5
7814,2.00,20대,1,0,0,0,3
7815,4.00,40대,1,0,0,0,5
7816,1.00,10대,0,0,0,0,5
7817,3.00,30대,1,1,0,0,5
7818,1.00,10대,1,1,0,1,5
7819,2.00,20대,1,1,0,0,5
7820,5.00,50대,0,1,1,0,5
7821,2.00,20대,1,1,0,0,5
7822,2.00,20대,1,1,0,0,5
7823,3.00,30대,0,1,1,0,5
7824,1.00,10대,1,1,0,0,5
7825,4.00,40대,1,1,0,0,5
7826,2.00,20대,1,1,0,0,5
7827,2.00,20대,0,1,0,0,5
7828,4.00,40대,1,0,1,0,5
7829,6.00,60대이상,0,1,1,0,5
7830,5.00,50대,0,1,0,0,4
7831,4.00,40대,1,1,0,0,5
7832,5.00,50대,1,1,0,0,5
7833,3.00,30대,0,1,0,1,4
7834,4.00,40대,0,0,0,0,4
7835,2.00,20대,1,1,1,0,5
7836,2.00,20대,0,1,0,0,5
7837,2.00,20대,0,1,0,1,4
7838,5.00,50대,1,1,0,1,5
7839,3.00,30대,0,1,0,0,5
7840,2.00,20대,0,1,0,0,5
7841,2.00,20대,0,1,0,0,5
7842,4.00,40대,1,1,1,0,5
7843,2.00,20대,0,1,1,0,5
7844,2.00,20대,0,1,1,0,4
7845,5.00,50대,0,0,0,1,5
7846,5.00,50대,1,1,0,1,5
7847,4.00,40대,1,1,0,0,4
7848,5.00,50대,1,1,0,1,5
7849,2.00,20대,0,1,1,0,5
7850,6.00,60대이상,0,0,1,0,5
7851,1.00,10대,0,0,1,0,5
7852,4.00,40대,0,0,1,0,5
7853,3.00,30대,0,1,1,0,5
7854,2.00,20대,0,1,0,0,5
7855,2.00,20대,0,1,0,0,4
7856,2.00,20대,0,1,0,0,5
7857,4.00,40대,1,1,0,0,5
7858,6.00,60대이상,0,1,0,0,5
7859,2.00,20대,1,1,0,0,4
7860,2.00,20대,0,1,0,0,5
7861,6.00,60대이상,0,0,1,0,4
7862,5.00,50대,1,0,1,0,5
7863,2.00,20대,1,1,0,0,5
7864,2.00,20대,1,0,0,1,5
7865,2.00,20대,1,1,0,0,5
7866,2.00,20대,0,1,0,0,5
7867,2.00,20대,1,1,0,0,5
7868,3.00,30대,0,1,0,0,4
7869,3.00,30대,0,0,1,0,4
7870,2.00,20대,1,1,1,0,3
7871,2.00,20대,0,0,0,0,5
7872,2.00,20대,1,1,0,0,5
7873,2.00,20대,1,1,0,1,4
7874,2.00,20대,1,1,0,0,5
7875,5.00,50대,1,1,0,0,5
7876,4.00,40대,0,0,1,0,4
7877,5.00,50대,1,1,0,0,5
7878,2.00,20대,1,1,0,0,5
7879,3.00,30대,1,1,1,0,5
7880,4.00,40대,1,1,0,0,5
7881,6.00,60대이상,1,1,0,0,5
7882,2.00,20대,1,1,0,0,5
7883,5.00,50대,1,1,0,0,5
7884,3.00,30대,0,1,0,1,4
7885,2.00,20대,1,1,0,0,5
7886,3.00,30대,0,1,0,0,5
7887,4.00,40대,1,1,1,0,4
7888,4.00,40대,0,1,0,0,5
7889,5.00,50대,0,1,1,0,5
7890,5.00,50대,1,1,0,0,5
7891,2.00,20대,1,0,0,0,5
7892,3.00,30대,1,1,0,1,5
7893,3.00,30대,0,1,0,0,5
7894,2.00,20대,1,1,0,0,4
7895,2.00,20대,0,1,0,0,5
7896,2.00,20대,1,1,0,1,4
7897,3.00,30대,1,1,0,0,5
7898,3.00,30대,1,1,0,1,5
7899,3.00,30대,1,1,0,0,4
7900,4.00,40대,1,1,1,0,5
7901,2.00,20대,0,1,0,1,4
7902,5.00,50대,1,1,0,0,4
7903,2.00,20대,1,1,0,0,5
7904,5.00,50대,0,1,0,0,3
7905,2.00,20대,1,1,0,0,3
7906,2.00,20대,0,1,0,0,4
7907,2.00,20대,1,1,0,0,5
7908,3.00,30대,1,1,0,0,5
7909,3.00,30대,1,1,1,0,4
7910,4.00,40대,1,0,0,1,5
7911,4.00,40대,1,1,0,1,5
7912,3.00,30대,0,0,0,1,5
7913,2.00,20대,1,1,0,0,5
7914,3.00,30대,1,1,0,0,5
7915,6.00,60대이상,1,1,0,0,4
7916,2.00,20대,0,0,0,0,5
7917,4.00,40대,0,1,1,0,5
7918,3.00,30대,0,1,1,0,5
7919,2.00,20대,1,1,1,0,4
7920,6.00,60대이상,0,0,0,0,5
7921,2.00,20대,0,1,0,0,5
7922,4.00,40대,0,1,0,0,4
7923,6.00,60대이상,0,0,0,0,5
7924,3.00,30대,1,1,0,0,4
7925,3.00,30대,0,1,0,0,4
7926,3.00,30대,1,1,0,0,5
7927,4.00,40대,1,1,0,0,4
7928,3.00,30대,1,1,0,0,4
7929,2.00,20대,0,1,0,0,5
7930,5.00,50대,0,0,0,0,5
7931,5.00,50대,1,1,0,0,5
7932,2.00,20대,1,0,0,1,4
7933,3.00,30대,1,1,0,0,5
7934,5.00,50대,1,1,0,0,5
7935,2.00,20대,1,1,0,1,4
7936,6.00,60대이상,0,1,0,0,4
7937,3.00,30대,1,1,0,0,4
7938,2.00,20대,0,1,0,0,5
7939,2.00,20대,0,1,0,0,5
7940,3.00,30대,1,1,0,0,5
7941,2.00,20대,0,1,1,0,5
7942,2.00,20대,1,1,1,0,5
7943,3.00,30대,1,1,0,0,4
7944,2.00,20대,1,1,0,0,5
7945,3.00,30대,1,1,0,0,5
7946,2.00,20대,1,1,0,0,3
7947,2.00,20대,0,1,0,0,4
7948,6.00,60대이상,0,1,0,0,3
7949,5.00,50대,0,0,0,0,4
7950,2.00,20대,0,1,0,0,4
7951,3.00,30대,1,1,0,0,5
7952,4.00,40대,0,1,0,0,4
7953,2.00,20대,0,1,0,0,5
7954,5.00,50대,1,1,0,0,5
7955,3.00,30대,1,1,0,0,5
7956,5.00,50대,0,1,0,0,3
7957,2.00,20대,0,1,0,0,5
7958,3.00,30대,1,1,0,0,5
7959,3.00,30대,1,1,0,0,5
7960,6.00,60대이상,1,1,0,1,5
7961,6.00,60대이상,1,1,0,0,5
7962,2.00,20대,1,1,0,0,5
7963,3.00,30대,0,1,0,0,5
7964,2.00,20대,1,1,0,0,5
7965,2.00,20대,1,1,0,0,4
7966,2.00,20대,1,1,0,1,5
7967,1.00,10대,1,1,0,0,5
7968,4.00,40대,1,1,0,0,5
7969,2.00,20대,1,1,0,0,5
7970,5.00,50대,0,1,0,0,5
7971,2.00,20대,1,1,0,1,4
7972,2.00,20대,1,1,0,0,5
7973,4.00,40대,1,1,1,0,4
7974,4.00,40대,0,1,0,0,4
7975,6.00,60대이상,1,1,0,0,5
7976,4.00,40대,1,1,0,0,5
7977,5.00,50대,1,1,0,0,5
7978,3.00,30대,1,1,0,0,5
7979,5.00,50대,1,1,0,0,4
7980,2.00,20대,1,1,0,0,5
7981,2.00,20대,1,1,0,0,5
7982,4.00,40대,1,1,0,0,5
7983,5.00,50대,0,1,0,0,5
7984,4.00,40대,0,1,0,0,4
7985,3.00,30대,0,1,0,0,5
7986,2.00,20대,0,1,0,0,5
7987,4.00,40대,0,1,0,0,5
7988,5.00,50대,1,0,0,0,4
7989,2.00,20대,1,1,0,0,5
7990,2.00,20대,1,1,0,0,4
7991,4.00,40대,1,1,0,0,4
7992,4.00,40대,0,1,0,0,4
7993,5.00,50대,1,1,0,0,5
7994,2.00,20대,0,1,0,0,4
7995,5.00,50대,0,0,0,0,4
7996,2.00,20대,0,1,0,0,5
7997,2.00,20대,1,1,0,0,5
7998,3.00,30대,1,1,0,0,4
7999,2.00,20대,1,1,0,0,4
8000,1.00,10대,1,1,0,0,5
8001,2.00,20대,1,1,0,0,5
8002,2.00,20대,1,1,0,0,5
8003,5.00,50대,0,1,0,0,5
8004,3.00,30대,1,1,0,0,5
8005,2.00,20대,0,1,0,1,4
8006,3.00,30대,0,0,0,0,4
8007,2.00,20대,1,1,1,0,5
8008,4.00,40대,1,0,0,0,5
8009,2.00,20대,0,0,1,0,5
8010,2.00,20대,1,1,0,0,5
8011,5.00,50대,1,0,0,1,4
8012,4.00,40대,1,1,0,1,5
8013,2.00,20대,0,1,0,0,5
8014,4.00,40대,1,1,0,0,5
8015,5.00,50대,0,1,0,0,5
8016,2.00,20대,0,1,0,0,5
8017,4.00,40대,0,1,0,0,5
8018,3.00,30대,0,1,0,1,5
8019,4.00,40대,0,1,0,1,5
8020,2.00,20대,0,1,0,0,5
8021,3.00,30대,1,1,0,0,4
8022,6.00,60대이상,1,1,0,0,4
8023,5.00,50대,1,1,0,0,5
8024,3.00,30대,0,1,0,0,4
8025,3.00,30대,0,1,0,0,4
8026,3.00,30대,0,1,1,0,5
8027,4.00,40대,0,0,0,0,5
8028,2.00,20대,0,0,0,0,5
8029,3.00,30대,1,0,0,0,4
8030,3.00,30대,1,0,1,0,5
8031,2.00,20대,1,0,0,0,5
8032,2.00,20대,0,0,0,0,5
8033,5.00,50대,1,0,0,0,5
8034,4.00,40대,1,0,0,0,4
8035,5.00,50대,0,0,0,0,5
8036,2.00,20대,0,1,0,0,5
8037,3.00,30대,1,1,0,0,5
8038,3.00,30대,1,0,0,0,4
8039,4.00,40대,1,1,0,0,5
8040,5.00,50대,1,0,1,0,4
8041,3.00,30대,0,1,0,0,5
8042,4.00,40대,1,0,0,0,5
8043,5.00,50대,1,1,0,0,4
8044,2.00,20대,1,0,0,0,5
8045,5.00,50대,0,0,0,0,5
8046,2.00,20대,1,1,0,0,5
8047,2.00,20대,1,0,1,0,5
8048,3.00,30대,1,1,0,0,4
8049,2.00,20대,0,0,0,0,5
8050,3.00,30대,0,0,1,0,4
8051,5.00,50대,1,0,0,0,5
8052,4.00,40대,1,0,0,1,5
8053,5.00,50대,0,0,0,1,5
8054,2.00,20대,0,0,0,0,4
8055,2.00,20대,0,1,0,1,5
8056,2.00,20대,0,1,0,0,4
8057,2.00,20대,1,1,0,0,5
8058,2.00,20대,0,1,0,0,4
8059,3.00,30대,0,1,0,0,4
8060,2.00,20대,1,1,0,0,4
8061,3.00,30대,1,1,0,0,4
8062,3.00,30대,0,1,0,0,5
8063,5.00,50대,1,1,1,0,4
8064,4.00,40대,0,1,0,1,4
8065,3.00,30대,1,1,0,0,4
8066,5.00,50대,0,1,0,0,4
8067,4.00,40대,0,1,0,0,5
8068,2.00,20대,0,1,0,0,5
8069,2.00,20대,1,1,1,0,5
8070,5.00,50대,1,1,0,0,5
8071,3.00,30대,1,1,0,1,5
8072,2.00,20대,1,1,0,0,5
8073,2.00,20대,1,1,0,0,5
8074,2.00,20대,1,1,0,0,5
8075,3.00,30대,1,1,0,0,5
8076,3.00,30대,1,1,0,0,4
8077,3.00,30대,0,1,0,0,4
8078,2.00,20대,0,1,0,0,4
8079,2.00,20대,0,1,1,0,4
8080,2.00,20대,0,1,0,0,3
8081,5.00,50대,1,1,1,0,4
8082,2.00,20대,0,1,0,0,4
8083,4.00,40대,0,1,0,0,4
8084,3.00,30대,0,1,1,0,4
8085,4.00,40대,0,1,1,0,5
8086,2.00,20대,0,0,0,0,4
8087,5.00,50대,1,1,0,0,4
8088,5.00,50대,0,1,1,0,5
8089,2.00,20대,1,1,0,1,4
8090,2.00,20대,1,1,0,1,4
8091,4.00,40대,1,1,0,0,5
8092,3.00,30대,1,1,0,0,5
8093,2.00,20대,0,1,0,1,5
8094,3.00,30대,0,1,0,0,5
8095,4.00,40대,0,1,0,0,5
8096,3.00,30대,0,1,0,0,5
8097,2.00,20대,1,1,0,0,3
8098,2.00,20대,0,1,0,0,5
8099,3.00,30대,0,1,0,0,4
8100,4.00,40대,1,1,0,1,5
8101,4.00,40대,0,0,1,0,5
8102,2.00,20대,0,0,0,0,5
8103,2.00,20대,0,1,0,0,4
8104,6.00,60대이상,1,0,1,0,5
8105,4.00,40대,1,0,0,0,5
8106,2.00,20대,1,1,1,0,5
8107,3.00,30대,0,1,0,0,5
8108,3.00,30대,0,1,1,0,5
8109,3.00,30대,0,1,0,0,4
8110,4.00,40대,0,0,0,0,5
8111,5.00,50대,1,0,0,0,5
8112,5.00,50대,1,1,0,1,5
8113,6.00,60대이상,0,1,0,0,5
8114,5.00,50대,0,1,0,0,5
8115,2.00,20대,0,1,0,0,5
8116,3.00,30대,1,1,0,0,4
8117,5.00,50대,1,1,0,0,5
8118,2.00,20대,1,1,0,0,5
8119,2.00,20대,0,1,0,0,4
8120,2.00,20대,0,1,0,0,4
8121,4.00,40대,0,1,0,0,5
8122,2.00,20대,0,1,1,0,5
8123,3.00,30대,1,1,0,0,4
8124,2.00,20대,1,1,0,0,4
8125,5.00,50대,1,1,0,0,5
8126,1.00,10대,0,1,0,0,5
8127,3.00,30대,1,1,0,0,4
8128,2.00,20대,1,1,0,0,5
8129,2.00,20대,0,1,0,0,5
8130,3.00,30대,1,1,0,0,4
8131,4.00,40대,1,1,0,0,4
8132,3.00,30대,0,1,0,0,4
8133,6.00,60대이상,0,1,0,0,5
8134,3.00,30대,0,1,0,0,4
8135,1.00,10대,0,1,0,0,5
8136,2.00,20대,1,1,0,0,5
8137,2.00,20대,0,1,0,0,5
8138,2.00,20대,1,1,0,0,5
8139,4.00,40대,1,1,0,0,5
8140,1.00,10대,1,1,0,0,4
8141,3.00,30대,1,1,1,0,5
8142,4.00,40대,1,1,0,0,4
8143,3.00,30대,1,1,1,0,5
8144,4.00,40대,0,1,0,0,5
8145,2.00,20대,0,1,0,0,4
8146,4.00,40대,1,1,0,0,5
8147,2.00,20대,0,1,0,0,5
8148,3.00,30대,1,1,0,0,5
8149,4.00,40대,0,1,0,0,4
8150,2.00,20대,0,1,0,0,5
8151,2.00,20대,1,1,0,0,4
8152,3.00,30대,0,1,0,0,4
8153,1.00,10대,1,1,0,0,5
8154,1.00,10대,0,1,0,0,5
8155,2.00,20대,1,1,0,0,5
8156,1.00,10대,1,1,0,0,5
8157,2.00,20대,1,1,0,0,5
8158,4.00,40대,1,1,0,0,4
8159,5.00,50대,1,0,0,0,5
8160,4.00,40대,1,1,0,0,5
8161,3.00,30대,0,1,0,0,5
8162,2.00,20대,1,1,0,0,5
8163,2.00,20대,0,1,0,0,5
8164,5.00,50대,1,1,0,0,4
8165,3.00,30대,1,1,0,0,4
8166,5.00,50대,0,1,0,0,5
8167,3.00,30대,1,0,0,1,5
8168,2.00,20대,1,1,0,0,5
8169,2.00,20대,1,1,0,0,5
8170,2.00,20대,1,1,0,0,5
8171,5.00,50대,1,1,0,0,4
8172,2.00,20대,1,1,0,0,4
8173,2.00,20대,1,1,0,0,4
8174,6.00,60대이상,0,1,1,0,4
8175,3.00,30대,1,1,0,0,5
8176,4.00,40대,1,0,0,0,4
8177,5.00,50대,0,1,0,0,5
8178,2.00,20대,1,1,1,0,4
8179,2.00,20대,0,1,0,0,5
8180,4.00,40대,0,1,0,0,5
8181,2.00,20대,1,1,0,0,5
8182,3.00,30대,0,1,0,0,5
8183,4.00,40대,1,1,0,1,5
8184,1.00,10대,0,1,0,0,5
8185,2.00,20대,0,1,0,0,4
8186,1.00,10대,0,1,0,0,5
8187,3.00,30대,1,1,0,0,4
8188,2.00,20대,0,1,0,0,5
8189,6.00,60대이상,1,1,0,0,5
8190,4.00,40대,1,1,0,0,5
8191,2.00,20대,1,1,0,0,5
8192,4.00,40대,1,1,0,0,5
8193,2.00,20대,0,1,0,0,4
8194,6.00,60대이상,0,1,0,0,5
8195,4.00,40대,1,1,0,0,5
8196,3.00,30대,0,1,0,0,4
8197,2.00,20대,1,1,0,0,5
8198,5.00,50대,1,1,0,0,5
8199,4.00,40대,1,1,0,0,5
8200,2.00,20대,1,1,0,0,5
8201,4.00,40대,1,1,0,0,4
8202,2.00,20대,0,1,0,0,5
8203,4.00,40대,1,0,0,0,3
8204,2.00,20대,1,1,0,0,5
8205,4.00,40대,0,0,0,0,4
8206,2.00,20대,1,1,0,0,5
8207,2.00,20대,1,1,1,0,5
8208,4.00,40대,1,0,0,1,5
8209,4.00,40대,0,1,0,1,5
8210,2.00,20대,0,1,0,0,3
8211,4.00,40대,0,1,0,0,5
8212,4.00,40대,1,1,0,0,5
8213,2.00,20대,1,1,0,0,5
8214,2.00,20대,1,1,0,0,4
8215,4.00,40대,1,1,1,0,5
8216,5.00,50대,0,1,0,0,3
8217,3.00,30대,0,1,0,0,4
8218,2.00,20대,1,0,0,0,5
8219,2.00,20대,0,1,0,0,5
8220,2.00,20대,1,0,1,0,5
8221,2.00,20대,0,0,0,0,5
8222,2.00,20대,0,1,0,1,4
8223,5.00,50대,1,1,0,0,5
8224,1.00,10대,1,1,0,0,4
8225,2.00,20대,1,0,0,0,5
8226,2.00,20대,1,1,0,0,5
8227,2.00,20대,1,1,0,0,5
8228,3.00,30대,0,1,0,0,5
8229,6.00,60대이상,0,1,0,0,5
8230,2.00,20대,1,1,0,0,5
8231,1.00,10대,0,1,0,0,5
8232,3.00,30대,1,1,0,0,5
8233,2.00,20대,1,1,0,0,5
8234,2.00,20대,1,1,1,0,5
8235,3.00,30대,0,1,0,1,5
8236,2.00,20대,1,1,0,0,5
8237,4.00,40대,1,1,0,0,4
8238,5.00,50대,0,1,0,1,4
8239,1.00,10대,1,1,0,0,5
8240,2.00,20대,1,1,0,0,5
8241,2.00,20대,1,1,0,0,5
8242,5.00,50대,1,1,0,1,5
8243,2.00,20대,0,1,0,0,5
8244,6.00,60대이상,1,1,0,0,5
8245,4.00,40대,1,1,0,1,5
8246,2.00,20대,0,1,0,0,5
8247,3.00,30대,1,1,0,0,5
8248,5.00,50대,0,1,0,1,4
8249,2.00,20대,1,0,0,0,5
8250,4.00,40대,1,1,0,0,4
8251,3.00,30대,1,1,0,0,4
8252,2.00,20대,1,0,1,0,5
8253,5.00,50대,1,1,0,1,5
8254,2.00,20대,0,1,0,0,5
8255,5.00,50대,1,1,1,0,4
8256,3.00,30대,1,0,1,0,5
8257,4.00,40대,1,1,0,0,4
8258,3.00,30대,1,1,0,0,5
8259,3.00,30대,1,1,0,0,5
8260,3.00,30대,0,1,0,0,5
8261,2.00,20대,0,1,0,0,5
8262,3.00,30대,1,0,1,0,5
8263,6.00,60대이상,1,0,0,1,5
8264,4.00,40대,0,1,0,0,4
8265,2.00,20대,1,1,0,1,5
8266,4.00,40대,0,1,0,0,4
8267,4.00,40대,0,0,1,0,5
8268,2.00,20대,1,1,0,0,5
8269,3.00,30대,1,0,0,0,5
8270,2.00,20대,1,1,0,0,4
8271,5.00,50대,0,1,0,1,5
8272,2.00,20대,1,1,0,0,5
8273,5.00,50대,0,1,0,0,5
8274,3.00,30대,1,1,0,1,5
8275,6.00,60대이상,0,1,0,0,5
8276,3.00,30대,1,0,1,0,5
8277,2.00,20대,0,1,0,1,4
8278,5.00,50대,1,1,0,0,5
8279,2.00,20대,0,1,0,0,5
8280,1.00,10대,1,0,0,0,5
8281,1.00,10대,0,1,0,0,5
8282,2.00,20대,0,0,0,0,5
8283,3.00,30대,1,0,0,0,5
8284,3.00,30대,0,1,0,0,4
8285,4.00,40대,0,1,0,0,5
8286,3.00,30대,0,1,0,0,5
8287,1.00,10대,0,1,0,1,5
8288,4.00,40대,1,1,0,0,5
8289,5.00,50대,1,1,0,0,5
8290,3.00,30대,1,0,0,0,5
8291,4.00,40대,1,1,0,0,5
8292,1.00,10대,1,1,0,0,5
8293,2.00,20대,1,1,0,0,5
8294,3.00,30대,1,1,0,0,5
8295,3.00,30대,1,1,0,0,4
8296,4.00,40대,0,1,0,0,5
8297,2.00,20대,0,1,0,0,5
8298,2.00,20대,0,1,0,0,5
8299,3.00,30대,0,1,0,0,5
8300,3.00,30대,1,1,0,0,5
8301,4.00,40대,0,0,0,0,5
8302,2.00,20대,1,1,1,0,5
8303,5.00,50대,1,1,1,0,4
8304,2.00,20대,0,1,0,0,5
8305,2.00,20대,1,1,1,0,5
8306,5.00,50대,1,1,0,1,4
8307,2.00,20대,0,1,0,0,5
8308,5.00,50대,0,1,0,0,5
8309,2.00,20대,1,1,0,0,4
8310,5.00,50대,1,0,1,0,5
8311,1.00,10대,0,0,0,1,4
8312,2.00,20대,0,1,0,0,5
8313,4.00,40대,0,1,0,0,5
8314,5.00,50대,0,0,0,1,5
8315,2.00,20대,0,1,0,0,5
8316,2.00,20대,1,1,0,0,5
8317,1.00,10대,1,1,1,0,5
8318,5.00,50대,1,1,0,0,4
8319,2.00,20대,1,1,0,0,5
8320,3.00,30대,1,1,0,1,5
8321,4.00,40대,1,1,0,0,4
8322,2.00,20대,0,1,0,0,5
8323,2.00,20대,1,1,0,0,5
8324,3.00,30대,0,1,0,0,3
8325,1.00,10대,1,1,0,0,5
8326,3.00,30대,0,1,0,0,5
8327,3.00,30대,1,1,0,0,5
8328,2.00,20대,1,1,0,1,4
8329,4.00,40대,0,1,0,0,5
8330,1.00,10대,0,1,0,0,5
8331,3.00,30대,1,1,0,0,3
8332,1.00,10대,0,1,0,0,5
8333,2.00,20대,0,1,0,0,5
8334,4.00,40대,1,1,0,1,5
8335,5.00,50대,1,1,0,0,5
8336,2.00,20대,1,1,1,0,4
8337,6.00,60대이상,0,1,0,0,5
8338,2.00,20대,1,0,0,0,5
8339,4.00,40대,1,1,0,0,5
8340,2.00,20대,0,0,0,0,5
8341,2.00,20대,0,1,0,1,5
8342,2.00,20대,0,1,0,0,5
8343,1.00,10대,1,0,0,0,5
8344,2.00,20대,1,0,0,0,5
8345,3.00,30대,0,1,0,1,4
8346,3.00,30대,0,1,0,0,5
8347,2.00,20대,1,1,0,0,5
8348,3.00,30대,1,1,0,0,5
8349,3.00,30대,1,1,0,0,5
8350,1.00,10대,0,1,0,0,5
8351,4.00,40대,1,1,0,0,5
8352,2.00,20대,1,1,0,0,5
8353,2.00,20대,0,1,0,0,5
8354,2.00,20대,1,1,0,0,4
8355,4.00,40대,1,1,0,0,5
8356,4.00,40대,1,1,0,0,5
8357,2.00,20대,0,1,0,0,5
8358,2.00,20대,0,1,0,0,5
8359,3.00,30대,0,1,0,0,5
8360,2.00,20대,0,1,0,0,5
8361,2.00,20대,1,1,0,0,5
8362,5.00,50대,0,0,0,0,4
8363,2.00,20대,1,1,0,0,5
8364,4.00,40대,1,1,0,0,5
8365,5.00,50대,1,1,0,0,5
8366,2.00,20대,0,1,0,0,5
8367,2.00,20대,1,1,0,0,5
8368,3.00,30대,1,1,0,0,5
8369,3.00,30대,1,1,0,0,5
8370,6.00,60대이상,1,1,0,0,5
8371,1.00,10대,0,1,0,0,5
8372,2.00,20대,0,1,0,0,5
8373,4.00,40대,0,1,0,0,4
8374,6.00,60대이상,0,1,0,0,4
8375,1.00,10대,1,1,0,0,4
8376,3.00,30대,1,1,0,0,5
8377,2.00,20대,0,1,0,0,4
8378,3.00,30대,0,1,0,0,5
8379,3.00,30대,1,1,0,1,5
8380,2.00,20대,1,1,0,0,5
8381,1.00,10대,0,1,0,0,3
8382,3.00,30대,1,1,0,0,5
8383,5.00,50대,0,0,0,0,5
8384,2.00,20대,1,1,0,0,4
8385,3.00,30대,0,1,0,0,5
8386,3.00,30대,0,1,0,0,5
8387,2.00,20대,0,1,0,0,5
8388,2.00,20대,0,0,0,0,5
8389,4.00,40대,0,0,0,1,4
8390,2.00,20대,0,0,0,0,4
8391,2.00,20대,1,1,0,0,5
8392,4.00,40대,0,1,0,0,5
8393,5.00,50대,0,1,0,0,4
8394,1.00,10대,0,1,0,0,5
8395,2.00,20대,0,1,0,0,5
8396,3.00,30대,0,1,0,1,4
8397,2.00,20대,0,1,0,0,5
8398,5.00,50대,0,1,0,0,4
8399,2.00,20대,0,1,0,0,4
8400,1.00,10대,0,1,0,0,5
8401,1.00,10대,1,1,0,0,5
8402,2.00,20대,0,1,0,0,4
8403,2.00,20대,0,1,0,0,5
8404,3.00,30대,0,1,0,0,5
8405,5.00,50대,1,1,0,0,5
8406,5.00,50대,0,1,0,0,5
8407,2.00,20대,1,1,0,0,5
8408,2.00,20대,0,1,0,0,5
8409,3.00,30대,1,1,0,0,5
8410,4.00,40대,0,1,0,0,5
8411,2.00,20대,0,1,0,0,5
8412,2.00,20대,0,1,0,1,5
8413,1.00,10대,0,1,0,0,5
8414,4.00,40대,0,1,0,0,5
8415,2.00,20대,1,1,0,1,4
8416,5.00,50대,1,0,0,0,5
8417,4.00,40대,1,1,0,0,5
8418,2.00,20대,1,1,0,1,4
8419,5.00,50대,1,1,0,0,5
8420,2.00,20대,0,1,0,0,5
8421,4.00,40대,0,1,0,0,3
8422,2.00,20대,1,1,0,0,5
8423,6.00,60대이상,0,1,0,0,4
8424,5.00,50대,1,1,1,0,4
8425,4.00,40대,0,1,0,0,3
8426,2.00,20대,0,1,0,0,5
8427,3.00,30대,1,1,0,0,4
8428,4.00,40대,1,1,0,0,4
8429,4.00,40대,1,1,0,0,5
8430,1.00,10대,1,1,0,0,3
8431,4.00,40대,0,1,0,0,4
8432,3.00,30대,1,0,1,0,5
8433,2.00,20대,1,1,0,0,5
8434,2.00,20대,1,1,0,0,5
8435,3.00,30대,1,1,0,0,5
8436,4.00,40대,1,0,0,1,5
8437,5.00,50대,0,0,0,0,5
8438,3.00,30대,1,1,0,0,5
8439,4.00,40대,1,1,0,0,5
8440,2.00,20대,1,0,0,0,4
8441,3.00,30대,1,0,1,0,5
8442,2.00,20대,0,0,0,0,4
8443,2.00,20대,0,1,0,0,5
8444,3.00,30대,1,1,0,0,5
8445,3.00,30대,1,1,0,0,5
8446,2.00,20대,0,1,0,0,5
8447,3.00,30대,0,1,1,0,5
8448,2.00,20대,1,1,0,0,5
8449,5.00,50대,0,1,0,0,5
8450,2.00,20대,0,1,0,0,4
8451,3.00,30대,1,1,0,0,5
8452,3.00,30대,1,0,1,0,5
8453,2.00,20대,1,1,0,0,5
8454,2.00,20대,1,0,0,1,5
8455,3.00,30대,1,1,0,0,5
8456,6.00,60대이상,0,1,0,0,3
8457,3.00,30대,1,0,1,0,5
8458,2.00,20대,0,1,0,0,5
8459,4.00,40대,1,1,0,0,4
8460,2.00,20대,0,1,0,0,4
8461,3.00,30대,1,0,1,0,5
8462,2.00,20대,1,1,0,0,5
8463,4.00,40대,1,1,0,0,3
8464,2.00,20대,1,1,0,0,4
8465,6.00,60대이상,1,1,0,0,5
8466,2.00,20대,1,0,0,0,4
8467,1.00,10대,0,1,0,0,5
8468,3.00,30대,1,0,1,0,5
8469,6.00,60대이상,1,1,0,0,5
8470,3.00,30대,0,1,0,0,4
8471,5.00,50대,1,1,0,0,5
8472,2.00,20대,1,1,0,0,5
8473,2.00,20대,1,1,0,0,5
8474,2.00,20대,1,1,0,0,5
8475,2.00,20대,1,1,0,1,4
8476,3.00,30대,0,0,1,0,5
8477,3.00,30대,1,1,0,0,4
8478,5.00,50대,1,1,0,1,5
8479,3.00,30대,0,1,0,0,5
8480,3.00,30대,1,1,0,0,5
8481,3.00,30대,0,1,0,1,5
8482,2.00,20대,1,0,0,0,5
8483,2.00,20대,1,1,0,0,5
8484,4.00,40대,1,1,0,0,5
8485,5.00,50대,0,1,0,0,4
8486,3.00,30대,1,1,0,0,4
8487,5.00,50대,1,1,0,0,4
8488,3.00,30대,1,1,0,0,5
8489,3.00,30대,0,1,0,0,5
8490,5.00,50대,0,1,0,0,5
8491,3.00,30대,1,1,0,0,4
8492,2.00,20대,1,1,0,0,5
8493,4.00,40대,0,1,0,0,5
8494,2.00,20대,1,1,0,0,5
8495,1.00,10대,1,1,0,0,5
8496,5.00,50대,1,1,0,0,5
8497,5.00,50대,1,1,0,0,5
8498,1.00,10대,1,1,0,0,4
8499,2.00,20대,0,1,0,0,5
8500,2.00,20대,1,1,0,0,5
8501,4.00,40대,1,1,0,0,5
8502,2.00,20대,0,1,0,0,5
8503,4.00,40대,1,0,0,0,5
8504,5.00,50대,0,0,1,0,5
8505,2.00,20대,1,0,0,0,5
8506,3.00,30대,0,1,0,1,4
8507,5.00,50대,0,1,0,0,5
8508,2.00,20대,0,1,0,0,4
8509,2.00,20대,1,1,0,0,5
8510,2.00,20대,1,1,0,1,5
8511,5.00,50대,1,1,0,0,5
8512,3.00,30대,0,1,0,0,4
8513,5.00,50대,0,1,0,0,5
8514,4.00,40대,1,1,0,0,5
8515,3.00,30대,0,1,0,0,5
8516,1.00,10대,1,1,0,0,5
8517,3.00,30대,0,1,1,0,5
8518,5.00,50대,1,1,0,1,4
8519,4.00,40대,1,1,0,0,5
8520,5.00,50대,1,1,0,0,5
8521,2.00,20대,1,1,0,0,5
8522,1.00,10대,1,1,0,0,5
8523,4.00,40대,1,0,0,0,5
8524,3.00,30대,1,1,0,0,5
8525,3.00,30대,1,1,1,0,5
8526,3.00,30대,0,1,0,1,5
8527,2.00,20대,1,1,1,0,4
8528,4.00,40대,0,1,0,0,4
8529,2.00,20대,1,1,0,0,5
8530,5.00,50대,0,0,0,1,5
8531,4.00,40대,1,1,0,0,4
8532,4.00,40대,1,1,0,0,5
8533,3.00,30대,1,1,0,0,5
8534,2.00,20대,1,1,0,0,5
8535,6.00,60대이상,0,0,0,0,5
8536,3.00,30대,0,0,1,0,5
8537,2.00,20대,0,1,0,0,2
8538,1.00,10대,1,1,0,0,5
8539,2.00,20대,1,1,1,0,5
8540,2.00,20대,1,1,0,0,5
8541,3.00,30대,1,1,0,0,5
8542,2.00,20대,1,1,0,0,5
8543,2.00,20대,1,1,0,0,5
8544,3.00,30대,1,1,0,1,4
8545,3.00,30대,1,1,0,1,5
8546,5.00,50대,1,0,0,0,5
8547,2.00,20대,0,1,0,0,4
8548,4.00,40대,1,1,0,0,5
8549,3.00,30대,0,1,0,0,4
8550,5.00,50대,1,1,0,1,4
8551,3.00,30대,1,0,0,0,5
8552,2.00,20대,1,1,0,0,5
8553,2.00,20대,0,1,0,0,5
8554,2.00,20대,1,1,0,0,4
8555,1.00,10대,1,1,0,0,5
8556,2.00,20대,0,0,0,0,5
8557,4.00,40대,1,0,0,0,4
8558,4.00,40대,1,1,1,0,4
8559,6.00,60대이상,1,0,0,0,5
8560,5.00,50대,0,0,0,0,5
8561,2.00,20대,1,1,0,1,5
8562,5.00,50대,0,0,0,0,5
8563,6.00,60대이상,1,0,0,0,5
8564,6.00,60대이상,1,0,0,0,5
8565,1.00,10대,1,0,0,0,5
8566,4.00,40대,1,1,0,0,5
8567,5.00,50대,1,1,0,0,4
8568,3.00,30대,0,1,0,0,5
8569,3.00,30대,1,0,0,0,5
8570,2.00,20대,1,1,0,0,5
8571,5.00,50대,0,0,0,0,5
8572,4.00,40대,0,0,0,0,5
8573,5.00,50대,0,0,1,0,4
8574,5.00,50대,1,0,0,0,4
8575,2.00,20대,1,1,0,0,4
8576,5.00,50대,1,1,1,0,5
8577,2.00,20대,1,0,0,0,5
8578,4.00,40대,1,1,0,0,4
8579,3.00,30대,0,1,0,0,5
8580,2.00,20대,0,1,0,0,5
8581,2.00,20대,1,1,1,0,5
8582,1.00,10대,0,1,0,0,5
8583,3.00,30대,1,1,0,0,5
8584,2.00,20대,1,0,0,0,5
8585,2.00,20대,0,1,0,0,5
8586,2.00,20대,1,0,0,0,4
8587,6.00,60대이상,0,1,0,0,5
8588,2.00,20대,0,0,0,0,5
8589,3.00,30대,1,0,0,1,5
8590,4.00,40대,1,1,0,0,5
8591,5.00,50대,0,1,0,0,5
8592,2.00,20대,1,0,0,0,5
8593,2.00,20대,1,1,0,1,4
8594,2.00,20대,0,1,0,0,5
8595,1.00,10대,0,0,1,0,5
8596,3.00,30대,1,1,0,0,5
8597,4.00,40대,1,1,0,0,5
8598,4.00,40대,0,1,0,0,4
8599,2.00,20대,1,1,0,1,5
8600,3.00,30대,0,1,0,0,4
8601,6.00,60대이상,1,1,0,1,4
8602,3.00,30대,0,1,0,0,5
8603,2.00,20대,1,1,0,1,5
8604,5.00,50대,0,1,0,0,5
8605,2.00,20대,0,1,1,0,5
8606,2.00,20대,0,1,0,0,5
8607,2.00,20대,1,1,0,0,4
8608,2.00,20대,0,1,0,0,5
8609,6.00,60대이상,0,1,0,0,5
8610,2.00,20대,1,1,0,0,5
8611,2.00,20대,1,1,0,0,5
8612,4.00,40대,1,1,0,0,5
8613,4.00,40대,0,1,0,0,5
8614,3.00,30대,0,1,0,0,5
8615,3.00,30대,0,1,0,0,5
8616,2.00,20대,0,1,0,0,5
8617,4.00,40대,1,1,0,0,5
8618,2.00,20대,0,1,0,0,5
8619,2.00,20대,1,1,0,0,5
8620,4.00,40대,1,1,0,0,5
8621,3.00,30대,1,1,0,0,5
8622,2.00,20대,0,1,0,0,5
8623,3.00,30대,1,1,0,0,5
8624,4.00,40대,0,1,0,0,5
8625,3.00,30대,1,1,0,1,5
8626,2.00,20대,1,1,0,0,5
8627,2.00,20대,0,1,0,0,5
8628,4.00,40대,0,1,0,1,5
8629,2.00,20대,0,1,0,0,5
8630,2.00,20대,1,1,0,0,4
8631,2.00,20대,0,1,0,0,5
8632,4.00,40대,0,1,0,0,5
8633,3.00,30대,1,1,0,0,5
8634,3.00,30대,1,1,0,0,5
8635,1.00,10대,1,1,1,0,5
8636,3.00,30대,1,1,0,0,4
8637,4.00,40대,1,1,1,0,4
8638,2.00,20대,1,1,0,0,5
8639,2.00,20대,0,0,1,0,5
8640,3.00,30대,1,1,0,0,4
8641,2.00,20대,0,1,0,0,5
8642,4.00,40대,0,1,0,0,5
8643,5.00,50대,1,1,0,0,5
8644,6.00,60대이상,1,0,0,0,5
8645,3.00,30대,1,1,0,0,5
8646,5.00,50대,1,1,1,0,4
8647,4.00,40대,0,0,0,0,5
8648,2.00,20대,0,1,1,0,5
8649,2.00,20대,1,1,1,0,5
8650,4.00,40대,1,1,0,0,5
8651,2.00,20대,1,1,0,0,5
8652,2.00,20대,1,1,0,0,5
8653,4.00,40대,0,1,0,0,5
8654,5.00,50대,0,1,0,0,5
8655,5.00,50대,1,0,0,1,5
8656,3.00,30대,0,1,0,0,5
8657,2.00,20대,0,1,1,0,5
8658,5.00,50대,0,1,0,0,5
8659,2.00,20대,1,1,0,0,5
8660,2.00,20대,0,1,0,0,5
8661,2.00,20대,1,0,0,0,5
8662,5.00,50대,1,1,0,1,5
8663,5.00,50대,0,1,0,0,3
8664,4.00,40대,0,1,0,0,3
8665,3.00,30대,0,1,0,0,5
8666,4.00,40대,0,1,0,0,5
8667,5.00,50대,0,1,0,0,4
8668,2.00,20대,1,1,0,0,5
8669,2.00,20대,1,1,0,0,5
8670,5.00,50대,0,1,0,0,4
8671,2.00,20대,1,1,0,0,5
8672,2.00,20대,1,0,0,0,5
8673,4.00,40대,1,1,1,0,4
8674,2.00,20대,0,1,0,0,4
8675,2.00,20대,1,1,0,1,4
8676,1.00,10대,0,1,0,0,5
8677,3.00,30대,0,1,1,0,4
8678,5.00,50대,1,1,0,0,5
8679,2.00,20대,0,1,0,0,5
8680,4.00,40대,1,1,0,1,5
8681,3.00,30대,1,1,0,0,5
8682,3.00,30대,1,0,0,1,5
8683,3.00,30대,1,1,0,0,4
8684,2.00,20대,0,1,0,0,4
8685,2.00,20대,1,1,0,0,5
8686,2.00,20대,0,1,0,0,5
8687,5.00,50대,1,1,0,0,5
8688,3.00,30대,1,1,0,0,5
8689,3.00,30대,0,1,0,0,5
8690,3.00,30대,0,0,0,0,4
8691,3.00,30대,0,1,0,0,5
8692,3.00,30대,1,1,0,0,5
8693,1.00,10대,0,1,0,0,4
8694,2.00,20대,0,1,0,0,5
8695,6.00,60대이상,1,1,0,0,5
8696,3.00,30대,1,1,0,0,4
8697,4.00,40대,1,1,0,0,5
8698,4.00,40대,0,1,1,0,5
8699,4.00,40대,1,1,0,0,4
8700,1.00,10대,1,1,1,0,4
8701,1.00,10대,1,1,1,0,4
8702,2.00,20대,1,1,0,0,5
8703,5.00,50대,1,1,0,0,4
8704,3.00,30대,1,1,1,0,5
8705,2.00,20대,0,1,0,0,5
8706,4.00,40대,1,1,1,0,3
8707,3.00,30대,1,1,0,0,5
8708,2.00,20대,1,1,0,0,5
8709,3.00,30대,0,1,1,0,4
8710,3.00,30대,0,1,0,1,5
8711,2.00,20대,1,1,0,0,5
8712,3.00,30대,1,1,0,0,4
8713,4.00,40대,1,1,0,0,4
8714,2.00,20대,1,1,1,0,4
8715,2.00,20대,1,1,1,0,4
8716,2.00,20대,1,1,1,0,3
8717,1.00,10대,1,0,0,0,5
8718,2.00,20대,1,1,0,0,5
8719,5.00,50대,1,1,0,0,4
8720,4.00,40대,0,1,1,0,5
8721,3.00,30대,1,1,0,0,5
8722,3.00,30대,1,1,0,0,5
8723,3.00,30대,1,1,0,0,5
8724,3.00,30대,0,1,0,0,5
8725,1.00,10대,0,0,0,0,5
8726,3.00,30대,0,1,1,0,5
8727,5.00,50대,1,1,0,0,5
8728,3.00,30대,1,1,0,0,5
8729,4.00,40대,1,1,1,0,5
8730,5.00,50대,0,0,1,0,5
8731,5.00,50대,1,1,0,0,5
8732,2.00,20대,0,1,1,0,5
8733,5.00,50대,1,1,0,0,5
8734,5.00,50대,1,1,0,0,5
8735,6.00,60대이상,0,1,0,1,5
8736,6.00,60대이상,1,1,0,1,5
8737,4.00,40대,0,1,0,0,5
8738,3.00,30대,0,1,0,0,5
8739,5.00,50대,1,1,0,0,5
8740,3.00,30대,0,1,0,0,4
8741,3.00,30대,0,1,0,0,5
8742,4.00,40대,1,1,0,0,5
8743,3.00,30대,0,1,1,0,4
8744,4.00,40대,0,1,0,0,5
8745,5.00,50대,1,1,0,0,4
8746,1.00,10대,1,1,0,0,5
8747,2.00,20대,0,1,0,0,5
8748,6.00,60대이상,1,1,1,0,5
8749,5.00,50대,1,1,0,0,5
8750,3.00,30대,1,1,0,0,5
8751,2.00,20대,1,1,1,0,4
8752,2.00,20대,1,1,0,0,5
8753,4.00,40대,1,1,0,0,5
8754,2.00,20대,0,1,0,0,5
8755,4.00,40대,0,0,0,0,5
8756,5.00,50대,1,1,0,0,4
8757,2.00,20대,0,0,0,0,5
8758,4.00,40대,1,1,0,0,5
8759,5.00,50대,1,1,0,0,5
8760,2.00,20대,0,1,1,0,5
8761,3.00,30대,1,1,0,0,5
8762,3.00,30대,1,1,0,0,5
8763,1.00,10대,0,1,1,0,5
8764,2.00,20대,1,1,0,1,5
8765,1.00,10대,1,1,0,0,5
8766,3.00,30대,1,1,0,0,2
8767,2.00,20대,1,1,0,0,4
8768,3.00,30대,1,1,0,0,5
8769,5.00,50대,0,1,0,0,3
8770,3.00,30대,0,1,0,0,5
8771,3.00,30대,1,1,0,0,5
8772,4.00,40대,1,1,1,0,5
8773,3.00,30대,1,1,0,0,5
8774,3.00,30대,0,1,0,0,5
8775,4.00,40대,1,1,0,0,4
8776,2.00,20대,0,0,1,0,5
8777,2.00,20대,0,0,0,0,4
8778,3.00,30대,0,1,0,0,3
8779,1.00,10대,1,1,0,0,5
8780,2.00,20대,1,1,0,0,5
8781,3.00,30대,1,0,0,0,4
8782,4.00,40대,0,1,0,0,5
8783,2.00,20대,1,1,0,0,5
8784,3.00,30대,1,1,0,0,5
8785,5.00,50대,0,1,0,0,5
8786,5.00,50대,1,1,0,0,4
8787,6.00,60대이상,0,1,0,0,5
8788,2.00,20대,0,1,0,0,5
8789,3.00,30대,0,1,0,0,5
8790,4.00,40대,0,1,0,0,5
8791,4.00,40대,1,1,0,0,4
8792,2.00,20대,0,1,0,0,4
8793,5.00,50대,1,1,0,0,3
8794,4.00,40대,1,1,0,0,5
8795,4.00,40대,1,1,1,0,5
8796,2.00,20대,1,1,0,0,4
8797,2.00,20대,1,1,0,0,5
8798,4.00,40대,0,1,0,0,3
8799,4.00,40대,1,1,0,0,5
8800,4.00,40대,1,0,0,0,5
8801,2.00,20대,1,1,1,0,4
8802,2.00,20대,1,1,0,0,5
8803,2.00,20대,0,1,0,0,5
8804,2.00,20대,1,1,0,0,5
8805,2.00,20대,0,1,0,0,5
8806,2.00,20대,1,1,0,0,4
8807,2.00,20대,1,1,0,0,5
8808,3.00,30대,0,1,0,0,5
8809,3.00,30대,0,1,0,0,5
8810,4.00,40대,1,1,0,0,4
8811,2.00,20대,0,1,1,0,5
8812,3.00,30대,0,1,0,1,5
8813,5.00,50대,1,1,0,0,5
8814,2.00,20대,1,1,0,1,5
8815,3.00,30대,1,0,0,0,4
8816,3.00,30대,0,1,0,0,5
8817,3.00,30대,0,1,0,0,5
8818,3.00,30대,0,0,0,0,5
8819,5.00,50대,1,1,1,0,5
8820,2.00,20대,1,1,0,0,5
8821,2.00,20대,1,1,0,0,5
8822,4.00,40대,0,1,0,0,4
8823,2.00,20대,1,1,1,0,5
8824,4.00,40대,1,1,0,0,5
8825,1.00,10대,1,1,1,0,5
8826,4.00,40대,1,0,1,0,3
8827,5.00,50대,1,1,0,0,4
8828,2.00,20대,0,0,0,0,5
8829,2.00,20대,0,1,0,0,5
8830,4.00,40대,1,1,0,0,3
8831,3.00,30대,1,1,0,0,4
8832,3.00,30대,1,1,0,0,4
8833,1.00,10대,1,1,0,0,5
8834,3.00,30대,0,1,0,0,5
8835,2.00,20대,1,1,0,0,5
8836,4.00,40대,1,1,0,0,5
8837,2.00,20대,0,0,0,0,4
8838,3.00,30대,1,1,0,0,5
8839,5.00,50대,1,1,0,0,5
8840,4.00,40대,0,1,0,1,5
8841,3.00,30대,0,1,1,0,5
8842,4.00,40대,0,1,1,0,4
8843,5.00,50대,1,1,0,0,5
8844,2.00,20대,1,0,0,0,5
8845,5.00,50대,1,1,1,0,5
8846,2.00,20대,1,1,0,0,5
8847,3.00,30대,1,1,0,0,5
8848,3.00,30대,0,1,0,0,5
8849,3.00,30대,0,1,0,0,4
8850,5.00,50대,1,1,0,0,5
8851,3.00,30대,1,1,0,0,4
8852,2.00,20대,0,1,0,0,5
8853,3.00,30대,1,1,0,0,5
8854,1.00,10대,0,1,0,0,5
8855,2.00,20대,1,0,0,0,5
8856,2.00,20대,1,1,0,0,5
8857,5.00,50대,1,1,0,0,5
8858,2.00,20대,1,1,0,0,5
8859,2.00,20대,1,1,1,0,5
8860,3.00,30대,0,1,0,0,4
8861,5.00,50대,0,0,0,1,5
8862,5.00,50대,0,0,0,0,4
8863,2.00,20대,1,1,0,0,5
8864,4.00,40대,1,1,0,0,5
8865,3.00,30대,1,1,0,0,4
8866,2.00,20대,1,1,0,0,4
8867,4.00,40대,1,1,0,0,4
8868,3.00,30대,1,0,0,0,5
8869,4.00,40대,0,1,0,0,4
8870,5.00,50대,0,1,0,0,5
8871,2.00,20대,1,1,0,0,5
8872,2.00,20대,1,1,1,0,5
8873,4.00,40대,1,1,0,0,5
8874,2.00,20대,0,1,0,0,5
8875,1.00,10대,0,0,0,0,4
8876,4.00,40대,1,1,1,0,4
8877,3.00,30대,1,1,0,0,5
8878,5.00,50대,1,1,0,1,5
8879,2.00,20대,1,1,0,1,5
8880,2.00,20대,1,1,0,0,5
8881,3.00,30대,0,1,0,0,4
8882,4.00,40대,0,1,0,0,4
8883,3.00,30대,1,1,0,0,4
8884,2.00,20대,1,1,0,0,4
8885,4.00,40대,0,1,1,0,4
8886,3.00,30대,1,1,0,1,5
8887,2.00,20대,0,0,0,0,5
8888,6.00,60대이상,1,1,0,1,5
8889,6.00,60대이상,0,1,0,0,5
8890,6.00,60대이상,0,1,0,0,5
8891,6.00,60대이상,1,1,0,0,3
8892,3.00,30대,0,1,0,0,5
8893,5.00,50대,0,1,0,0,5
8894,3.00,30대,1,1,0,0,4
8895,2.00,20대,1,1,0,0,5
8896,6.00,60대이상,0,0,0,0,4
8897,2.00,20대,0,1,1,0,4
8898,4.00,40대,1,1,0,0,5
8899,2.00,20대,1,1,0,1,4
8900,3.00,30대,1,1,0,0,5
8901,3.00,30대,0,1,0,1,5
8902,3.00,30대,0,1,0,0,3
8903,5.00,50대,1,1,0,0,5
8904,3.00,30대,1,1,0,0,4
8905,2.00,20대,1,1,0,0,5
8906,2.00,20대,1,1,0,0,5
8907,2.00,20대,0,1,0,0,5
8908,2.00,20대,1,0,0,0,5
8909,3.00,30대,0,1,0,0,5
8910,2.00,20대,0,1,0,0,4
8911,6.00,60대이상,1,1,0,0,5
8912,5.00,50대,1,1,0,0,5
8913,6.00,60대이상,0,1,0,0,5
8914,3.00,30대,1,1,0,0,5
8915,4.00,40대,0,1,1,0,5
8916,2.00,20대,1,1,0,0,5
8917,6.00,60대이상,1,1,1,0,5
8918,3.00,30대,1,1,0,1,5
8919,5.00,50대,1,1,1,0,4
8920,3.00,30대,1,1,0,0,4
8921,2.00,20대,1,1,0,0,5
8922,6.00,60대이상,1,1,0,0,5
8923,2.00,20대,1,0,1,0,5
8924,5.00,50대,1,1,1,0,5
8925,4.00,40대,0,1,0,0,4
8926,2.00,20대,0,0,0,1,4
8927,3.00,30대,0,1,0,1,5
8928,1.00,10대,1,1,0,0,5
8929,2.00,20대,1,1,0,0,5
8930,2.00,20대,0,1,0,0,3
8931,5.00,50대,1,1,0,0,5
8932,5.00,50대,0,1,0,0,5
8933,2.00,20대,0,1,0,0,5
8934,2.00,20대,0,1,0,0,5
8935,2.00,20대,0,0,0,0,5
8936,5.00,50대,1,1,0,0,5
8937,4.00,40대,1,1,0,0,4
8938,3.00,30대,0,1,0,0,5
8939,4.00,40대,1,1,0,1,5
8940,2.00,20대,1,1,0,0,5
8941,2.00,20대,1,1,0,0,5
8942,4.00,40대,1,1,0,0,5
8943,3.00,30대,1,1,0,0,4
8944,6.00,60대이상,1,1,0,0,4
8945,3.00,30대,0,1,0,0,4
8946,2.00,20대,1,1,0,0,4
8947,3.00,30대,0,1,1,0,5
8948,2.00,20대,1,1,0,0,5
8949,1.00,10대,1,1,0,0,5
8950,2.00,20대,1,1,0,0,5
8951,2.00,20대,1,1,0,1,5
8952,2.00,20대,1,1,1,0,5
8953,4.00,40대,1,1,0,0,5
8954,2.00,20대,0,1,0,0,5
8955,4.00,40대,1,1,0,0,5
8956,3.00,30대,1,1,0,0,5
8957,4.00,40대,1,0,0,0,4
8958,4.00,40대,0,1,0,0,5
8959,4.00,40대,1,1,0,0,4
8960,5.00,50대,0,1,0,0,5
8961,4.00,40대,1,1,0,0,5
8962,2.00,20대,1,1,0,0,5
8963,6.00,60대이상,1,1,0,0,5
8964,1.00,10대,0,1,0,1,4
8965,1.00,10대,0,1,0,0,4
8966,2.00,20대,0,1,0,0,3
8967,3.00,30대,1,1,0,1,5
8968,2.00,20대,0,1,0,0,5
8969,4.00,40대,1,1,0,1,5
8970,3.00,30대,1,1,0,0,3
8971,3.00,30대,0,1,1,0,5
8972,6.00,60대이상,0,0,1,0,5
8973,4.00,40대,0,1,0,0,5
8974,5.00,50대,1,1,0,0,4
8975,2.00,20대,1,1,0,0,5
8976,4.00,40대,0,1,0,0,5
8977,4.00,40대,1,1,1,0,5
8978,2.00,20대,1,0,0,0,5
8979,1.00,10대,1,1,0,0,4
8980,2.00,20대,1,1,0,1,5
8981,1.00,10대,1,1,0,0,5
8982,1.00,10대,1,1,0,0,5
8983,3.00,30대,0,1,0,0,5
8984,3.00,30대,1,1,1,0,5
8985,3.00,30대,1,1,0,0,5
8986,3.00,30대,1,1,0,1,5
8987,2.00,20대,1,1,0,0,4
8988,5.00,50대,1,1,0,0,5
8989,4.00,40대,1,1,0,0,4
8990,4.00,40대,1,1,1,0,5
8991,3.00,30대,1,1,0,0,5
8992,2.00,20대,1,0,0,0,5
8993,5.00,50대,1,1,1,0,5
8994,2.00,20대,1,0,1,0,5
8995,3.00,30대,1,0,0,0,5
8996,3.00,30대,1,1,0,0,5
8997,3.00,30대,1,0,0,0,5
8998,5.00,50대,1,1,0,0,5
8999,5.00,50대,1,0,0,0,5
9000,3.00,30대,1,1,1,0,5
9001,2.00,20대,1,1,0,0,5
9002,5.00,50대,0,1,0,0,5
9003,2.00,20대,1,1,0,0,5
9004,2.00,20대,0,1,0,0,5
9005,2.00,20대,0,1,0,0,4
9006,3.00,30대,0,1,0,0,4
9007,3.00,30대,1,1,0,0,3
9008,2.00,20대,1,1,0,0,5
9009,2.00,20대,0,1,0,0,5
9010,5.00,50대,1,1,1,0,5
9011,4.00,40대,0,1,0,1,4
9012,5.00,50대,0,1,0,0,5
9013,4.00,40대,0,1,1,0,5
9014,5.00,50대,1,1,1,0,5
9015,4.00,40대,1,1,0,0,5
9016,3.00,30대,1,1,0,1,5
9017,2.00,20대,1,1,0,0,5
9018,3.00,30대,1,1,0,0,5
9019,3.00,30대,1,1,0,0,4
9020,5.00,50대,0,1,0,0,5
9021,2.00,20대,1,1,0,0,4
9022,3.00,30대,0,1,1,0,5
9023,2.00,20대,1,1,0,0,5
9024,4.00,40대,1,1,0,0,5
9025,2.00,20대,1,1,0,0,5
9026,2.00,20대,0,1,0,0,5
9027,4.00,40대,0,1,0,0,5
9028,5.00,50대,0,1,0,1,3
9029,3.00,30대,0,1,0,1,5
9030,3.00,30대,0,1,0,0,5
9031,2.00,20대,1,1,0,0,4
9032,2.00,20대,1,1,1,0,5
9033,2.00,20대,0,1,0,0,5
9034,3.00,30대,1,1,0,0,5
9035,3.00,30대,0,1,0,0,5
9036,5.00,50대,1,1,1,0,5
9037,3.00,30대,1,1,0,0,5
9038,5.00,50대,0,1,0,0,4
9039,2.00,20대,1,1,0,0,4
9040,3.00,30대,0,1,0,0,5
9041,1.00,10대,0,0,0,1,4
9042,5.00,50대,1,1,1,0,5
9043,3.00,30대,0,1,0,0,5
9044,4.00,40대,1,1,0,0,5
9045,3.00,30대,1,1,0,0,5
9046,2.00,20대,0,1,1,0,5
9047,1.00,10대,0,1,0,0,4
9048,3.00,30대,0,1,1,0,5
9049,3.00,30대,1,1,0,0,5
9050,4.00,40대,1,1,0,1,5
9051,5.00,50대,0,1,0,0,4
9052,2.00,20대,0,1,0,0,5
9053,2.00,20대,1,1,0,0,5
9054,3.00,30대,1,1,0,0,5
9055,3.00,30대,0,1,0,0,4
9056,4.00,40대,0,1,0,0,5
9057,5.00,50대,0,1,0,1,5
9058,2.00,20대,0,1,0,0,5
9059,3.00,30대,1,1,0,0,4
9060,4.00,40대,1,1,1,0,5
9061,5.00,50대,1,1,1,0,5
9062,5.00,50대,0,1,0,0,4
9063,2.00,20대,0,1,0,0,5
9064,3.00,30대,1,1,0,0,4
9065,4.00,40대,0,1,0,0,5
9066,4.00,40대,1,1,0,0,5
9067,4.00,40대,1,1,0,1,5
9068,2.00,20대,0,1,0,1,5
9069,3.00,30대,1,1,0,0,4
9070,2.00,20대,1,1,0,0,5
9071,3.00,30대,0,1,0,0,4
9072,5.00,50대,0,1,0,0,5
9073,3.00,30대,1,1,1,0,5
9074,3.00,30대,0,1,0,0,4
9075,3.00,30대,1,1,0,0,5
9076,3.00,30대,0,1,0,0,5
9077,4.00,40대,0,1,0,0,4
9078,3.00,30대,0,1,0,0,4
9079,2.00,20대,1,1,0,0,4
9080,2.00,20대,0,1,0,1,5
9081,5.00,50대,0,1,0,0,4
9082,5.00,50대,0,1,0,0,4
9083,5.00,50대,0,1,0,0,5
9084,3.00,30대,0,1,0,0,5
9085,2.00,20대,1,1,0,1,5
9086,5.00,50대,0,1,1,0,5
9087,5.00,50대,0,1,1,0,5
9088,2.00,20대,1,1,0,0,5
9089,5.00,50대,0,1,0,0,5
9090,5.00,50대,1,1,0,0,5
9091,3.00,30대,0,1,1,0,5
9092,3.00,30대,1,1,1,0,5
9093,5.00,50대,0,1,1,0,5
9094,4.00,40대,1,1,0,0,5
9095,2.00,20대,1,1,0,0,5
9096,5.00,50대,1,1,1,0,4
9097,3.00,30대,1,1,0,0,5
9098,1.00,10대,1,1,0,1,5
9099,3.00,30대,1,1,0,0,5
9100,3.00,30대,1,1,0,0,5
9101,5.00,50대,1,1,0,0,4
9102,2.00,20대,0,1,0,0,5
9103,4.00,40대,0,0,0,0,4
9104,5.00,50대,1,1,0,0,4
9105,3.00,30대,0,1,0,0,4
9106,5.00,50대,1,1,0,0,5
9107,3.00,30대,0,1,0,0,5
9108,2.00,20대,1,1,1,0,5
9109,3.00,30대,0,1,0,0,5
9110,3.00,30대,0,0,0,0,4
9111,6.00,60대이상,1,0,0,0,4
9112,4.00,40대,1,0,0,1,5
9113,4.00,40대,1,0,0,0,4
9114,2.00,20대,1,1,0,0,5
9115,5.00,50대,1,1,0,1,5
9116,5.00,50대,1,1,0,0,5
9117,3.00,30대,0,1,0,0,4
9118,2.00,20대,0,1,0,1,5
9119,5.00,50대,1,1,0,0,5
9120,2.00,20대,0,1,0,0,5
9121,5.00,50대,1,1,0,1,5
9122,3.00,30대,0,0,1,0,5
9123,4.00,40대,1,0,1,0,5
9124,3.00,30대,1,1,0,0,5
9125,2.00,20대,0,1,0,0,5
9126,3.00,30대,1,1,0,0,5
9127,4.00,40대,0,1,0,0,5
9128,5.00,50대,0,1,1,0,5
9129,4.00,40대,1,1,0,0,5
9130,3.00,30대,1,1,0,0,5
9131,5.00,50대,1,1,0,0,5
9132,4.00,40대,0,1,0,0,5
9133,5.00,50대,1,0,1,0,5
9134,5.00,50대,0,1,0,0,4
9135,3.00,30대,0,1,0,1,5
9136,4.00,40대,0,1,0,0,5
9137,5.00,50대,0,1,0,0,5
9138,1.00,10대,1,1,1,0,4
9139,2.00,20대,1,0,1,0,5
9140,4.00,40대,0,1,1,0,5
9141,4.00,40대,0,1,0,0,4
9142,3.00,30대,1,0,0,0,5
9143,3.00,30대,1,1,0,0,5
9144,1.00,10대,1,1,1,0,5
9145,1.00,10대,0,1,0,0,4
9146,5.00,50대,0,0,0,0,5
9147,3.00,30대,1,1,0,0,4
9148,1.00,10대,1,0,0,0,4
9149,4.00,40대,0,1,1,0,5
9150,2.00,20대,1,1,0,0,5
9151,4.00,40대,1,1,0,1,5
9152,3.00,30대,0,1,0,0,5
9153,2.00,20대,1,1,0,0,4
9154,4.00,40대,1,1,0,0,5
9155,1.00,10대,0,1,0,0,5
9156,3.00,30대,1,1,0,0,5
9157,1.00,10대,1,1,0,1,5
9158,3.00,30대,1,0,0,0,4
9159,2.00,20대,1,1,0,0,5
9160,2.00,20대,1,1,0,0,5
9161,2.00,20대,1,1,0,0,5
9162,2.00,20대,1,1,0,0,5
9163,5.00,50대,0,0,0,0,5
9164,2.00,20대,1,1,0,0,5
9165,3.00,30대,0,1,1,0,4
9166,4.00,40대,1,1,0,1,5
9167,4.00,40대,0,1,0,0,5
9168,2.00,20대,0,1,1,0,5
9169,5.00,50대,0,0,0,1,5
9170,4.00,40대,1,0,0,0,5
9171,4.00,40대,1,1,0,0,5
9172,5.00,50대,0,1,1,0,5
9173,1.00,10대,1,1,0,0,5
9174,4.00,40대,0,0,1,0,5
9175,4.00,40대,1,0,0,0,5
9176,1.00,10대,1,1,0,0,5
9177,3.00,30대,0,1,1,0,5
9178,3.00,30대,1,1,0,0,4
9179,4.00,40대,1,1,1,0,5
9180,3.00,30대,1,1,1,0,5
9181,5.00,50대,1,1,0,0,5
9182,6.00,60대이상,1,1,0,1,5
9183,4.00,40대,0,1,0,0,5
9184,2.00,20대,1,1,1,0,5
9185,3.00,30대,1,1,1,0,5
9186,5.00,50대,1,1,0,0,5
9187,6.00,60대이상,0,1,0,0,4
9188,2.00,20대,0,1,0,0,4
9189,6.00,60대이상,0,1,0,1,3
9190,3.00,30대,0,1,0,1,5
9191,5.00,50대,0,0,0,1,5
9192,6.00,60대이상,0,1,0,0,5
9193,1.00,10대,0,1,1,0,5
9194,2.00,20대,1,0,0,0,5
9195,2.00,20대,1,1,1,0,5
9196,2.00,20대,0,1,0,0,5
9197,2.00,20대,1,1,1,0,5
9198,2.00,20대,1,0,0,1,5
9199,4.00,40대,1,0,0,0,5
9200,3.00,30대,1,0,1,0,5
9201,2.00,20대,1,1,0,0,4
9202,2.00,20대,0,1,0,1,5
9203,2.00,20대,0,0,0,0,5
9204,4.00,40대,0,0,0,0,3
9205,4.00,40대,0,1,0,0,5
9206,4.00,40대,0,0,1,0,5
9207,2.00,20대,0,1,0,0,4
9208,2.00,20대,0,1,0,0,5
9209,3.00,30대,0,1,0,0,5
9210,3.00,30대,1,1,0,1,5
9211,5.00,50대,0,1,0,0,5
9212,4.00,40대,1,1,0,0,5
9213,5.00,50대,1,1,0,0,5
9214,3.00,30대,0,1,0,0,5
9215,3.00,30대,0,1,0,1,5
9216,1.00,10대,0,1,0,0,3
9217,2.00,20대,0,1,0,0,5
9218,4.00,40대,0,1,0,0,5
9219,3.00,30대,1,1,0,0,5
9220,2.00,20대,1,1,0,0,5
9221,3.00,30대,0,1,1,0,5
9222,2.00,20대,1,1,0,0,5
9223,5.00,50대,1,0,0,0,5
9224,2.00,20대,1,1,1,0,5
9225,4.00,40대,0,1,1,0,5
9226,5.00,50대,1,0,0,0,5
9227,2.00,20대,1,1,1,0,5
9228,5.00,50대,0,1,0,0,5
9229,5.00,50대,1,1,1,0,5
9230,5.00,50대,1,0,0,0,4
9231,2.00,20대,1,1,0,0,5
9232,3.00,30대,1,1,1,0,3
9233,5.00,50대,0,1,0,0,5
9234,2.00,20대,1,1,0,0,4
9235,2.00,20대,0,1,0,0,5
9236,2.00,20대,1,1,0,0,5
9237,2.00,20대,1,1,0,0,4
9238,2.00,20대,1,1,0,0,5
9239,2.00,20대,0,1,0,0,5
9240,2.00,20대,0,1,0,0,5
9241,2.00,20대,0,1,0,0,5
9242,4.00,40대,1,1,0,0,5
9243,2.00,20대,0,1,0,0,4
9244,2.00,20대,0,1,1,0,5
9245,4.00,40대,0,1,0,0,5
9246,5.00,50대,1,1,0,0,5
9247,3.00,30대,0,1,0,0,3
9248,2.00,20대,0,1,0,0,5
9249,3.00,30대,1,0,0,0,5
9250,5.00,50대,1,1,1,0,5
9251,3.00,30대,0,1,0,0,4
9252,2.00,20대,1,1,0,0,5
9253,3.00,30대,1,1,0,0,4
9254,2.00,20대,1,1,0,0,4
9255,5.00,50대,1,1,0,0,5
9256,3.00,30대,0,1,0,0,4
9257,5.00,50대,1,1,1,0,5
9258,4.00,40대,0,0,1,0,5
9259,4.00,40대,0,1,0,0,5
9260,2.00,20대,0,1,0,0,3
9261,5.00,50대,0,1,0,1,4
9262,5.00,50대,1,1,0,0,5
9263,5.00,50대,1,1,0,0,4
9264,5.00,50대,1,1,0,0,5
9265,3.00,30대,0,1,0,0,4
9266,2.00,20대,0,1,0,0,5
9267,3.00,30대,0,1,0,1,4
9268,3.00,30대,1,1,0,0,5
9269,5.00,50대,1,1,0,0,5
9270,2.00,20대,1,1,0,0,5
9271,2.00,20대,1,1,0,0,5
9272,5.00,50대,1,1,0,0,5
9273,2.00,20대,1,1,0,0,4
9274,3.00,30대,0,1,0,0,5
9275,4.00,40대,1,1,0,0,5
9276,5.00,50대,0,0,0,0,4
9277,3.00,30대,1,1,0,0,5
9278,5.00,50대,0,1,0,0,4
9279,5.00,50대,1,1,0,0,3
9280,3.00,30대,1,1,0,0,4
9281,3.00,30대,1,1,0,1,3
9282,5.00,50대,1,1,1,0,5
9283,3.00,30대,1,1,0,0,5
9284,3.00,30대,1,1,0,0,3
9285,2.00,20대,0,1,0,0,4
9286,5.00,50대,0,1,1,0,5
9287,2.00,20대,1,1,0,0,4
9288,5.00,50대,1,1,0,0,5
9289,2.00,20대,1,1,0,0,5
9290,5.00,50대,0,0,0,0,5
9291,2.00,20대,1,1,0,0,5
9292,3.00,30대,0,1,0,0,5
9293,2.00,20대,1,1,0,0,5
9294,3.00,30대,1,1,0,0,5
9295,2.00,20대,1,1,1,0,5
9296,5.00,50대,0,1,0,0,5
9297,3.00,30대,0,1,0,0,5
9298,5.00,50대,1,1,0,0,2
9299,3.00,30대,0,1,0,0,5
9300,3.00,30대,1,1,1,0,5
9301,4.00,40대,1,1,0,0,5
9302,3.00,30대,1,1,0,0,4
9303,2.00,20대,1,1,0,0,5
9304,3.00,30대,0,1,0,0,5
9305,4.00,40대,0,1,0,0,5
9306,5.00,50대,1,1,0,1,5
9307,5.00,50대,1,1,0,0,5
9308,3.00,30대,1,1,0,0,4
9309,5.00,50대,1,1,0,1,5
9310,5.00,50대,1,1,0,0,4
9311,5.00,50대,1,1,0,0,5
9312,3.00,30대,0,1,0,0,5
9313,5.00,50대,0,0,0,0,5
9314,6.00,60대이상,1,1,0,0,5
9315,4.00,40대,1,1,0,0,5
9316,4.00,40대,0,1,0,0,5
9317,5.00,50대,0,1,0,0,5
9318,3.00,30대,1,1,0,0,4
9319,4.00,40대,1,1,0,1,5
9320,3.00,30대,1,1,0,0,5
9321,2.00,20대,0,1,0,0,5
9322,3.00,30대,1,1,0,0,5
9323,5.00,50대,0,1,0,1,4
9324,2.00,20대,1,1,1,0,5
9325,2.00,20대,0,1,0,1,5
9326,2.00,20대,0,1,1,0,4
9327,2.00,20대,0,0,0,0,5
9328,5.00,50대,0,1,0,0,5
9329,6.00,60대이상,1,0,0,1,5
9330,4.00,40대,1,0,0,0,5
9331,2.00,20대,1,1,0,0,5
9332,3.00,30대,0,1,1,0,5
9333,4.00,40대,1,1,0,0,5
9334,5.00,50대,0,0,0,0,5
9335,2.00,20대,0,1,0,1,4
9336,3.00,30대,1,1,0,0,5
9337,4.00,40대,1,1,0,0,4
9338,2.00,20대,1,1,0,0,5
9339,4.00,40대,1,1,1,0,5
9340,2.00,20대,0,1,1,0,5
9341,4.00,40대,1,0,0,0,5
9342,3.00,30대,1,1,0,0,5
9343,3.00,30대,0,1,1,0,4
9344,4.00,40대,0,0,0,0,4
9345,2.00,20대,1,0,0,0,5
9346,3.00,30대,0,0,1,0,5
9347,5.00,50대,0,0,0,1,5
9348,2.00,20대,0,0,0,1,3
9349,5.00,50대,1,0,0,0,4
9350,3.00,30대,0,0,0,0,4
9351,2.00,20대,0,0,0,0,4
9352,3.00,30대,1,0,0,0,4
9353,3.00,30대,1,1,1,0,5
9354,3.00,30대,1,1,0,1,4
9355,3.00,30대,1,1,0,0,3
9356,3.00,30대,0,1,0,0,4
9357,4.00,40대,1,1,0,0,4
9358,5.00,50대,0,1,0,0,5
9359,3.00,30대,1,0,0,0,5
9360,2.00,20대,0,0,0,0,4
9361,4.00,40대,0,1,0,0,4
9362,2.00,20대,1,1,0,0,5
9363,3.00,30대,1,0,1,0,3
9364,2.00,20대,1,1,0,0,5
9365,3.00,30대,1,0,0,1,4
9366,3.00,30대,1,1,0,0,5
9367,4.00,40대,1,1,0,0,5
9368,2.00,20대,1,1,0,0,5
9369,3.00,30대,1,1,0,0,4
9370,4.00,40대,0,1,0,0,5
9371,2.00,20대,0,0,0,1,5
9372,2.00,20대,0,0,0,0,4
9373,3.00,30대,1,1,0,0,4
9374,2.00,20대,0,1,0,0,4
9375,3.00,30대,1,1,0,0,5
9376,3.00,30대,1,0,0,0,5
9377,4.00,40대,0,0,0,0,5
9378,3.00,30대,1,1,0,0,5
9379,2.00,20대,0,0,0,0,5
9380,2.00,20대,0,1,0,0,5
9381,3.00,30대,0,1,0,0,5
9382,5.00,50대,0,1,0,0,4
9383,2.00,20대,1,1,1,0,5
9384,3.00,30대,1,1,0,0,5
9385,2.00,20대,0,1,1,0,4
9386,4.00,40대,0,0,0,0,4
9387,6.00,60대이상,0,1,0,0,4
9388,2.00,20대,1,1,0,0,4
9389,4.00,40대,1,1,0,0,4
9390,3.00,30대,0,1,0,0,4
9391,2.00,20대,1,0,0,0,4
9392,6.00,60대이상,1,1,0,0,4
9393,6.00,60대이상,1,1,0,0,4
9394,4.00,40대,1,0,1,0,5
9395,2.00,20대,0,1,0,0,5
9396,3.00,30대,0,1,0,0,4
9397,3.00,30대,1,1,0,0,5
9398,4.00,40대,0,1,0,0,5
9399,2.00,20대,1,1,0,1,5
9400,4.00,40대,1,1,0,0,5
9401,3.00,30대,1,1,0,0,5
9402,3.00,30대,0,1,0,0,5
9403,4.00,40대,1,0,0,0,5
9404,3.00,30대,0,1,0,0,5
9405,6.00,60대이상,0,1,1,0,5
9406,3.00,30대,1,1,0,0,5
9407,3.00,30대,1,0,0,0,4
9408,3.00,30대,0,0,0,0,5
9409,4.00,40대,0,1,0,1,5
9410,4.00,40대,1,1,1,0,5
9411,1.00,10대,1,1,0,0,4
9412,4.00,40대,0,0,0,0,5
9413,2.00,20대,1,1,0,0,4
9414,5.00,50대,1,1,0,1,5
9415,2.00,20대,1,1,0,0,4
9416,4.00,40대,1,1,0,0,3
9417,4.00,40대,0,1,0,0,4
9418,3.00,30대,1,1,1,0,5
9419,3.00,30대,0,1,0,0,5
9420,4.00,40대,1,0,1,0,4
9421,2.00,20대,0,1,0,0,5
9422,4.00,40대,0,1,0,0,4
9423,1.00,10대,0,1,0,0,5
9424,3.00,30대,1,1,0,0,5
9425,2.00,20대,0,1,0,0,4
9426,2.00,20대,1,1,0,1,4
9427,2.00,20대,0,1,0,0,5
9428,6.00,60대이상,1,1,0,0,4
9429,2.00,20대,0,0,0,1,4
9430,3.00,30대,0,1,0,0,4
9431,2.00,20대,0,0,0,0,5
9432,2.00,20대,0,1,0,0,4
9433,2.00,20대,1,0,0,0,4
9434,4.00,40대,0,1,0,0,4
9435,4.00,40대,0,0,0,0,4
9436,4.00,40대,0,0,0,0,5
9437,2.00,20대,1,1,0,0,5
9438,3.00,30대,0,1,0,0,5
9439,3.00,30대,0,1,0,0,4
9440,2.00,20대,1,1,1,0,4
9441,3.00,30대,0,1,0,1,5
9442,4.00,40대,1,1,0,0,4
9443,5.00,50대,1,1,1,0,4
9444,3.00,30대,0,1,0,0,4
9445,3.00,30대,0,0,0,0,5
9446,3.00,30대,1,1,0,0,4
9447,2.00,20대,0,1,1,0,5
9448,4.00,40대,0,0,1,0,4
9449,6.00,60대이상,0,0,0,0,5
9450,2.00,20대,0,0,0,0,5
9451,5.00,50대,1,1,0,0,4
9452,6.00,60대이상,1,0,0,0,5
9453,5.00,50대,1,0,1,0,4
9454,2.00,20대,0,0,1,0,4
9455,5.00,50대,1,1,0,0,5
9456,5.00,50대,0,1,0,0,5
9457,2.00,20대,0,1,0,0,5
9458,3.00,30대,0,1,0,0,5
9459,2.00,20대,1,1,0,1,5
9460,2.00,20대,0,1,1,0,5
9461,3.00,30대,1,1,0,0,5
9462,3.00,30대,0,1,0,0,5
9463,3.00,30대,0,1,0,0,4
9464,3.00,30대,0,0,0,0,4
9465,3.00,30대,0,0,0,0,4
9466,3.00,30대,0,1,0,0,5
9467,2.00,20대,1,1,0,0,5
9468,5.00,50대,0,1,1,0,4
9469,5.00,50대,0,1,0,0,5
9470,3.00,30대,0,1,0,0,4
9471,2.00,20대,1,1,0,0,4
9472,3.00,30대,0,0,0,0,5
9473,2.00,20대,0,0,0,0,5
9474,2.00,20대,1,0,0,1,3
9475,2.00,20대,0,1,0,0,3
9476,3.00,30대,0,0,0,0,4
9477,4.00,40대,0,1,1,0,5
9478,1.00,10대,0,1,1,0,5
9479,5.00,50대,0,1,1,0,5
9480,2.00,20대,0,1,0,0,5
9481,2.00,20대,0,1,0,0,4
9482,5.00,50대,1,1,0,0,3
9483,3.00,30대,0,1,1,0,5
9484,2.00,20대,0,1,0,1,5
9485,2.00,20대,1,1,0,1,5
9486,2.00,20대,1,1,0,1,5
9487,2.00,20대,1,1,0,0,4
9488,5.00,50대,0,0,0,0,5
9489,5.00,50대,1,1,1,0,5
9490,5.00,50대,1,0,0,0,5
9491,4.00,40대,0,1,0,0,5
9492,3.00,30대,1,1,0,0,5
9493,2.00,20대,1,1,0,0,4
9494,3.00,30대,1,1,0,0,5
9495,3.00,30대,1,1,0,0,4
9496,3.00,30대,0,0,1,0,4
9497,3.00,30대,0,0,0,0,4
9498,3.00,30대,1,1,0,1,4
9499,4.00,40대,0,1,0,0,4
9500,2.00,20대,1,0,0,0,3
9501,2.00,20대,0,1,0,0,4
9502,4.00,40대,0,1,0,0,3
9503,3.00,30대,1,1,0,0,5
9504,2.00,20대,0,1,0,0,5
9505,5.00,50대,1,1,0,0,4
9506,5.00,50대,1,1,1,0,5
9507,3.00,30대,1,1,0,0,5
9508,2.00,20대,0,1,0,0,5
9509,1.00,10대,1,1,1,0,5
9510,3.00,30대,1,1,0,0,5
9511,4.00,40대,0,1,0,0,5
9512,5.00,50대,0,0,1,0,4
9513,2.00,20대,1,0,1,0,5
9514,4.00,40대,0,1,1,0,3
9515,5.00,50대,0,0,0,1,3
9516,3.00,30대,0,0,0,0,5
9517,6.00,60대이상,1,1,0,1,5
9518,5.00,50대,1,1,0,0,5
9519,6.00,60대이상,1,1,0,0,5
9520,2.00,20대,1,0,0,0,5
9521,3.00,30대,0,1,0,0,5
9522,4.00,40대,1,1,1,0,4
9523,4.00,40대,0,0,0,1,4
9524,3.00,30대,0,1,0,0,5
9525,4.00,40대,1,1,0,0,4
9526,3.00,30대,0,1,0,1,5
9527,2.00,20대,0,1,1,0,4
9528,1.00,10대,0,0,0,1,3
9529,2.00,20대,0,0,0,0,5
9530,2.00,20대,1,0,1,0,5
9531,4.00,40대,1,1,0,0,4
9532,4.00,40대,0,0,0,0,5
9533,3.00,30대,1,0,0,0,4
9534,1.00,10대,1,1,0,0,4
9535,6.00,60대이상,0,0,1,0,4
9536,5.00,50대,0,1,1,0,4
9537,2.00,20대,1,0,0,0,5
9538,2.00,20대,1,1,0,0,4
9539,2.00,20대,1,1,0,0,5
9540,2.00,20대,1,1,1,0,4
9541,5.00,50대,0,0,0,0,4
9542,4.00,40대,0,0,0,0,5
9543,2.00,20대,1,1,0,0,4
9544,3.00,30대,0,0,0,0,5
9545,6.00,60대이상,1,1,1,0,4
9546,5.00,50대,1,1,1,0,5
9547,6.00,60대이상,1,1,0,0,5
9548,5.00,50대,0,1,0,1,5
9549,6.00,60대이상,0,1,0,0,5
9550,2.00,20대,0,1,0,0,4
9551,3.00,30대,1,1,0,0,4
9552,2.00,20대,1,1,0,0,5
9553,2.00,20대,1,1,1,0,5
9554,2.00,20대,1,1,1,0,5
9555,3.00,30대,1,1,1,0,5
9556,3.00,30대,0,1,0,0,5
9557,4.00,40대,1,1,0,0,5
9558,5.00,50대,1,1,1,0,5
9559,2.00,20대,0,1,0,1,5
9560,3.00,30대,1,1,0,0,4
9561,3.00,30대,1,1,0,0,5
9562,3.00,30대,1,1,0,0,5
9563,5.00,50대,1,1,0,1,4
9564,3.00,30대,1,1,0,0,5
9565,5.00,50대,1,1,0,0,3
9566,3.00,30대,0,1,0,0,5
9567,5.00,50대,1,1,0,0,4
9568,3.00,30대,1,1,0,0,4
9569,3.00,30대,1,1,0,0,4
9570,2.00,20대,0,1,0,0,4
9571,3.00,30대,1,0,0,0,5
9572,2.00,20대,1,1,0,0,5
9573,2.00,20대,1,1,0,0,5
9574,1.00,10대,0,1,0,0,4
9575,3.00,30대,0,1,0,0,5
9576,3.00,30대,1,1,0,1,5
9577,3.00,30대,0,1,0,0,4
9578,4.00,40대,1,1,0,1,5
9579,4.00,40대,0,1,1,0,5
9580,2.00,20대,0,1,0,0,5
9581,4.00,40대,1,1,1,0,4
9582,6.00,60대이상,0,1,0,0,5
9583,5.00,50대,1,1,1,0,4
9584,1.00,10대,1,1,0,0,5
9585,2.00,20대,1,1,0,0,4
9586,5.00,50대,1,1,0,0,5
9587,4.00,40대,1,1,0,1,5
9588,3.00,30대,1,1,0,0,5
9589,2.00,20대,1,1,0,0,4
9590,2.00,20대,1,1,0,0,5
9591,4.00,40대,0,1,0,1,5
9592,2.00,20대,1,1,1,0,4
9593,2.00,20대,1,1,0,0,5
9594,3.00,30대,1,1,0,0,5
9595,1.00,10대,1,1,0,1,4
9596,2.00,20대,1,1,0,0,4
9597,4.00,40대,1,1,0,0,5
9598,2.00,20대,0,1,0,0,3
9599,3.00,30대,0,1,0,0,5
9600,2.00,20대,1,1,0,0,4
9601,3.00,30대,0,1,1,0,5
9602,2.00,20대,0,1,0,0,5
9603,4.00,40대,1,1,1,0,5
9604,3.00,30대,1,1,1,0,5
9605,1.00,10대,1,1,0,0,4
9606,3.00,30대,1,1,0,0,5
9607,4.00,40대,1,1,1,0,5
9608,2.00,20대,0,1,0,0,5
9609,3.00,30대,0,1,1,0,5
9610,2.00,20대,0,1,0,0,5
9611,2.00,20대,0,1,0,0,5
9612,2.00,20대,1,1,0,0,5
9613,3.00,30대,1,1,0,0,5
9614,4.00,40대,0,1,1,0,5
9615,3.00,30대,1,1,0,0,4
9616,2.00,20대,1,1,0,0,5
9617,2.00,20대,1,1,0,0,5
9618,6.00,60대이상,1,1,1,0,5
9619,2.00,20대,1,1,0,0,4
9620,2.00,20대,0,1,0,1,4
9621,2.00,20대,1,1,0,0,4
9622,2.00,20대,1,1,0,0,5
9623,2.00,20대,1,1,0,0,4
9624,4.00,40대,1,1,0,0,5
9625,2.00,20대,1,1,0,0,5
9626,6.00,60대이상,1,1,0,0,5
9627,4.00,40대,0,0,0,0,3
9628,3.00,30대,1,1,1,0,5
9629,5.00,50대,1,1,0,0,5
9630,2.00,20대,1,1,0,0,5
9631,4.00,40대,1,1,0,0,3
9632,5.00,50대,0,1,0,0,3
9633,2.00,20대,0,1,0,0,5
9634,2.00,20대,0,1,0,0,4
9635,2.00,20대,0,1,0,0,5
9636,6.00,60대이상,1,1,0,0,5
9637,5.00,50대,0,1,0,0,5
9638,3.00,30대,0,1,1,0,5
9639,5.00,50대,0,1,0,0,4
9640,2.00,20대,1,1,0,0,5
9641,2.00,20대,0,1,0,0,5
9642,2.00,20대,1,1,0,0,3
9643,4.00,40대,0,1,0,0,4
9644,3.00,30대,0,1,0,0,4
9645,3.00,30대,1,0,0,0,5
9646,1.00,10대,0,1,0,0,5
9647,6.00,60대이상,1,1,0,1,4
9648,4.00,40대,1,1,0,0,5
9649,1.00,10대,0,1,0,0,5
9650,2.00,20대,1,1,1,0,4
9651,3.00,30대,0,1,1,0,5
9652,4.00,40대,1,0,0,0,5
9653,4.00,40대,1,1,0,0,5
9654,4.00,40대,0,1,1,0,5
9655,5.00,50대,0,0,0,0,4
9656,5.00,50대,1,1,0,0,5
9657,2.00,20대,1,1,0,0,4
9658,3.00,30대,1,1,0,0,5
9659,1.00,10대,1,1,0,1,5
9660,5.00,50대,1,1,1,0,5
9661,2.00,20대,1,1,0,0,5
9662,2.00,20대,1,1,0,1,5
9663,6.00,60대이상,1,1,0,0,5
9664,3.00,30대,1,1,0,0,5
9665,2.00,20대,1,1,0,0,5
9666,2.00,20대,1,1,0,0,3
9667,3.00,30대,1,1,0,0,5
9668,4.00,40대,0,1,0,0,3
9669,2.00,20대,1,1,0,0,4
9670,2.00,20대,1,1,0,0,5
9671,3.00,30대,1,1,0,0,5
9672,1.00,10대,1,1,0,0,5
9673,2.00,20대,0,1,0,0,5
9674,4.00,40대,0,1,0,0,5
9675,1.00,10대,1,1,0,0,5
9676,6.00,60대이상,0,1,0,0,5
9677,3.00,30대,1,1,0,0,4
9678,3.00,30대,0,1,0,0,5
9679,2.00,20대,1,1,0,0,4
9680,1.00,10대,1,0,1,0,5
9681,1.00,10대,0,0,0,0,5
9682,3.00,30대,1,1,0,0,5
9683,2.00,20대,0,1,0,1,5
9684,2.00,20대,0,1,0,0,5
9685,3.00,30대,1,1,0,0,4
9686,1.00,10대,0,1,0,0,5
9687,3.00,30대,1,1,0,0,5
9688,2.00,20대,0,1,0,0,5
9689,5.00,50대,0,1,0,0,5
9690,3.00,30대,1,1,0,0,5
9691,3.00,30대,0,1,0,0,4
9692,1.00,10대,1,0,0,0,5
9693,3.00,30대,1,1,1,0,5
9694,1.00,10대,1,1,0,0,5
9695,2.00,20대,0,1,0,0,5
9696,5.00,50대,1,0,1,0,5
9697,1.00,10대,0,0,0,0,5
9698,2.00,20대,1,1,0,0,5
9699,4.00,40대,0,1,0,0,3
9700,3.00,30대,1,1,0,0,4
9701,2.00,20대,0,0,0,1,5
9702,4.00,40대,1,1,0,1,5
9703,1.00,10대,1,0,1,0,5
9704,3.00,30대,1,1,0,0,5
9705,2.00,20대,1,1,1,0,4
9706,2.00,20대,1,1,0,0,5
9707,2.00,20대,1,0,1,0,5
9708,2.00,20대,1,1,0,0,5
9709,3.00,30대,0,0,1,0,5
9710,1.00,10대,1,1,0,0,5
9711,4.00,40대,1,0,1,0,5
9712,2.00,20대,1,0,0,0,5
9713,2.00,20대,0,1,0,0,5
9714,2.00,20대,1,1,0,0,5
9715,2.00,20대,0,0,0,0,5
9716,2.00,20대,1,0,0,0,5
9717,3.00,30대,0,0,1,0,5
9718,5.00,50대,0,1,1,0,5
9719,3.00,30대,1,1,0,0,5
9720,2.00,20대,0,1,0,0,5
9721,1.00,10대,0,0,0,0,5
9722,2.00,20대,1,1,0,0,4
9723,3.00,30대,0,1,0,0,4
9724,3.00,30대,1,1,0,0,5
9725,3.00,30대,0,0,1,0,4
9726,3.00,30대,1,1,0,0,4
9727,1.00,10대,1,0,0,0,5
9728,2.00,20대,1,1,0,0,5
9729,4.00,40대,0,1,0,0,5
9730,4.00,40대,1,1,0,0,4
9731,4.00,40대,1,1,0,0,5
9732,4.00,40대,1,1,0,1,5
9733,6.00,60대이상,0,1,0,0,4
9734,5.00,50대,1,1,0,0,5
9735,2.00,20대,0,1,0,0,3
9736,3.00,30대,0,0,1,0,5
9737,3.00,30대,1,1,0,0,4
9738,5.00,50대,0,1,0,0,4
9739,3.00,30대,0,0,1,0,5
9740,5.00,50대,0,1,0,0,5
9741,2.00,20대,1,1,0,0,5
9742,4.00,40대,1,1,0,0,4
9743,5.00,50대,1,1,0,0,4
9744,2.00,20대,0,0,1,0,5
9745,2.00,20대,0,0,0,0,5
9746,3.00,30대,1,1,0,0,4
9747,4.00,40대,0,1,0,1,5
9748,4.00,40대,1,1,0,0,5
9749,3.00,30대,1,1,0,1,5
9750,2.00,20대,0,1,0,0,4
9751,3.00,30대,0,0,1,0,5
9752,2.00,20대,1,1,0,0,3
9753,6.00,60대이상,0,1,0,0,5
9754,3.00,30대,1,1,0,0,5
9755,5.00,50대,1,1,0,0,4
9756,1.00,10대,0,0,0,0,4
9757,3.00,30대,0,0,1,0,5
9758,3.00,30대,0,1,0,0,4
9759,3.00,30대,1,0,1,0,4
9760,2.00,20대,0,1,0,0,5
9761,2.00,20대,0,1,0,0,5
9762,2.00,20대,1,1,0,0,5
9763,5.00,50대,1,1,0,0,5
9764,3.00,30대,1,1,0,0,5
9765,2.00,20대,0,1,0,0,5
9766,3.00,30대,0,0,1,0,5
9767,5.00,50대,1,1,0,0,5
9768,4.00,40대,0,1,0,0,5
9769,2.00,20대,0,1,0,0,5
9770,4.00,40대,0,1,0,0,4
9771,3.00,30대,1,1,0,0,5
9772,4.00,40대,0,1,0,0,4
9773,2.00,20대,0,1,0,0,5
9774,2.00,20대,0,1,0,0,4
9775,2.00,20대,1,1,0,0,5
9776,5.00,50대,0,1,0,0,4
9777,3.00,30대,0,1,0,0,5
9778,3.00,30대,1,1,0,0,5
9779,3.00,30대,1,1,0,0,4
9780,2.00,20대,1,1,0,1,5
9781,3.00,30대,1,1,0,0,5
9782,2.00,20대,0,1,1,0,5
9783,2.00,20대,0,0,0,0,4
9784,5.00,50대,1,1,0,0,5
9785,3.00,30대,0,1,0,0,5
9786,3.00,30대,0,1,0,0,5
9787,4.00,40대,0,1,0,0,5
9788,2.00,20대,1,1,0,0,5
9789,2.00,20대,1,1,0,0,5
9790,2.00,20대,0,1,0,0,5
9791,2.00,20대,0,1,1,0,5
9792,3.00,30대,0,1,0,0,5
9793,2.00,20대,1,1,0,0,5
9794,2.00,20대,0,1,0,0,5
9795,3.00,30대,0,1,0,0,5
9796,2.00,20대,0,1,0,1,5
9797,3.00,30대,0,1,0,0,5
9798,2.00,20대,0,1,0,0,4
9799,4.00,40대,0,1,0,0,5
9800,2.00,20대,0,1,0,0,5
9801,3.00,30대,1,1,0,1,4
9802,3.00,30대,0,1,0,0,5
9803,3.00,30대,0,1,0,1,5
9804,3.00,30대,1,1,0,0,5
9805,2.00,20대,1,1,0,0,5
9806,2.00,20대,1,1,0,0,5
9807,3.00,30대,1,1,0,0,5
9808,2.00,20대,1,1,1,0,5
9809,3.00,30대,0,1,0,0,5
9810,2.00,20대,1,1,0,1,5
9811,6.00,60대이상,0,1,0,0,5
9812,2.00,20대,0,1,0,0,5
9813,4.00,40대,0,1,0,1,5
9814,5.00,50대,1,1,0,0,4
9815,2.00,20대,0,1,0,0,4
9816,5.00,50대,0,1,0,0,5
9817,4.00,40대,0,1,0,0,5
9818,3.00,30대,1,1,0,0,5
9819,3.00,30대,0,1,0,0,5
9820,3.00,30대,0,1,0,0,5
9821,4.00,40대,1,1,0,0,5
9822,3.00,30대,1,1,0,0,4
9823,4.00,40대,1,1,0,0,4
9824,2.00,20대,1,1,0,1,4
9825,3.00,30대,0,1,0,0,5
9826,2.00,20대,0,1,0,0,4
9827,5.00,50대,0,1,0,0,5
9828,2.00,20대,1,1,0,0,4
9829,6.00,60대이상,0,1,0,0,4
9830,5.00,50대,1,1,0,0,5
9831,2.00,20대,0,0,0,1,5
9832,2.00,20대,1,1,0,0,5
9833,4.00,40대,0,0,0,0,4
9834,3.00,30대,0,1,0,0,4
9835,4.00,40대,1,1,0,0,5
9836,3.00,30대,0,1,0,0,4
9837,2.00,20대,0,1,1,0,5
9838,3.00,30대,0,0,1,0,5
9839,2.00,20대,1,1,0,0,4
9840,2.00,20대,1,1,0,0,5
9841,2.00,20대,0,0,0,1,5
9842,4.00,40대,0,1,0,0,4
9843,6.00,60대이상,1,1,0,0,5
9844,3.00,30대,0,1,0,0,5
9845,5.00,50대,1,1,0,0,5
9846,3.00,30대,0,0,1,0,5
9847,2.00,20대,1,1,0,0,5
9848,4.00,40대,1,1,0,0,4
9849,2.00,20대,0,1,0,0,5
9850,2.00,20대,0,1,0,0,5
9851,2.00,20대,1,1,0,0,5
9852,2.00,20대,0,1,0,0,5
9853,2.00,20대,0,1,1,0,5
9854,2.00,20대,0,1,0,0,5
9855,2.00,20대,0,1,0,0,5
9856,3.00,30대,1,1,0,0,5
9857,2.00,20대,1,1,0,0,5
9858,4.00,40대,0,1,0,1,5
9859,2.00,20대,1,1,0,0,5
9860,3.00,30대,0,0,1,0,5
9861,3.00,30대,0,1,1,0,4
9862,5.00,50대,1,0,0,0,5
9863,1.00,10대,1,1,0,0,3
9864,3.00,30대,0,1,1,0,5
9865,4.00,40대,1,1,0,0,5
9866,3.00,30대,0,1,0,0,5
9867,3.00,30대,0,0,1,0,5
9868,2.00,20대,1,1,0,1,2
9869,2.00,20대,1,1,0,0,5
9870,1.00,10대,1,1,0,1,4
9871,2.00,20대,0,1,0,0,5
9872,2.00,20대,1,1,0,0,5
9873,4.00,40대,1,1,0,0,4
9874,2.00,20대,1,1,1,0,4
9875,2.00,20대,0,0,0,0,5
9876,2.00,20대,0,0,1,0,5
9877,2.00,20대,0,0,0,0,5
9878,2.00,20대,1,1,0,0,4
9879,3.00,30대,1,1,0,0,5
9880,3.00,30대,0,0,1,0,4
9881,3.00,30대,0,1,0,0,3
9882,4.00,40대,1,1,0,0,5
9883,5.00,50대,1,1,0,0,5
9884,2.00,20대,0,1,0,1,5
9885,5.00,50대,1,1,0,0,5
9886,2.00,20대,0,1,0,0,5
9887,3.00,30대,1,1,0,0,5
9888,1.00,10대,0,0,0,0,5
9889,2.00,20대,1,1,0,0,4
9890,3.00,30대,0,1,0,1,4
9891,4.00,40대,1,1,0,0,4
9892,2.00,20대,0,1,0,0,5
9893,3.00,30대,1,1,0,0,4
9894,5.00,50대,0,1,0,0,4
9895,5.00,50대,1,1,0,0,5
9896,2.00,20대,1,1,0,1,4
9897,3.00,30대,1,1,1,0,4
9898,3.00,30대,1,1,0,1,5
9899,3.00,30대,1,1,0,0,5
9900,1.00,10대,1,1,0,0,5
9901,4.00,40대,1,0,0,0,5
9902,4.00,40대,1,0,0,0,4
9903,3.00,30대,0,0,0,0,4
9904,3.00,30대,1,1,0,0,4
9905,5.00,50대,1,1,1,0,4
9906,4.00,40대,1,1,0,0,4
9907,3.00,30대,1,1,0,0,5
9908,2.00,20대,0,1,0,0,5
9909,3.00,30대,0,1,0,0,4
9910,3.00,30대,0,1,0,0,5
9911,3.00,30대,1,1,0,0,5
9912,4.00,40대,1,1,0,1,4
9913,4.00,40대,0,1,0,0,4
9914,2.00,20대,1,1,0,0,4
9915,3.00,30대,0,1,0,0,5
9916,5.00,50대,1,1,0,0,5
9917,5.00,50대,1,1,0,1,5
9918,3.00,30대,1,1,0,0,5
9919,2.00,20대,1,1,0,0,4
9920,5.00,50대,0,1,0,0,4
9921,5.00,50대,1,1,0,0,5
9922,4.00,40대,0,1,0,0,5
9923,3.00,30대,1,1,0,0,5
9924,4.00,40대,0,1,0,0,4
9925,1.00,10대,1,1,0,0,5
9926,4.00,40대,0,1,1,0,5
9927,3.00,30대,0,1,0,1,4
9928,2.00,20대,0,1,0,0,5
9929,5.00,50대,1,1,1,0,5
9930,2.00,20대,1,1,0,0,4
9931,4.00,40대,1,1,0,0,5
9932,3.00,30대,0,1,0,0,5
9933,3.00,30대,1,1,1,0,5
9934,5.00,50대,1,1,0,0,3
9935,1.00,10대,1,1,0,0,5
9936,1.00,10대,1,1,0,0,5
9937,3.00,30대,0,1,0,0,4
9938,2.00,20대,1,1,0,0,5
9939,3.00,30대,1,1,0,0,5
9940,6.00,60대이상,0,1,0,0,4
9941,6.00,60대이상,0,1,0,0,3
9942,3.00,30대,1,1,0,0,5
9943,1.00,10대,1,1,0,0,5
9944,4.00,40대,0,1,0,0,5
9945,3.00,30대,1,1,0,0,5
9946,3.00,30대,0,0,1,0,5
9947,5.00,50대,1,0,0,1,5
9948,2.00,20대,0,1,0,0,5
9949,2.00,20대,1,1,0,0,5
9950,4.00,40대,0,1,0,0,4
9951,2.00,20대,0,1,0,1,5
9952,2.00,20대,0,1,0,0,5
9953,4.00,40대,1,1,0,0,5
9954,2.00,20대,0,0,0,0,4
9955,1.00,10대,1,1,0,0,4
9956,2.00,20대,1,1,0,0,5
9957,3.00,30대,1,1,0,1,4
9958,3.00,30대,0,0,0,0,5
9959,6.00,60대이상,1,1,0,1,5
9960,2.00,20대,0,1,0,0,5
9961,2.00,20대,0,1,0,0,4
9962,2.00,20대,1,1,0,0,5
9963,2.00,20대,0,1,0,0,5
9964,4.00,40대,1,1,0,0,3
9965,5.00,50대,1,1,0,1,5
9966,2.00,20대,0,0,0,0,5
9967,2.00,20대,1,1,0,0,5
9968,3.00,30대,0,0,1,0,5
9969,4.00,40대,0,1,0,0,4
9970,3.00,30대,0,0,0,1,5
9971,4.00,40대,0,0,0,0,4
9972,3.00,30대,0,1,0,0,5
9973,2.00,20대,0,1,0,0,5
9974,3.00,30대,1,1,0,0,5
9975,2.00,20대,1,0,0,0,3
9976,2.00,20대,1,1,0,0,5
9977,2.00,20대,1,1,0,0,4
9978,4.00,40대,1,1,0,0,5
9979,3.00,30대,1,1,0,0,5
9980,2.00,20대,1,1,0,0,5
9981,2.00,20대,1,1,1,0,5
9982,4.00,40대,0,0,0,0,5
9983,3.00,30대,1,1,0,1,5
9984,1.00,10대,1,1,0,1,5
9985,1.00,10대,1,1,0,0,4
9986,2.00,20대,0,1,1,0,5
9987,2.00,20대,1,1,0,0,5
9988,3.00,30대,0,1,0,0,5
9989,3.00,30대,0,1,0,0,4
9990,2.00,20대,0,1,0,0,5
9991,5.00,50대,1,1,0,0,5
9992,4.00,40대,1,1,0,0,5
9993,4.00,40대,1,1,0,0,5
9994,4.00,40대,0,1,0,0,5
9995,3.00,30대,0,0,0,0,5
9996,3.00,30대,0,1,0,0,5
9997,3.00,30대,0,0,1,0,5
9998,3.00,30대,0,1,0,0,5
9999,2.00,20대,0,1,0,0,5
10000,3.00,30대,0,0,1,0,5
10001,1.00,10대,1,0,0,0,5
10002,5.00,50대,0,1,0,0,5
10003,2.00,20대,1,1,0,0,5
10004,3.00,30대,0,1,0,1,5
10005,3.00,30대,0,1,0,0,3
10006,4.00,40대,1,1,0,0,4
10007,4.00,40대,0,1,0,0,5
10008,2.00,20대,0,1,0,0,5
10009,4.00,40대,0,1,0,0,5
10010,4.00,40대,1,1,0,1,5
10011,2.00,20대,0,0,0,1,5
10012,3.00,30대,0,1,0,0,4
10013,3.00,30대,0,0,1,0,5
10014,3.00,30대,1,1,1,0,5
10015,3.00,30대,0,0,1,0,5
10016,2.00,20대,1,1,0,0,5
10017,3.00,30대,0,1,0,1,5
10018,4.00,40대,0,1,0,0,5
10019,3.00,30대,1,1,0,0,5
10020,1.00,10대,0,1,0,0,4
10021,3.00,30대,0,1,0,1,3
10022,3.00,30대,1,1,0,0,4
10023,1.00,10대,1,1,0,0,4
10024,5.00,50대,1,1,0,1,5
10025,5.00,50대,0,0,1,0,4
10026,5.00,50대,1,1,0,0,5
10027,3.00,30대,1,1,0,0,4
10028,3.00,30대,1,1,0,0,5
10029,3.00,30대,0,1,0,0,5
10030,2.00,20대,1,1,1,0,5
10031,2.00,20대,0,1,0,0,5
10032,5.00,50대,1,1,0,0,5
10033,1.00,10대,1,1,0,0,4
10034,2.00,20대,1,0,0,0,5
10035,4.00,40대,1,0,0,0,4
10036,2.00,20대,1,1,0,0,5
10037,2.00,20대,0,1,0,0,5
10038,2.00,20대,0,0,0,0,5
10039,3.00,30대,1,1,0,0,3
10040,2.00,20대,0,0,0,0,5
10041,4.00,40대,1,0,0,0,4
10042,2.00,20대,0,1,0,0,4
10043,1.00,10대,1,1,0,0,5
10044,5.00,50대,0,1,0,0,5
10045,2.00,20대,1,1,0,0,5
10046,2.00,20대,0,1,0,1,5
10047,2.00,20대,1,1,0,0,5
10048,2.00,20대,1,1,0,1,5
10049,3.00,30대,1,1,0,0,4
10050,5.00,50대,1,1,1,0,5
10051,2.00,20대,1,1,0,0,5
10052,2.00,20대,1,1,0,0,5
10053,4.00,40대,1,1,0,0,5
10054,6.00,60대이상,1,1,0,0,5
10055,2.00,20대,0,1,0,0,5
10056,2.00,20대,1,1,0,0,5
10057,5.00,50대,0,1,0,0,5
10058,2.00,20대,1,1,0,0,5
10059,3.00,30대,1,1,0,0,5
10060,3.00,30대,0,0,0,0,4
10061,4.00,40대,0,0,1,0,5
10062,2.00,20대,1,1,0,0,4
10063,4.00,40대,1,1,0,1,5
10064,6.00,60대이상,0,0,0,1,4
10065,3.00,30대,1,0,0,1,5
10066,2.00,20대,1,1,0,0,5
10067,2.00,20대,0,1,0,0,5
10068,2.00,20대,1,1,0,0,5
10069,3.00,30대,1,1,0,0,5
10070,2.00,20대,1,1,0,0,5
10071,3.00,30대,0,1,0,0,5
10072,5.00,50대,0,1,0,0,5
10073,3.00,30대,1,1,0,0,4
10074,5.00,50대,1,1,0,0,5
10075,2.00,20대,0,0,0,0,5
10076,5.00,50대,1,1,1,0,5
10077,4.00,40대,1,1,0,0,5
10078,2.00,20대,0,0,0,0,4
10079,3.00,30대,0,0,0,0,4
10080,4.00,40대,1,1,0,1,5
10081,4.00,40대,1,1,0,0,4
10082,2.00,20대,1,1,1,0,5
10083,2.00,20대,1,1,1,0,4
10084,3.00,30대,1,1,0,0,5
10085,3.00,30대,1,1,0,0,5
10086,2.00,20대,1,1,0,0,5
10087,6.00,60대이상,0,1,0,0,5
10088,4.00,40대,1,1,0,0,5
10089,5.00,50대,0,1,1,0,5
10090,6.00,60대이상,1,1,0,0,5
10091,2.00,20대,0,1,0,0,4
10092,5.00,50대,1,1,0,0,5
10093,3.00,30대,1,1,0,0,5
10094,2.00,20대,0,1,0,0,5
10095,2.00,20대,0,1,0,0,5
10096,4.00,40대,1,1,0,0,4
10097,4.00,40대,0,0,0,0,5
10098,2.00,20대,1,1,0,0,4
10099,5.00,50대,1,1,0,1,5
10100,2.00,20대,1,1,0,0,5
10101,2.00,20대,1,1,1,0,5
10102,4.00,40대,0,1,0,0,5
10103,2.00,20대,1,1,1,0,5
10104,2.00,20대,1,1,0,0,5
10105,4.00,40대,0,1,0,0,5
10106,3.00,30대,1,1,0,0,4
10107,2.00,20대,1,1,1,0,5
10108,5.00,50대,0,1,0,0,5
10109,2.00,20대,1,1,1,0,5
10110,5.00,50대,1,1,0,0,5
10111,4.00,40대,1,1,0,1,5
10112,3.00,30대,0,1,0,0,5
10113,4.00,40대,1,1,0,0,5
10114,2.00,20대,1,1,0,0,5
10115,3.00,30대,0,0,0,0,5
10116,3.00,30대,1,1,0,1,4
10117,4.00,40대,1,1,0,0,5
10118,2.00,20대,1,1,0,0,5
10119,5.00,50대,1,1,0,0,4
10120,1.00,10대,1,1,0,0,5
10121,2.00,20대,1,1,0,0,5
10122,5.00,50대,0,1,0,0,5
10123,2.00,20대,1,1,0,0,4
10124,2.00,20대,1,1,0,0,5
10125,2.00,20대,1,1,0,0,4
10126,6.00,60대이상,1,1,0,1,5
10127,6.00,60대이상,0,1,0,0,4
10128,4.00,40대,1,1,0,0,5
10129,4.00,40대,0,0,1,0,5
10130,2.00,20대,1,1,0,1,5
10131,2.00,20대,1,1,1,0,5
10132,4.00,40대,0,1,1,0,5
10133,2.00,20대,0,1,0,0,5
10134,4.00,40대,1,1,0,0,4
10135,2.00,20대,1,1,0,0,5
10136,4.00,40대,1,1,0,0,4
10137,3.00,30대,1,1,0,0,5
10138,2.00,20대,0,1,0,0,5
10139,2.00,20대,0,1,0,0,5
10140,4.00,40대,0,1,0,0,5
10141,3.00,30대,1,1,0,1,5
10142,4.00,40대,1,1,0,0,5
10143,3.00,30대,1,1,0,0,5
10144,3.00,30대,1,1,0,0,5
10145,2.00,20대,1,1,0,0,5
10146,2.00,20대,1,1,0,1,5
10147,3.00,30대,0,1,1,0,5
10148,2.00,20대,1,0,0,1,5
10149,4.00,40대,1,1,1,0,4
10150,3.00,30대,1,1,0,0,4
10151,2.00,20대,1,1,0,1,5
10152,2.00,20대,0,1,0,0,4
10153,2.00,20대,0,1,0,0,5
10154,1.00,10대,0,1,0,0,5
10155,2.00,20대,0,1,0,1,5
10156,1.00,10대,1,1,0,0,5
10157,2.00,20대,0,1,0,0,4
10158,1.00,10대,0,1,0,0,5
10159,2.00,20대,1,1,0,0,5
10160,2.00,20대,1,1,0,0,5
10161,2.00,20대,0,1,0,0,4
10162,3.00,30대,0,1,1,0,2
10163,3.00,30대,0,1,0,0,5
10164,1.00,10대,1,1,0,0,3
10165,4.00,40대,1,1,0,0,5
10166,3.00,30대,1,1,0,1,5
10167,2.00,20대,1,1,0,0,4
10168,3.00,30대,0,1,0,1,5
10169,5.00,50대,1,1,0,0,5
10170,2.00,20대,0,1,0,0,5
10171,4.00,40대,1,1,0,0,5
10172,6.00,60대이상,1,1,1,0,5
10173,5.00,50대,0,1,0,0,5
10174,2.00,20대,1,1,0,0,5
10175,3.00,30대,1,1,0,0,5
10176,4.00,40대,1,1,0,0,5
10177,3.00,30대,1,1,0,0,5
10178,2.00,20대,0,1,0,0,4
10179,4.00,40대,1,1,0,0,5
10180,6.00,60대이상,0,1,0,0,5
10181,5.00,50대,1,1,0,0,5
10182,3.00,30대,0,1,0,0,4
10183,2.00,20대,0,1,1,0,4
10184,2.00,20대,1,1,0,0,4
10185,2.00,20대,0,1,0,0,4
10186,2.00,20대,0,1,0,0,5
10187,4.00,40대,0,1,0,1,5
10188,5.00,50대,1,1,0,0,5
10189,2.00,20대,1,1,0,0,4
10190,2.00,20대,1,1,0,0,4
10191,4.00,40대,1,0,0,0,4
10192,2.00,20대,0,1,0,0,5
10193,4.00,40대,1,1,0,0,5
10194,2.00,20대,1,1,0,1,4
10195,2.00,20대,1,1,0,0,5
10196,3.00,30대,1,1,0,0,3
10197,6.00,60대이상,1,0,0,0,5
10198,2.00,20대,1,1,0,0,4
10199,4.00,40대,1,1,0,0,4
10200,5.00,50대,1,1,0,0,4
10201,5.00,50대,0,1,0,0,5
10202,3.00,30대,0,1,0,0,4
10203,4.00,40대,1,1,0,0,5
10204,2.00,20대,0,1,0,0,4
10205,1.00,10대,0,1,0,0,5
10206,2.00,20대,1,1,0,0,5
10207,3.00,30대,1,1,0,1,4
10208,3.00,30대,0,1,0,0,5
10209,3.00,30대,0,1,0,0,4
10210,3.00,30대,0,1,0,0,5
10211,6.00,60대이상,1,1,0,0,5
10212,2.00,20대,0,1,0,0,5
10213,3.00,30대,1,1,0,1,5
10214,6.00,60대이상,1,1,0,0,5
10215,4.00,40대,1,1,0,0,4
10216,5.00,50대,1,1,0,0,4
10217,6.00,60대이상,1,1,0,0,5
10218,5.00,50대,1,1,1,0,5
10219,2.00,20대,0,1,0,0,5
10220,5.00,50대,0,1,1,0,4
10221,4.00,40대,1,1,0,1,4
10222,5.00,50대,1,1,0,0,4
10223,4.00,40대,1,1,0,0,4
10224,2.00,20대,0,1,0,0,5
10225,3.00,30대,1,1,0,0,5
10226,6.00,60대이상,1,1,0,0,4
10227,5.00,50대,1,1,0,0,5
10228,4.00,40대,1,1,1,0,5
10229,1.00,10대,1,1,0,1,5
10230,2.00,20대,0,1,0,0,4
10231,5.00,50대,0,1,0,0,5
10232,3.00,30대,1,1,1,0,5
10233,4.00,40대,1,1,0,0,4
10234,5.00,50대,1,1,0,0,3
10235,2.00,20대,0,1,0,0,4
10236,4.00,40대,1,1,0,0,5
10237,3.00,30대,1,1,0,0,4
10238,4.00,40대,1,1,0,0,5
10239,5.00,50대,1,1,0,0,4
10240,4.00,40대,1,1,0,0,5
10241,5.00,50대,1,1,0,0,4
10242,2.00,20대,0,1,1,0,4
10243,4.00,40대,0,1,0,0,4
10244,5.00,50대,1,1,0,0,5
10245,3.00,30대,1,1,0,1,5
10246,2.00,20대,0,1,1,0,5
10247,2.00,20대,1,1,0,0,4
10248,1.00,10대,0,1,0,0,4
10249,2.00,20대,1,1,0,0,4
10250,4.00,40대,1,1,0,0,4
10251,3.00,30대,1,0,0,1,3
10252,4.00,40대,1,0,0,0,5
10253,3.00,30대,1,1,0,1,3
10254,2.00,20대,1,1,0,0,4
10255,3.00,30대,0,1,0,1,4
10256,3.00,30대,1,0,0,0,4
10257,4.00,40대,0,0,0,1,4
10258,2.00,20대,0,1,0,0,5
10259,6.00,60대이상,0,0,0,1,4
10260,4.00,40대,1,1,0,0,5
10261,2.00,20대,1,1,0,0,5
10262,4.00,40대,0,1,0,0,5
10263,6.00,60대이상,0,1,0,0,4
10264,2.00,20대,0,1,0,0,5
10265,2.00,20대,0,1,0,0,4
10266,2.00,20대,0,1,0,0,5
10267,2.00,20대,0,1,1,0,5
10268,4.00,40대,0,1,0,0,5
10269,3.00,30대,0,1,0,0,5
10270,2.00,20대,1,1,1,0,4
10271,6.00,60대이상,1,1,0,0,5
10272,3.00,30대,1,1,0,0,4
10273,4.00,40대,1,1,0,0,4
10274,3.00,30대,1,1,0,0,5
10275,2.00,20대,0,1,0,1,5
10276,5.00,50대,1,1,0,0,3
10277,3.00,30대,0,1,1,0,5
10278,3.00,30대,1,0,0,0,5
10279,6.00,60대이상,1,1,0,0,5
10280,3.00,30대,1,1,1,0,5
10281,5.00,50대,1,1,0,0,3
10282,3.00,30대,0,1,0,0,5
10283,2.00,20대,0,1,0,0,4
10284,1.00,10대,0,1,0,0,5
10285,4.00,40대,0,1,0,0,4
10286,3.00,30대,0,1,0,0,3
10287,3.00,30대,0,1,0,0,5
10288,2.00,20대,1,1,1,0,5
10289,4.00,40대,0,1,0,0,5
10290,2.00,20대,0,0,0,1,5
10291,5.00,50대,1,1,0,1,5
10292,2.00,20대,0,1,0,0,5
10293,2.00,20대,1,1,0,1,5
10294,2.00,20대,1,1,0,1,4
10295,6.00,60대이상,1,1,0,1,4
10296,3.00,30대,1,1,0,0,5
10297,6.00,60대이상,1,1,1,0,5
10298,2.00,20대,1,1,0,0,5
10299,2.00,20대,1,1,0,0,5
10300,3.00,30대,0,1,0,0,4
10301,3.00,30대,1,1,0,0,5
10302,3.00,30대,1,1,0,0,5
10303,2.00,20대,1,1,0,0,5
10304,1.00,10대,0,1,0,0,5
10305,3.00,30대,1,1,1,0,5
10306,2.00,20대,0,1,0,0,5
10307,4.00,40대,1,0,0,0,4
10308,2.00,20대,0,1,0,0,5
10309,2.00,20대,1,1,0,0,5
10310,2.00,20대,0,1,1,0,4
10311,5.00,50대,0,1,0,0,5
10312,5.00,50대,1,1,1,0,4
10313,3.00,30대,0,1,0,1,5
10314,3.00,30대,0,1,0,0,4
10315,2.00,20대,1,1,0,0,5
10316,3.00,30대,1,1,0,0,5
10317,4.00,40대,0,1,1,0,4
10318,3.00,30대,0,1,0,0,5
10319,4.00,40대,0,0,0,0,4
10320,3.00,30대,0,1,1,0,4
10321,2.00,20대,1,1,0,0,5
10322,2.00,20대,1,1,0,1,5
10323,3.00,30대,1,1,0,0,5
10324,2.00,20대,1,1,0,0,5
10325,2.00,20대,0,1,0,0,4
10326,1.00,10대,0,1,0,0,5
10327,2.00,20대,1,1,0,1,5
10328,2.00,20대,1,1,0,0,5
10329,2.00,20대,1,1,0,0,5
10330,2.00,20대,1,1,1,0,5
10331,3.00,30대,1,1,0,0,5
10332,4.00,40대,1,1,0,0,5
10333,2.00,20대,1,1,0,0,5
10334,5.00,50대,1,1,0,1,4
10335,2.00,20대,1,1,0,0,4
10336,3.00,30대,1,1,0,0,5
10337,5.00,50대,1,1,0,0,5
10338,6.00,60대이상,0,1,0,1,3
10339,2.00,20대,1,1,0,0,5
10340,5.00,50대,0,1,0,0,5
10341,3.00,30대,0,1,0,0,4
10342,3.00,30대,0,1,1,0,5
10343,4.00,40대,0,1,0,0,5
10344,2.00,20대,0,1,0,0,4
10345,3.00,30대,0,1,0,0,5
10346,1.00,10대,0,1,0,0,5
10347,2.00,20대,1,1,0,0,5
10348,4.00,40대,0,1,0,1,5
10349,3.00,30대,0,1,0,0,5
10350,3.00,30대,1,1,0,0,5
10351,3.00,30대,0,1,0,0,5
10352,4.00,40대,0,0,0,0,4
10353,3.00,30대,0,1,0,0,4
10354,1.00,10대,0,0,0,1,3
10355,2.00,20대,0,1,0,1,5
10356,1.00,10대,1,0,0,0,2
10357,2.00,20대,1,1,0,1,5
10358,2.00,20대,1,1,1,0,5
10359,3.00,30대,0,1,1,0,5
10360,2.00,20대,1,1,0,0,4
10361,3.00,30대,0,1,0,0,5
10362,4.00,40대,1,0,0,0,4
10363,4.00,40대,1,1,0,0,4
10364,2.00,20대,0,0,0,0,4
10365,4.00,40대,0,0,0,0,5
10366,5.00,50대,1,1,0,0,5
10367,5.00,50대,1,0,0,0,5
10368,2.00,20대,1,1,0,0,5
10369,2.00,20대,1,0,0,0,5
10370,2.00,20대,1,0,0,0,5
10371,4.00,40대,0,1,0,1,5
10372,3.00,30대,1,1,0,0,5
10373,6.00,60대이상,0,0,0,0,4
10374,4.00,40대,1,1,0,1,4
10375,3.00,30대,1,1,0,1,4
10376,5.00,50대,1,1,0,0,4
10377,2.00,20대,1,0,0,1,5
10378,4.00,40대,1,1,0,0,5
10379,5.00,50대,1,1,0,1,5
10380,3.00,30대,0,1,0,0,5
10381,5.00,50대,1,1,0,0,5
10382,2.00,20대,0,1,0,0,5
10383,3.00,30대,0,0,0,0,4
10384,6.00,60대이상,1,0,1,0,5
10385,6.00,60대이상,1,0,1,0,5
10386,5.00,50대,1,0,1,0,2
10387,6.00,60대이상,0,0,1,0,5
10388,2.00,20대,0,1,0,0,5
10389,4.00,40대,1,1,0,0,4
10390,3.00,30대,1,1,0,0,5
10391,5.00,50대,0,1,0,0,4
10392,3.00,30대,0,0,0,0,5
10393,3.00,30대,1,1,0,0,5
10394,5.00,50대,1,1,0,0,5
10395,2.00,20대,0,1,0,0,3
10396,3.00,30대,1,0,0,0,4
10397,3.00,30대,1,1,0,1,5
10398,3.00,30대,1,1,0,0,5
10399,3.00,30대,0,1,0,0,5
10400,3.00,30대,1,1,1,0,5
10401,6.00,60대이상,0,1,0,0,4
10402,3.00,30대,1,1,0,0,5
10403,2.00,20대,1,1,0,0,5
10404,4.00,40대,0,1,0,0,5
10405,3.00,30대,1,1,0,0,5
10406,1.00,10대,1,1,0,0,5
10407,4.00,40대,1,1,0,0,3
10408,3.00,30대,1,1,0,0,4
10409,3.00,30대,1,1,0,0,4
10410,6.00,60대이상,0,0,0,0,5
10411,6.00,60대이상,1,1,0,0,5
10412,2.00,20대,1,1,1,0,5
10413,5.00,50대,1,1,0,0,4
10414,2.00,20대,1,1,0,0,5
10415,2.00,20대,1,0,0,0,5
10416,3.00,30대,1,1,0,1,3
10417,3.00,30대,1,1,0,0,5
10418,4.00,40대,1,1,0,0,5
10419,3.00,30대,0,1,0,0,4
10420,4.00,40대,1,1,0,0,4
10421,3.00,30대,1,1,0,0,5
10422,4.00,40대,0,1,0,0,4
10423,2.00,20대,0,1,0,0,4
10424,2.00,20대,0,1,0,0,4
10425,1.00,10대,0,1,0,0,4
10426,6.00,60대이상,0,1,0,0,4
10427,3.00,30대,1,1,0,0,5
10428,1.00,10대,0,1,1,0,5
10429,2.00,20대,1,1,0,0,5
10430,3.00,30대,1,1,1,0,4
10431,3.00,30대,0,1,0,1,4
10432,3.00,30대,1,1,0,0,5
10433,1.00,10대,1,1,0,0,5
10434,2.00,20대,1,1,0,1,5
10435,5.00,50대,1,1,0,0,4
10436,3.00,30대,1,1,1,0,4
10437,3.00,30대,0,1,0,0,5
10438,5.00,50대,1,1,1,0,4
10439,6.00,60대이상,1,1,0,0,5
10440,2.00,20대,0,1,0,1,5
10441,2.00,20대,1,1,1,0,5
10442,3.00,30대,0,1,0,0,5
10443,3.00,30대,0,1,0,0,5
10444,3.00,30대,0,1,0,0,4
10445,1.00,10대,0,0,0,0,4
10446,3.00,30대,1,1,0,0,4
10447,3.00,30대,1,1,0,1,5
10448,3.00,30대,1,0,0,1,4
10449,5.00,50대,1,0,1,0,5
10450,2.00,20대,0,0,0,0,4
10451,4.00,40대,0,0,0,0,4
10452,4.00,40대,1,0,0,0,5
10453,3.00,30대,1,0,0,1,4
10454,2.00,20대,1,0,0,0,5
10455,2.00,20대,1,1,0,0,5
10456,6.00,60대이상,1,1,1,0,5
10457,3.00,30대,0,1,0,0,5
10458,5.00,50대,0,0,1,0,4
10459,6.00,60대이상,1,1,0,0,5
10460,1.00,10대,1,1,0,0,5
10461,2.00,20대,1,1,0,0,5
10462,5.00,50대,1,1,0,1,5
10463,5.00,50대,0,0,1,0,5
10464,4.00,40대,0,1,0,0,5
10465,4.00,40대,0,1,0,0,5
10466,2.00,20대,1,1,1,0,4
10467,2.00,20대,1,1,0,0,5
10468,5.00,50대,1,1,0,0,5
10469,6.00,60대이상,1,0,0,0,5
10470,4.00,40대,1,1,0,0,5
10471,6.00,60대이상,0,1,1,0,5
10472,3.00,30대,1,1,0,0,3
10473,5.00,50대,1,1,0,0,5
10474,2.00,20대,1,1,0,0,5
10475,3.00,30대,1,1,0,0,4
10476,4.00,40대,0,1,1,0,5
10477,3.00,30대,0,1,0,0,4
10478,5.00,50대,0,1,0,0,4
10479,3.00,30대,1,1,0,0,5
10480,6.00,60대이상,1,1,0,0,4
10481,2.00,20대,1,1,0,0,5
10482,5.00,50대,1,1,0,1,4
10483,2.00,20대,0,1,0,0,4
10484,2.00,20대,1,1,0,0,5
10485,3.00,30대,1,1,0,0,5
10486,5.00,50대,0,1,0,0,4
10487,2.00,20대,0,1,0,0,4
10488,3.00,30대,1,1,0,0,5
10489,4.00,40대,1,1,0,0,4
10490,3.00,30대,1,1,0,0,4
10491,3.00,30대,0,1,0,0,4
10492,2.00,20대,0,1,0,0,5
10493,5.00,50대,1,1,0,0,5
10494,2.00,20대,1,1,0,0,5
10495,3.00,30대,0,1,0,1,4
10496,4.00,40대,1,1,0,0,5
10497,5.00,50대,1,1,0,0,5
10498,2.00,20대,0,1,0,1,4
10499,4.00,40대,0,1,0,0,5
10500,5.00,50대,0,1,0,0,5
10501,1.00,10대,0,1,0,0,5
10502,4.00,40대,0,1,0,1,5
10503,1.00,10대,0,1,0,0,4
10504,2.00,20대,0,1,0,1,5
10505,2.00,20대,1,1,0,0,5
10506,5.00,50대,0,1,1,0,4
10507,3.00,30대,1,1,0,0,5
10508,5.00,50대,1,1,0,0,5
10509,2.00,20대,1,1,0,0,5
10510,2.00,20대,0,1,0,0,5
10511,6.00,60대이상,1,1,0,0,5
10512,5.00,50대,0,1,1,0,3
10513,2.00,20대,1,1,0,0,4
10514,4.00,40대,1,1,0,0,5
10515,4.00,40대,1,1,0,0,4
10516,6.00,60대이상,0,1,0,0,5
10517,3.00,30대,0,1,0,0,5
10518,2.00,20대,1,1,0,0,5
10519,4.00,40대,1,1,0,0,5
10520,3.00,30대,0,1,0,1,5
10521,3.00,30대,1,1,0,1,5
10522,4.00,40대,0,0,0,0,5
10523,5.00,50대,0,1,0,0,5
10524,3.00,30대,1,1,0,0,5
10525,4.00,40대,1,1,0,0,4
10526,5.00,50대,1,1,1,0,5
10527,6.00,60대이상,1,0,0,0,5
10528,2.00,20대,0,1,0,0,5
10529,2.00,20대,1,0,1,0,5
10530,2.00,20대,1,1,0,0,5
10531,2.00,20대,0,1,0,0,4
10532,3.00,30대,1,1,0,0,5
10533,4.00,40대,0,1,0,1,5
10534,4.00,40대,1,1,1,0,5
10535,2.00,20대,0,1,0,0,5
10536,2.00,20대,1,1,0,0,5
10537,2.00,20대,0,1,0,0,5
10538,4.00,40대,1,0,0,1,5
10539,4.00,40대,0,1,0,0,5
10540,2.00,20대,1,1,0,0,5
10541,3.00,30대,0,1,0,0,5
10542,4.00,40대,0,1,0,0,4
10543,4.00,40대,0,1,0,0,5
10544,4.00,40대,1,1,0,0,5
10545,3.00,30대,1,1,0,0,5
10546,5.00,50대,1,1,0,0,3
10547,2.00,20대,1,1,0,0,5
10548,2.00,20대,1,1,0,0,5
10549,5.00,50대,1,1,0,0,5
10550,5.00,50대,0,1,0,0,5
10551,3.00,30대,1,1,0,0,4
10552,3.00,30대,1,1,0,0,4
10553,4.00,40대,1,0,0,0,5
10554,2.00,20대,0,1,0,0,5
10555,4.00,40대,0,1,0,0,4
10556,3.00,30대,0,1,0,0,5
10557,5.00,50대,1,1,0,1,5
10558,2.00,20대,1,1,0,0,4
10559,3.00,30대,1,1,1,0,4
10560,5.00,50대,0,1,0,0,4
10561,3.00,30대,1,1,1,0,4
10562,3.00,30대,0,1,0,0,5
10563,5.00,50대,0,1,0,0,4
10564,2.00,20대,1,1,1,0,4
10565,3.00,30대,1,1,0,0,5
10566,3.00,30대,0,1,1,0,5
10567,2.00,20대,1,0,1,0,5
10568,3.00,30대,0,0,0,0,5
10569,3.00,30대,0,1,0,0,5
10570,4.00,40대,1,1,0,0,5
10571,2.00,20대,1,1,0,0,5
10572,2.00,20대,0,1,0,1,5
10573,4.00,40대,0,1,0,0,5
10574,5.00,50대,0,1,1,0,5
10575,5.00,50대,0,0,0,0,5
10576,2.00,20대,1,1,0,0,4
10577,5.00,50대,1,1,0,0,5
10578,5.00,50대,1,1,0,0,5
10579,3.00,30대,1,1,0,0,5
10580,3.00,30대,1,1,0,0,5
10581,6.00,60대이상,1,1,0,1,5
10582,2.00,20대,0,1,0,1,5
10583,5.00,50대,0,1,0,0,5
10584,4.00,40대,1,1,0,0,5
10585,5.00,50대,1,1,0,1,5
10586,2.00,20대,1,1,0,0,5
10587,6.00,60대이상,0,1,0,0,5
10588,2.00,20대,0,1,0,0,5
10589,1.00,10대,1,1,0,0,4
10590,5.00,50대,0,1,0,0,5
10591,3.00,30대,0,1,0,0,5
10592,4.00,40대,0,1,0,0,5
10593,2.00,20대,0,1,0,0,5
10594,3.00,30대,1,1,0,0,5
10595,3.00,30대,0,1,0,0,5
10596,3.00,30대,1,1,0,0,5
10597,2.00,20대,1,1,0,0,5
10598,5.00,50대,1,1,0,1,5
10599,5.00,50대,0,1,0,0,5
10600,3.00,30대,1,1,1,0,5
10601,2.00,20대,1,1,0,0,5
10602,3.00,30대,1,1,0,0,5
10603,2.00,20대,1,1,1,0,5
10604,2.00,20대,0,1,1,0,5
10605,5.00,50대,1,1,1,0,5
10606,2.00,20대,1,1,0,0,5
10607,5.00,50대,1,1,1,0,5
10608,2.00,20대,1,1,0,1,4
10609,5.00,50대,0,1,0,0,4
10610,2.00,20대,1,1,0,0,5
10611,5.00,50대,1,1,0,0,5
10612,2.00,20대,0,1,0,0,5
10613,2.00,20대,0,1,0,0,5
10614,2.00,20대,1,1,0,1,4
10615,2.00,20대,0,1,0,0,5
10616,2.00,20대,1,1,0,0,5
10617,2.00,20대,1,1,0,0,5
10618,3.00,30대,0,1,0,0,5
10619,5.00,50대,1,1,0,0,5
10620,4.00,40대,1,1,0,0,4
10621,5.00,50대,1,1,0,0,5
10622,4.00,40대,1,1,0,0,4
10623,2.00,20대,1,1,0,0,5
10624,4.00,40대,0,1,0,0,5
10625,3.00,30대,1,1,1,0,4
10626,4.00,40대,0,1,0,0,4
10627,4.00,40대,1,1,0,0,4
10628,2.00,20대,1,1,0,0,5
10629,2.00,20대,0,1,0,0,5
10630,2.00,20대,0,1,0,0,5
10631,3.00,30대,1,1,0,0,5
10632,3.00,30대,0,1,0,0,5
10633,5.00,50대,0,0,0,0,5
10634,2.00,20대,1,1,0,0,5
10635,2.00,20대,1,1,0,0,5
10636,2.00,20대,1,1,0,0,5
10637,2.00,20대,0,1,0,0,5
10638,3.00,30대,1,1,0,0,4
10639,3.00,30대,1,1,0,0,5
10640,3.00,30대,0,1,0,0,5
10641,5.00,50대,1,1,0,0,4
10642,3.00,30대,0,1,0,0,5
10643,2.00,20대,1,0,0,0,4
10644,5.00,50대,1,1,0,0,5
10645,5.00,50대,0,1,0,1,5
10646,3.00,30대,1,1,0,0,5
10647,2.00,20대,0,1,0,0,4
10648,2.00,20대,0,1,0,0,4
10649,5.00,50대,1,1,0,0,5
10650,5.00,50대,0,1,0,1,3
10651,1.00,10대,0,0,0,0,5
10652,5.00,50대,0,1,0,0,5
10653,4.00,40대,1,0,0,1,4
10654,1.00,10대,0,1,1,0,5
10655,5.00,50대,0,1,1,0,5
10656,5.00,50대,0,0,0,1,4
10657,3.00,30대,1,1,0,0,4
10658,4.00,40대,0,1,1,0,5
10659,5.00,50대,0,1,0,1,5
10660,3.00,30대,0,1,1,0,5
10661,4.00,40대,1,1,1,0,5
10662,2.00,20대,0,1,1,0,5
10663,2.00,20대,0,1,1,0,5
10664,2.00,20대,1,1,0,0,5
10665,2.00,20대,1,0,0,1,4
10666,3.00,30대,0,1,0,0,4
10667,3.00,30대,1,1,1,0,5
10668,3.00,30대,0,1,0,0,4
10669,5.00,50대,1,1,0,0,5
10670,2.00,20대,0,0,0,0,4
10671,2.00,20대,0,1,0,0,4
10672,3.00,30대,1,0,0,1,5
10673,4.00,40대,0,1,0,1,5
10674,4.00,40대,0,0,0,0,4
10675,6.00,60대이상,1,0,0,0,4
10676,5.00,50대,1,0,0,1,4
10677,3.00,30대,0,1,1,0,5
10678,1.00,10대,1,1,0,0,5
10679,2.00,20대,1,1,0,0,5
10680,4.00,40대,0,0,0,1,4
10681,3.00,30대,0,1,0,0,4
10682,3.00,30대,0,1,0,0,4
10683,2.00,20대,0,0,0,0,4
10684,2.00,20대,0,0,0,0,4
10685,4.00,40대,1,1,1,0,5
10686,2.00,20대,1,1,0,0,5
10687,2.00,20대,0,1,0,0,5
10688,5.00,50대,1,1,0,0,5
10689,3.00,30대,0,0,0,0,5
10690,2.00,20대,0,0,0,0,5
10691,3.00,30대,1,1,0,1,5
10692,5.00,50대,0,1,0,0,5
10693,4.00,40대,0,1,0,0,5
10694,3.00,30대,0,1,0,0,5
10695,5.00,50대,0,1,0,0,4
10696,2.00,20대,0,1,0,1,5
10697,3.00,30대,0,0,1,0,4
10698,5.00,50대,1,1,0,0,5
10699,5.00,50대,0,0,0,0,5
10700,2.00,20대,1,0,0,1,4
10701,2.00,20대,0,1,0,0,5
10702,2.00,20대,1,1,0,0,4
10703,3.00,30대,0,1,0,0,5
10704,4.00,40대,0,1,0,1,5
10705,5.00,50대,0,1,0,0,5
10706,3.00,30대,1,1,0,0,5
10707,3.00,30대,0,0,0,0,5
10708,2.00,20대,1,1,0,0,5
10709,5.00,50대,0,1,0,0,4
10710,3.00,30대,0,1,0,0,5
10711,2.00,20대,0,1,0,1,4
10712,3.00,30대,0,0,0,0,4
10713,2.00,20대,1,0,0,0,5
10714,6.00,60대이상,0,1,0,1,5
10715,4.00,40대,0,1,0,0,4
10716,5.00,50대,1,0,1,0,4
10717,3.00,30대,0,0,0,1,5
10718,6.00,60대이상,0,1,0,0,5
10719,1.00,10대,1,1,1,0,5
10720,4.00,40대,0,1,0,0,5
10721,3.00,30대,1,1,1,0,5
10722,5.00,50대,0,1,0,1,4
10723,2.00,20대,1,1,0,0,5
10724,3.00,30대,1,1,0,1,5
10725,2.00,20대,1,1,0,1,4
10726,5.00,50대,1,1,1,0,5
10727,2.00,20대,1,1,0,0,4
10728,3.00,30대,0,1,0,0,5
10729,1.00,10대,0,1,0,0,5
10730,2.00,20대,0,1,0,0,4
10731,3.00,30대,1,1,0,0,4
10732,5.00,50대,0,1,1,0,5
10733,3.00,30대,0,0,0,1,5
10734,3.00,30대,0,1,0,1,4
10735,3.00,30대,0,1,0,0,5
10736,2.00,20대,1,1,1,0,4
10737,3.00,30대,1,1,0,0,4
10738,5.00,50대,0,1,0,0,4
10739,6.00,60대이상,1,1,0,0,5
10740,3.00,30대,0,1,0,0,5
10741,3.00,30대,0,1,0,0,4
10742,3.00,30대,1,1,0,1,5
10743,3.00,30대,1,1,0,1,5
10744,1.00,10대,0,1,0,0,5
10745,3.00,30대,0,1,0,0,4
10746,4.00,40대,0,1,0,0,5
10747,4.00,40대,1,1,0,0,5
10748,2.00,20대,1,1,1,0,4
10749,6.00,60대이상,1,1,0,0,5
10750,5.00,50대,0,1,0,0,5
10751,4.00,40대,0,1,0,0,4
10752,2.00,20대,0,1,0,0,5
10753,4.00,40대,0,1,1,0,5
10754,5.00,50대,1,1,0,1,4
10755,3.00,30대,0,0,0,0,4
10756,4.00,40대,0,1,0,0,4
10757,2.00,20대,0,1,0,0,5
10758,3.00,30대,1,1,0,0,5
10759,3.00,30대,1,1,0,0,5
10760,3.00,30대,1,1,0,0,4
10761,2.00,20대,1,1,1,0,4
10762,4.00,40대,0,0,0,0,4
10763,2.00,20대,0,1,0,0,4
10764,3.00,30대,0,1,1,0,5
10765,3.00,30대,0,1,0,0,5
10766,4.00,40대,0,1,1,0,5
10767,4.00,40대,0,1,0,0,4
10768,2.00,20대,0,1,0,0,5
10769,4.00,40대,1,1,0,0,5
10770,5.00,50대,0,1,0,0,5
10771,3.00,30대,1,1,1,0,4
10772,2.00,20대,0,1,1,0,5
10773,2.00,20대,1,1,0,0,5
10774,5.00,50대,0,1,0,0,4
10775,4.00,40대,1,1,1,0,5
10776,4.00,40대,0,1,0,0,5
10777,6.00,60대이상,0,1,1,0,5
10778,3.00,30대,0,0,0,0,5
10779,3.00,30대,0,1,0,1,4
10780,5.00,50대,1,1,1,0,4
10781,5.00,50대,0,1,0,0,5
10782,2.00,20대,0,1,0,0,4
10783,2.00,20대,1,0,0,0,5
10784,4.00,40대,1,1,0,0,4
10785,4.00,40대,1,1,0,0,4
10786,6.00,60대이상,1,1,0,0,5
10787,5.00,50대,0,1,0,1,5
10788,5.00,50대,1,1,0,0,3
10789,5.00,50대,0,1,0,0,5
10790,2.00,20대,1,1,0,0,4
10791,1.00,10대,0,0,1,0,5
10792,3.00,30대,0,0,0,0,5
10793,4.00,40대,1,1,0,0,5
10794,6.00,60대이상,0,1,0,0,5
10795,2.00,20대,0,1,0,1,5
10796,3.00,30대,1,1,0,1,5
10797,5.00,50대,0,1,1,0,5
10798,5.00,50대,1,1,0,0,3
10799,4.00,40대,0,1,0,0,4
10800,4.00,40대,1,1,0,0,4
10801,4.00,40대,0,1,0,0,5
10802,5.00,50대,0,1,0,0,5
10803,4.00,40대,0,1,0,0,5
10804,1.00,10대,1,1,0,0,4
10805,6.00,60대이상,1,1,0,0,3
10806,3.00,30대,0,1,0,0,5
10807,4.00,40대,1,1,0,0,5
10808,5.00,50대,0,1,0,0,5
10809,3.00,30대,1,1,1,0,5
10810,3.00,30대,1,0,1,0,4
10811,2.00,20대,0,1,0,0,5
10812,6.00,60대이상,1,0,0,1,5
10813,6.00,60대이상,0,1,0,0,5
10814,3.00,30대,0,1,1,0,5
10815,3.00,30대,0,1,0,0,5
10816,3.00,30대,1,1,0,0,5
10817,3.00,30대,0,1,0,0,5
10818,2.00,20대,0,1,0,0,5
10819,3.00,30대,1,1,0,0,5
10820,2.00,20대,1,1,0,0,5
10821,4.00,40대,1,1,0,0,5
10822,2.00,20대,1,1,0,0,5
10823,3.00,30대,0,1,0,0,5
10824,2.00,20대,0,1,0,0,5
10825,5.00,50대,0,1,0,0,3
10826,2.00,20대,0,1,0,1,5
10827,3.00,30대,0,1,0,0,5
10828,2.00,20대,0,1,0,0,4
10829,5.00,50대,1,0,0,1,5
10830,2.00,20대,1,1,0,0,4
10831,2.00,20대,1,1,0,1,5
10832,2.00,20대,1,1,0,0,5
10833,2.00,20대,0,1,0,0,5
10834,2.00,20대,1,1,0,0,3
10835,1.00,10대,0,1,0,0,4
10836,2.00,20대,1,1,0,0,5
10837,1.00,10대,1,0,1,0,5
10838,4.00,40대,1,1,0,0,4
10839,3.00,30대,1,1,0,0,5
10840,2.00,20대,0,0,0,0,5
10841,5.00,50대,1,1,0,1,4
10842,2.00,20대,1,0,0,0,5
10843,6.00,60대이상,0,0,0,1,5
10844,4.00,40대,1,1,1,0,4
10845,3.00,30대,1,1,0,0,4
10846,3.00,30대,0,1,0,0,3
10847,2.00,20대,0,1,0,0,5
10848,5.00,50대,1,1,0,0,5
10849,6.00,60대이상,1,1,0,1,4
10850,3.00,30대,1,1,0,0,5
10851,2.00,20대,0,1,1,0,5
10852,1.00,10대,1,1,0,0,4
10853,1.00,10대,0,1,1,0,4
10854,4.00,40대,1,0,0,0,5
10855,4.00,40대,1,1,1,0,5
10856,2.00,20대,1,1,0,0,5
10857,5.00,50대,0,0,0,1,5
10858,5.00,50대,0,0,0,0,5
10859,3.00,30대,1,1,0,0,5
10860,2.00,20대,0,0,0,1,4
10861,2.00,20대,0,0,0,0,4
10862,2.00,20대,1,1,0,0,5
10863,3.00,30대,1,1,0,1,5
10864,2.00,20대,0,1,1,0,5
10865,6.00,60대이상,0,0,0,0,4
10866,1.00,10대,0,0,1,0,5
10867,3.00,30대,1,1,0,0,5
10868,2.00,20대,0,1,0,1,5
10869,2.00,20대,1,1,0,1,4
10870,2.00,20대,0,1,0,0,4
10871,4.00,40대,1,1,0,0,4
10872,5.00,50대,0,0,0,0,3
10873,4.00,40대,0,1,0,0,5
10874,3.00,30대,0,0,1,0,4
10875,3.00,30대,1,1,1,0,4
10876,2.00,20대,0,1,1,0,5
10877,2.00,20대,0,1,0,0,5
10878,4.00,40대,0,1,0,1,5
10879,2.00,20대,0,1,0,0,5
10880,2.00,20대,0,1,0,1,5
10881,2.00,20대,1,1,0,0,5
10882,5.00,50대,1,1,0,0,5
10883,2.00,20대,0,1,0,0,5
10884,4.00,40대,1,1,0,0,4
10885,2.00,20대,1,1,0,0,5
10886,3.00,30대,1,1,0,1,4
10887,2.00,20대,0,1,0,0,5
10888,5.00,50대,1,1,0,0,5
10889,2.00,20대,1,1,1,0,5
10890,4.00,40대,1,1,0,0,4
10891,5.00,50대,0,1,0,0,4
10892,3.00,30대,1,1,0,0,4
10893,4.00,40대,1,1,0,0,5
10894,2.00,20대,0,1,0,0,5
10895,3.00,30대,1,1,0,0,5
10896,2.00,20대,1,1,1,0,3
10897,6.00,60대이상,1,1,0,0,4
10898,5.00,50대,1,1,0,0,5
10899,3.00,30대,1,1,0,0,5
10900,3.00,30대,0,1,0,0,5
10901,2.00,20대,1,1,0,0,5
10902,2.00,20대,0,1,0,0,4
10903,2.00,20대,1,1,0,0,5
10904,2.00,20대,0,1,0,1,5
10905,3.00,30대,0,1,0,0,5
10906,2.00,20대,0,1,0,0,5
10907,3.00,30대,1,1,0,0,5
10908,4.00,40대,0,1,0,0,5
10909,4.00,40대,0,1,0,0,5
10910,3.00,30대,0,1,0,0,3
10911,2.00,20대,1,1,0,0,5
10912,4.00,40대,1,1,0,1,4
10913,5.00,50대,1,0,0,0,5
10914,4.00,40대,0,1,0,0,5
10915,5.00,50대,1,1,0,0,5
10916,2.00,20대,1,1,0,0,5
10917,3.00,30대,1,1,0,0,5
10918,2.00,20대,0,0,1,0,5
10919,3.00,30대,1,1,0,0,5
10920,2.00,20대,1,1,0,1,4
10921,2.00,20대,1,1,0,0,4
10922,5.00,50대,0,0,0,1,5
10923,2.00,20대,0,1,1,0,4
10924,3.00,30대,0,1,0,0,4
10925,2.00,20대,1,1,1,0,5
10926,2.00,20대,1,1,1,0,4
10927,4.00,40대,1,0,1,0,4
10928,2.00,20대,0,1,1,0,5
10929,3.00,30대,0,1,0,1,4
10930,2.00,20대,0,1,0,0,5
10931,4.00,40대,0,1,0,0,5
10932,3.00,30대,0,1,0,0,4
10933,2.00,20대,1,1,0,1,5
10934,3.00,30대,0,1,0,1,4
10935,2.00,20대,1,1,0,0,4
10936,2.00,20대,1,0,0,0,5
10937,2.00,20대,0,1,0,0,4
10938,5.00,50대,1,1,0,0,5
10939,2.00,20대,0,1,0,0,5
10940,2.00,20대,1,1,0,0,5
10941,3.00,30대,1,1,0,0,5
10942,4.00,40대,0,1,0,0,5
10943,2.00,20대,1,1,0,0,5
10944,3.00,30대,1,1,0,0,5
10945,5.00,50대,0,0,0,0,5
10946,5.00,50대,1,1,0,0,4
10947,5.00,50대,1,1,0,0,5
10948,4.00,40대,1,1,1,0,5
10949,3.00,30대,1,1,0,0,4
10950,5.00,50대,1,1,0,0,5
10951,3.00,30대,0,1,0,0,5
10952,2.00,20대,0,1,0,0,5
10953,3.00,30대,1,1,0,0,5
10954,3.00,30대,0,1,0,0,5
10955,3.00,30대,0,1,0,0,3
10956,2.00,20대,0,1,0,0,3
10957,4.00,40대,0,1,0,0,5
10958,2.00,20대,0,1,0,0,4
10959,4.00,40대,1,1,1,0,4
10960,5.00,50대,1,1,1,0,5
10961,3.00,30대,1,1,0,0,5
10962,4.00,40대,0,1,0,0,5
10963,2.00,20대,1,1,0,0,5
10964,6.00,60대이상,1,1,0,0,5
10965,2.00,20대,0,1,0,0,5
10966,3.00,30대,0,1,1,0,5
10967,4.00,40대,1,1,1,0,4
10968,5.00,50대,1,1,0,0,5
10969,4.00,40대,1,1,0,0,5
10970,3.00,30대,1,1,0,0,5
10971,3.00,30대,0,1,1,0,5
10972,4.00,40대,1,1,0,0,4
10973,2.00,20대,0,1,0,0,5
10974,2.00,20대,0,1,0,0,3
10975,3.00,30대,1,1,0,0,4
10976,2.00,20대,0,1,0,0,5
10977,3.00,30대,0,1,0,0,4
10978,2.00,20대,0,1,0,0,4
10979,4.00,40대,0,1,0,0,4
10980,2.00,20대,0,1,0,0,5
10981,2.00,20대,0,1,0,0,5
10982,3.00,30대,1,1,0,0,4
10983,1.00,10대,1,1,0,1,5
10984,3.00,30대,0,1,0,0,5
10985,4.00,40대,0,1,0,1,5
10986,3.00,30대,0,1,0,0,5
10987,2.00,20대,0,1,1,0,5
10988,4.00,40대,1,1,0,0,5
10989,2.00,20대,0,1,1,0,5
10990,2.00,20대,0,1,0,1,5
10991,3.00,30대,0,1,0,0,5
10992,6.00,60대이상,0,1,0,0,5
10993,3.00,30대,0,1,0,0,5
10994,3.00,30대,1,1,0,0,5
10995,3.00,30대,0,1,0,0,5
10996,3.00,30대,1,1,0,0,5
10997,5.00,50대,1,1,0,0,4
10998,2.00,20대,1,1,1,0,4
10999,2.00,20대,0,0,0,0,5
11000,1.00,10대,1,0,0,0,5
11001,2.00,20대,1,1,0,0,3
11002,3.00,30대,1,0,1,0,3
11003,3.00,30대,1,0,1,0,5
11004,4.00,40대,1,1,0,0,5
11005,4.00,40대,0,0,0,0,4
11006,6.00,60대이상,0,1,0,0,4
11007,2.00,20대,0,1,0,0,5
11008,4.00,40대,0,1,0,0,5
11009,4.00,40대,1,1,0,0,5
11010,4.00,40대,1,1,0,1,4
11011,3.00,30대,1,1,0,0,5
11012,3.00,30대,0,1,0,0,5
11013,6.00,60대이상,0,1,0,0,4
11014,2.00,20대,0,1,0,0,5
11015,2.00,20대,1,1,0,0,5
11016,4.00,40대,0,1,0,0,4
11017,3.00,30대,0,1,0,0,5
11018,2.00,20대,0,1,0,1,5
11019,2.00,20대,0,1,0,0,5
11020,2.00,20대,0,1,0,0,5
11021,2.00,20대,1,1,0,0,5
11022,2.00,20대,0,0,0,0,5
11023,3.00,30대,0,0,0,0,5
11024,2.00,20대,0,1,0,0,5
11025,3.00,30대,0,0,0,0,5
11026,2.00,20대,0,1,0,0,5
11027,3.00,30대,0,1,0,0,5
11028,3.00,30대,0,1,0,0,4
11029,3.00,30대,0,1,0,0,5
11030,2.00,20대,1,1,0,1,5
11031,2.00,20대,0,0,0,0,5
11032,3.00,30대,0,1,0,0,5
11033,2.00,20대,1,0,0,1,4
11034,2.00,20대,1,1,1,0,5
11035,2.00,20대,0,1,0,0,4
11036,4.00,40대,1,0,1,0,4
11037,5.00,50대,0,1,1,0,4
11038,5.00,50대,0,1,0,0,4
11039,3.00,30대,0,1,0,0,5
11040,5.00,50대,1,0,0,1,4
11041,5.00,50대,0,0,0,0,5
11042,5.00,50대,0,0,0,0,5
11043,5.00,50대,0,0,1,0,5
11044,3.00,30대,0,1,0,1,5
11045,5.00,50대,0,1,1,0,3
11046,2.00,20대,0,1,0,0,4
11047,3.00,30대,0,1,0,0,5
11048,3.00,30대,0,1,0,0,3
11049,2.00,20대,0,1,0,0,5
11050,4.00,40대,0,0,0,0,5
11051,5.00,50대,0,1,0,0,5
11052,2.00,20대,1,1,1,0,5
11053,2.00,20대,0,1,0,0,5
11054,2.00,20대,1,1,0,0,5
11055,4.00,40대,1,1,0,0,5
11056,4.00,40대,0,1,0,0,5
11057,5.00,50대,1,1,0,0,5
11058,3.00,30대,1,1,0,0,4
11059,3.00,30대,1,1,0,0,5
11060,3.00,30대,0,1,0,0,4
11061,2.00,20대,1,1,0,0,5
11062,5.00,50대,0,1,0,0,5
11063,3.00,30대,0,1,0,0,5
11064,2.00,20대,1,1,0,0,4
11065,2.00,20대,0,0,0,0,5
11066,6.00,60대이상,1,1,0,0,5
11067,5.00,50대,0,0,0,0,5
11068,3.00,30대,0,0,0,0,5
11069,3.00,30대,1,1,0,0,5
11070,5.00,50대,0,1,0,0,4
11071,2.00,20대,1,1,1,0,4
11072,6.00,60대이상,1,1,0,0,5
11073,2.00,20대,1,1,0,1,5
11074,3.00,30대,1,1,0,0,4
11075,2.00,20대,1,1,0,0,4
11076,4.00,40대,0,0,0,1,3
11077,2.00,20대,1,1,0,0,5
11078,4.00,40대,0,1,0,0,5
11079,2.00,20대,0,1,1,0,4
11080,5.00,50대,1,1,0,0,5
11081,5.00,50대,1,1,0,0,5
11082,2.00,20대,1,1,0,1,5
11083,3.00,30대,0,1,0,0,5
11084,2.00,20대,1,1,0,1,4
11085,4.00,40대,1,0,0,0,4
11086,3.00,30대,0,1,0,0,4
11087,5.00,50대,0,1,0,0,5
11088,2.00,20대,0,1,0,0,4
11089,4.00,40대,1,1,0,0,5
11090,2.00,20대,1,1,0,0,5
11091,2.00,20대,0,1,0,0,3
11092,5.00,50대,1,1,0,0,5
11093,3.00,30대,0,1,0,0,5
11094,4.00,40대,1,1,0,0,4
11095,5.00,50대,0,0,1,0,4
11096,2.00,20대,1,1,0,0,5
11097,5.00,50대,0,0,0,0,5
11098,2.00,20대,1,1,0,0,5
11099,3.00,30대,0,1,1,0,5
11100,2.00,20대,1,1,1,0,5
11101,2.00,20대,0,1,0,0,3
11102,3.00,30대,0,1,0,0,4
11103,5.00,50대,0,0,0,0,5
11104,3.00,30대,0,1,0,0,5
11105,3.00,30대,1,1,0,0,4
11106,6.00,60대이상,1,1,0,0,4
11107,3.00,30대,0,1,0,1,5
11108,2.00,20대,1,1,0,0,5
11109,2.00,20대,1,1,0,0,5
11110,4.00,40대,1,1,0,0,5
11111,4.00,40대,0,1,1,0,4
11112,2.00,20대,1,1,0,0,2
11113,4.00,40대,1,1,0,0,5
11114,6.00,60대이상,0,1,0,0,5
11115,3.00,30대,1,1,0,0,4
11116,2.00,20대,0,1,0,0,4
11117,3.00,30대,1,1,0,0,4
11118,3.00,30대,1,1,0,0,5
11119,4.00,40대,1,1,0,0,5
11120,4.00,40대,0,1,0,0,5
11121,3.00,30대,1,1,0,0,5
11122,4.00,40대,1,0,0,0,4
11123,2.00,20대,1,1,0,0,4
11124,2.00,20대,0,1,0,0,4
11125,3.00,30대,0,0,0,0,5
11126,3.00,30대,0,1,0,0,4
11127,3.00,30대,1,1,0,0,5
11128,2.00,20대,0,1,0,0,5
11129,2.00,20대,1,1,0,0,5
11130,2.00,20대,0,1,0,1,4
11131,3.00,30대,1,1,0,0,4
11132,3.00,30대,0,1,0,0,4
11133,3.00,30대,1,1,0,0,4
11134,3.00,30대,0,1,0,0,4
11135,2.00,20대,0,1,0,0,5
11136,2.00,20대,0,1,0,0,5
11137,4.00,40대,0,1,0,0,4
11138,2.00,20대,1,1,0,0,4
11139,2.00,20대,0,1,0,0,5
11140,2.00,20대,0,1,0,0,4
11141,4.00,40대,0,1,1,0,5
11142,2.00,20대,1,1,0,0,4
11143,3.00,30대,0,1,1,0,5
11144,5.00,50대,1,1,1,0,5
11145,3.00,30대,1,1,0,0,5
11146,5.00,50대,0,1,0,0,5
11147,3.00,30대,1,1,0,0,4
11148,5.00,50대,0,1,0,0,4
11149,2.00,20대,0,1,0,0,4
11150,2.00,20대,1,0,0,0,5
11151,2.00,20대,1,1,0,1,5
11152,3.00,30대,0,1,1,0,4
11153,2.00,20대,1,0,0,1,5
11154,4.00,40대,0,1,0,1,5
11155,2.00,20대,1,1,0,0,5
11156,6.00,60대이상,1,1,0,0,4
11157,3.00,30대,1,1,0,1,4
11158,2.00,20대,1,1,0,1,5
11159,2.00,20대,1,1,0,0,5
11160,2.00,20대,1,1,1,0,4
11161,5.00,50대,0,0,0,0,5
11162,4.00,40대,1,0,0,1,5
11163,2.00,20대,0,1,1,0,5
11164,2.00,20대,1,1,0,1,5
11165,3.00,30대,0,0,0,0,4
11166,2.00,20대,0,1,0,0,5
11167,5.00,50대,1,1,0,0,5
11168,3.00,30대,0,1,0,0,5
11169,6.00,60대이상,0,1,0,0,5
11170,5.00,50대,0,1,0,0,4
11171,2.00,20대,0,1,0,0,5
11172,2.00,20대,1,1,0,1,5
11173,2.00,20대,1,1,0,0,5
11174,5.00,50대,1,1,0,1,5
11175,3.00,30대,0,1,0,0,5
11176,4.00,40대,1,1,0,0,4
11177,2.00,20대,1,1,0,0,4
11178,2.00,20대,0,1,0,0,5
11179,2.00,20대,0,0,0,0,5
11180,4.00,40대,1,1,0,0,3
11181,2.00,20대,1,1,0,1,4
11182,3.00,30대,0,1,0,0,4
11183,2.00,20대,0,1,0,0,5
11184,5.00,50대,1,1,0,0,5
11185,3.00,30대,0,1,0,0,4
11186,4.00,40대,1,1,0,0,5
11187,4.00,40대,1,1,0,0,4
11188,5.00,50대,1,1,0,0,4
11189,2.00,20대,0,1,0,0,3
11190,3.00,30대,1,1,0,0,5
11191,6.00,60대이상,1,1,1,0,4
11192,2.00,20대,0,1,0,0,5
11193,4.00,40대,0,1,1,0,5
11194,5.00,50대,0,1,0,0,5
11195,2.00,20대,0,0,1,0,5
11196,3.00,30대,1,1,0,0,5
11197,2.00,20대,0,1,0,0,5
11198,2.00,20대,1,1,0,0,5
11199,3.00,30대,0,1,0,0,5
11200,4.00,40대,1,1,0,0,5
11201,3.00,30대,1,0,0,0,5
11202,3.00,30대,0,1,0,1,5
11203,5.00,50대,0,1,0,0,5
11204,2.00,20대,1,1,0,0,5
11205,6.00,60대이상,0,0,1,0,4
11206,2.00,20대,1,0,0,1,5
11207,3.00,30대,0,1,1,0,4
11208,2.00,20대,1,1,1,0,4
11209,5.00,50대,1,1,0,0,5
11210,3.00,30대,1,1,0,0,4
11211,2.00,20대,1,1,0,0,3
11212,2.00,20대,0,1,1,0,1
11213,2.00,20대,1,1,0,0,5
11214,3.00,30대,1,1,0,0,5
11215,4.00,40대,1,1,0,0,5
11216,3.00,30대,0,1,0,0,5
11217,3.00,30대,0,0,0,0,5
11218,2.00,20대,0,1,0,0,5
11219,5.00,50대,0,1,0,0,5
11220,6.00,60대이상,1,1,0,0,4
11221,5.00,50대,1,1,1,0,5
11222,5.00,50대,0,1,0,0,4
11223,2.00,20대,1,0,0,1,5
11224,3.00,30대,1,1,0,0,5
11225,3.00,30대,0,1,0,0,5
11226,1.00,10대,1,1,0,0,4
11227,4.00,40대,1,1,0,0,4
11228,2.00,20대,0,1,0,0,5
11229,5.00,50대,0,1,0,0,5
11230,1.00,10대,1,1,0,0,5
11231,4.00,40대,1,1,0,0,5
11232,3.00,30대,1,1,0,0,5
11233,5.00,50대,1,1,0,0,5
11234,3.00,30대,0,1,0,0,5
11235,5.00,50대,1,1,0,0,5
11236,5.00,50대,1,1,0,0,5
11237,5.00,50대,1,1,0,0,4
11238,2.00,20대,0,1,0,0,4
11239,1.00,10대,1,1,0,0,4
11240,4.00,40대,1,1,0,0,5
11241,3.00,30대,0,1,0,0,5
11242,2.00,20대,1,1,0,0,5
11243,5.00,50대,1,1,0,0,5
11244,5.00,50대,1,1,0,0,4
11245,3.00,30대,1,1,1,0,4
11246,3.00,30대,0,1,0,0,5
11247,3.00,30대,0,1,0,0,5
11248,2.00,20대,0,0,0,0,4
11249,4.00,40대,1,1,0,0,4
11250,2.00,20대,0,1,0,0,4
11251,4.00,40대,0,1,0,0,4
11252,2.00,20대,1,1,0,1,5
11253,2.00,20대,0,1,0,0,5
11254,2.00,20대,1,0,0,0,5
11255,4.00,40대,0,1,1,0,5
11256,2.00,20대,1,1,0,0,5
11257,3.00,30대,1,1,0,0,5
11258,4.00,40대,0,0,0,0,5
11259,2.00,20대,0,1,0,1,5
11260,3.00,30대,1,1,0,0,5
11261,3.00,30대,0,1,0,0,5
11262,3.00,30대,1,1,0,0,5
11263,5.00,50대,1,0,1,0,5
11264,2.00,20대,0,1,1,0,4
11265,5.00,50대,1,1,0,0,5
11266,3.00,30대,0,1,0,0,4
11267,5.00,50대,1,1,0,0,5
11268,5.00,50대,0,1,0,0,5
11269,2.00,20대,0,1,0,0,4
11270,5.00,50대,1,0,0,0,4
11271,2.00,20대,1,1,0,0,4
11272,5.00,50대,1,1,0,0,4
11273,6.00,60대이상,1,0,0,0,5
11274,3.00,30대,1,1,0,0,4
11275,5.00,50대,1,0,0,0,5
11276,2.00,20대,1,1,0,0,5
11277,2.00,20대,0,1,0,0,5
11278,3.00,30대,1,1,0,1,5
11279,3.00,30대,0,1,0,0,5
11280,2.00,20대,1,0,0,0,4
11281,5.00,50대,0,1,0,0,4
11282,5.00,50대,0,0,0,0,5
11283,3.00,30대,1,1,1,0,5
11284,3.00,30대,0,1,0,0,5
11285,2.00,20대,0,0,0,0,4
11286,2.00,20대,1,0,0,0,4
11287,3.00,30대,0,0,1,0,5
11288,3.00,30대,0,1,0,0,5
11289,5.00,50대,1,1,0,0,5
11290,2.00,20대,0,1,0,0,4
11291,3.00,30대,1,0,0,1,3
11292,4.00,40대,0,1,0,1,5
11293,3.00,30대,0,1,0,0,5
11294,4.00,40대,0,0,0,0,4
11295,5.00,50대,1,1,0,0,4
11296,2.00,20대,0,1,0,0,3
11297,3.00,30대,1,1,1,0,5
11298,2.00,20대,1,0,0,0,4
11299,2.00,20대,0,0,0,0,5
11300,2.00,20대,0,1,0,0,5
11301,5.00,50대,1,0,0,0,5
11302,4.00,40대,1,1,0,0,5
11303,6.00,60대이상,0,1,0,1,5
11304,2.00,20대,1,0,0,1,4
11305,2.00,20대,0,1,0,0,5
11306,4.00,40대,0,1,0,0,5
11307,3.00,30대,0,1,0,0,5
11308,3.00,30대,1,0,1,0,5
11309,2.00,20대,1,1,1,0,4
11310,3.00,30대,0,0,0,0,4
11311,2.00,20대,1,1,0,0,5
11312,2.00,20대,0,1,0,0,5
11313,2.00,20대,0,0,1,0,5
11314,3.00,30대,1,1,0,0,4
11315,5.00,50대,1,1,0,1,5
11316,5.00,50대,1,1,0,0,5
11317,3.00,30대,0,0,1,0,5
11318,3.00,30대,1,1,0,0,5
11319,3.00,30대,1,1,0,0,4
11320,2.00,20대,1,1,0,0,4
11321,3.00,30대,1,0,1,0,5
11322,2.00,20대,1,1,0,0,5
11323,2.00,20대,0,1,0,0,5
11324,6.00,60대이상,1,1,0,0,5
11325,3.00,30대,1,1,0,1,4
11326,4.00,40대,1,1,0,0,4
11327,5.00,50대,0,0,0,0,5
11328,2.00,20대,1,1,0,0,5
11329,4.00,40대,1,1,1,0,5
11330,3.00,30대,0,0,0,0,5
11331,5.00,50대,1,1,0,1,4
11332,5.00,50대,1,0,0,0,5
11333,5.00,50대,1,1,0,0,4
11334,4.00,40대,1,1,0,0,5
11335,2.00,20대,0,1,0,1,4
11336,4.00,40대,0,0,0,0,5
11337,3.00,30대,0,1,1,0,5
11338,3.00,30대,0,1,0,0,4
11339,3.00,30대,0,0,0,0,5
11340,2.00,20대,0,0,1,0,5
11341,2.00,20대,1,1,0,0,4
11342,2.00,20대,0,1,1,0,5
11343,2.00,20대,1,1,0,0,5
11344,2.00,20대,0,1,0,0,5
11345,2.00,20대,1,1,0,0,5
11346,5.00,50대,0,1,0,0,5
11347,2.00,20대,0,1,0,0,3
11348,2.00,20대,0,0,1,0,5
11349,3.00,30대,1,1,0,0,5
11350,3.00,30대,0,1,0,0,5
11351,6.00,60대이상,1,1,1,0,5
11352,3.00,30대,0,1,0,0,5
11353,2.00,20대,0,1,1,0,4
11354,3.00,30대,1,1,0,0,5
11355,2.00,20대,1,1,0,0,5
11356,2.00,20대,0,0,0,1,5
11357,2.00,20대,1,1,0,0,5
11358,5.00,50대,1,1,0,1,5
11359,3.00,30대,0,0,0,0,5
11360,3.00,30대,0,0,0,0,5
11361,2.00,20대,0,1,0,0,4
11362,2.00,20대,1,1,0,1,5
11363,2.00,20대,1,1,0,0,5
11364,4.00,40대,1,0,0,0,5
11365,3.00,30대,1,1,0,0,4
11366,1.00,10대,0,1,0,0,5
11367,2.00,20대,1,0,0,0,4
11368,2.00,20대,0,1,0,0,5
11369,2.00,20대,0,1,0,0,5
11370,5.00,50대,0,1,0,0,4
11371,6.00,60대이상,0,1,0,0,5
11372,3.00,30대,1,1,0,0,5
11373,3.00,30대,1,1,0,0,5
11374,4.00,40대,1,0,0,0,5
11375,3.00,30대,1,1,0,1,4
11376,2.00,20대,0,1,0,0,5
11377,2.00,20대,1,0,0,0,5
11378,3.00,30대,0,1,0,0,5
11379,4.00,40대,0,1,0,1,5
11380,3.00,30대,1,1,0,0,3
11381,2.00,20대,1,1,0,0,4
11382,2.00,20대,0,1,0,0,5
11383,2.00,20대,1,1,0,0,4
11384,3.00,30대,1,1,0,0,5
11385,5.00,50대,0,1,0,0,4
11386,6.00,60대이상,0,1,1,0,4
11387,3.00,30대,1,0,1,0,5
11388,2.00,20대,1,1,0,0,4
11389,3.00,30대,0,1,0,0,5
11390,3.00,30대,1,1,0,0,5
11391,2.00,20대,1,1,0,0,5
11392,3.00,30대,1,1,0,0,5
11393,2.00,20대,0,1,0,1,5
11394,2.00,20대,1,1,0,0,5
11395,2.00,20대,1,1,0,0,5
11396,4.00,40대,1,1,0,1,5
11397,3.00,30대,1,1,0,0,5
11398,2.00,20대,0,1,0,0,5
11399,5.00,50대,1,1,0,0,4
11400,3.00,30대,1,0,0,0,5
11401,4.00,40대,1,1,0,0,4
11402,6.00,60대이상,1,1,0,0,5
11403,3.00,30대,0,1,0,0,4
11404,2.00,20대,0,1,0,0,5
11405,3.00,30대,1,1,0,0,4
11406,6.00,60대이상,1,0,1,0,5
11407,2.00,20대,1,1,0,0,4
11408,5.00,50대,1,1,0,0,5
11409,4.00,40대,0,1,0,0,5
11410,2.00,20대,1,1,1,0,4
11411,5.00,50대,0,0,0,0,4
11412,2.00,20대,1,1,0,0,5
11413,4.00,40대,0,0,0,1,5
11414,6.00,60대이상,1,1,0,0,5
11415,2.00,20대,0,1,0,0,5
11416,4.00,40대,0,1,0,0,5
11417,3.00,30대,1,1,0,0,4
11418,2.00,20대,1,1,0,1,5
11419,5.00,50대,1,1,0,1,5
11420,2.00,20대,0,1,1,0,5
11421,2.00,20대,1,1,1,0,5
11422,2.00,20대,1,1,0,0,5
11423,3.00,30대,0,0,0,0,4
11424,4.00,40대,0,1,1,0,5
11425,2.00,20대,0,1,0,0,4
11426,5.00,50대,0,1,0,0,5
11427,2.00,20대,0,1,0,0,4
11428,4.00,40대,1,1,0,0,5
11429,2.00,20대,1,0,1,0,5
11430,3.00,30대,0,1,0,0,5
11431,3.00,30대,0,1,0,0,4
11432,2.00,20대,1,1,1,0,5
11433,3.00,30대,0,1,0,0,4
11434,4.00,40대,0,1,0,0,5
11435,2.00,20대,1,1,0,0,5
11436,4.00,40대,0,1,0,0,5
11437,4.00,40대,1,1,0,0,5
11438,2.00,20대,1,1,0,0,5
11439,5.00,50대,0,0,1,0,4
11440,6.00,60대이상,0,0,0,0,5
11441,4.00,40대,0,1,1,0,4
11442,5.00,50대,1,1,0,0,5
11443,4.00,40대,1,1,0,0,5
11444,2.00,20대,1,1,0,0,4
11445,4.00,40대,1,1,0,0,5
11446,6.00,60대이상,0,1,0,0,4
11447,5.00,50대,1,1,0,0,5
11448,4.00,40대,0,1,0,1,3
11449,3.00,30대,1,1,0,1,5
11450,2.00,20대,1,1,0,0,4
11451,4.00,40대,0,1,0,0,5
11452,4.00,40대,0,1,0,0,4
11453,2.00,20대,0,1,1,0,5
11454,3.00,30대,1,1,0,0,5
11455,3.00,30대,1,0,0,1,3
11456,6.00,60대이상,0,1,0,0,4
11457,2.00,20대,1,1,0,0,5
11458,2.00,20대,0,1,0,0,5
11459,2.00,20대,0,0,0,0,5
11460,2.00,20대,1,1,0,1,5
11461,2.00,20대,0,1,0,0,5
11462,5.00,50대,1,1,0,1,5
11463,3.00,30대,0,0,0,1,5
11464,5.00,50대,1,1,0,0,4
11465,3.00,30대,0,1,0,0,4
11466,2.00,20대,0,0,0,0,5
11467,2.00,20대,1,1,0,0,5
11468,2.00,20대,0,1,0,0,5
11469,2.00,20대,0,1,0,0,4
11470,5.00,50대,1,1,0,1,4
11471,3.00,30대,1,1,0,0,4
11472,2.00,20대,0,0,1,0,5
11473,5.00,50대,1,1,1,0,5
11474,5.00,50대,0,1,0,0,5
11475,2.00,20대,0,1,0,0,5
11476,2.00,20대,1,1,0,0,5
11477,3.00,30대,1,1,0,0,4
11478,3.00,30대,1,0,1,0,5
11479,2.00,20대,1,1,0,1,5
11480,2.00,20대,0,1,0,0,5
11481,5.00,50대,1,1,0,0,5
11482,2.00,20대,0,1,1,0,5
11483,5.00,50대,0,1,0,0,5
11484,1.00,10대,1,1,0,0,5
11485,4.00,40대,0,1,0,0,5
11486,3.00,30대,0,1,0,0,5
11487,2.00,20대,1,1,1,0,5
11488,3.00,30대,0,1,0,0,4
11489,2.00,20대,1,1,0,1,5
11490,5.00,50대,0,1,0,0,5
11491,2.00,20대,0,1,0,0,5
11492,3.00,30대,1,1,0,0,4
11493,6.00,60대이상,0,0,0,0,4
11494,5.00,50대,1,1,0,0,5
11495,2.00,20대,0,1,0,0,5
11496,3.00,30대,1,1,0,0,5
11497,2.00,20대,1,1,0,0,5
11498,3.00,30대,1,1,0,0,5
11499,2.00,20대,1,1,0,0,5
11500,2.00,20대,1,1,1,0,4
11501,4.00,40대,0,1,0,0,5
11502,2.00,20대,0,1,0,0,5
11503,4.00,40대,1,1,0,0,5
11504,3.00,30대,0,0,1,0,5
11505,3.00,30대,0,1,0,0,5
11506,2.00,20대,0,1,0,1,5
11507,2.00,20대,0,1,0,0,5
11508,3.00,30대,1,1,0,0,5
11509,3.00,30대,1,1,0,0,5
11510,3.00,30대,1,1,0,0,5
11511,5.00,50대,0,1,0,0,5
11512,2.00,20대,0,1,0,0,4
11513,4.00,40대,0,1,0,0,5
11514,2.00,20대,1,1,0,0,5
11515,2.00,20대,0,0,0,1,3
11516,5.00,50대,1,1,1,0,5
11517,2.00,20대,0,1,0,0,5
11518,4.00,40대,0,1,0,0,5
11519,2.00,20대,1,1,0,0,4
11520,2.00,20대,0,1,0,0,5
11521,4.00,40대,0,1,0,0,4
11522,5.00,50대,1,1,0,0,5
11523,3.00,30대,0,1,0,0,4
11524,3.00,30대,1,1,0,0,5
11525,3.00,30대,1,1,0,0,5
11526,2.00,20대,0,1,0,0,5
11527,2.00,20대,1,1,0,0,5
11528,5.00,50대,1,0,1,0,4
11529,5.00,50대,1,1,0,0,5
11530,3.00,30대,1,1,0,0,5
11531,3.00,30대,0,1,0,0,5
11532,4.00,40대,1,1,0,0,4
11533,3.00,30대,0,1,0,0,5
11534,2.00,20대,0,1,0,1,5
11535,4.00,40대,1,1,0,0,4
11536,3.00,30대,1,1,0,0,2
11537,5.00,50대,1,1,0,0,4
11538,3.00,30대,0,1,0,0,5
11539,2.00,20대,0,1,0,0,5
11540,3.00,30대,0,0,1,0,5
11541,5.00,50대,1,1,0,0,5
11542,4.00,40대,0,1,1,0,5
11543,3.00,30대,0,0,1,0,5
11544,5.00,50대,0,0,0,0,5
11545,3.00,30대,1,1,0,1,5
11546,3.00,30대,0,0,0,0,5
11547,2.00,20대,1,1,0,1,4
11548,3.00,30대,1,1,0,0,5
11549,5.00,50대,1,1,0,1,5
11550,3.00,30대,0,0,0,0,5
11551,2.00,20대,0,1,0,1,4
11552,5.00,50대,1,1,0,0,5
11553,5.00,50대,0,1,1,0,4
11554,4.00,40대,0,1,0,0,4
11555,4.00,40대,0,1,1,0,4
11556,4.00,40대,0,1,0,0,4
11557,5.00,50대,1,0,0,0,3
11558,3.00,30대,0,1,0,0,4
11559,2.00,20대,1,1,1,0,5
11560,4.00,40대,1,1,0,0,5
11561,3.00,30대,0,1,0,0,4
11562,6.00,60대이상,1,1,0,0,4
11563,2.00,20대,0,1,1,0,4
11564,2.00,20대,1,1,1,0,5
11565,3.00,30대,1,1,0,0,5
11566,3.00,30대,0,1,1,0,5
11567,2.00,20대,1,1,0,0,5
11568,4.00,40대,0,1,0,0,4
11569,2.00,20대,0,1,0,0,4
11570,3.00,30대,0,1,0,0,5
11571,3.00,30대,1,1,0,0,5
11572,3.00,30대,0,1,0,0,5
11573,3.00,30대,0,1,0,1,4
11574,2.00,20대,0,1,1,0,5
11575,3.00,30대,0,1,0,0,5
11576,5.00,50대,1,1,0,0,5
11577,5.00,50대,0,1,0,0,4
11578,4.00,40대,0,1,0,0,4
11579,2.00,20대,0,1,1,0,5
11580,2.00,20대,0,1,0,0,5
11581,4.00,40대,1,0,0,0,5
11582,6.00,60대이상,0,1,1,0,5
11583,3.00,30대,1,1,1,0,5
11584,3.00,30대,1,1,0,0,5
11585,6.00,60대이상,1,1,0,0,5
11586,2.00,20대,0,1,0,0,5
11587,2.00,20대,1,0,0,0,5
11588,2.00,20대,1,1,0,0,4
11589,5.00,50대,1,1,0,0,4
11590,3.00,30대,0,1,0,1,4
11591,4.00,40대,1,1,0,1,5
11592,5.00,50대,1,1,0,1,5
11593,4.00,40대,1,1,0,0,5
11594,5.00,50대,0,0,0,0,5
11595,2.00,20대,1,1,0,0,5
11596,5.00,50대,1,1,0,0,4
11597,2.00,20대,1,1,0,0,5
11598,3.00,30대,0,1,0,0,4
11599,2.00,20대,1,1,0,0,5
11600,4.00,40대,1,1,0,0,4
11601,5.00,50대,1,1,0,0,5
11602,5.00,50대,0,1,0,0,4
11603,2.00,20대,0,1,0,0,5
11604,2.00,20대,1,1,0,1,4
11605,2.00,20대,1,1,0,0,4
11606,3.00,30대,1,1,1,0,5
11607,4.00,40대,1,1,0,0,5
11608,3.00,30대,1,1,0,0,5
11609,4.00,40대,1,1,0,0,5
11610,2.00,20대,1,1,0,0,5
11611,4.00,40대,1,1,0,0,5
11612,3.00,30대,0,1,0,0,5
11613,2.00,20대,1,1,0,0,4
11614,3.00,30대,1,1,0,0,5
11615,2.00,20대,1,1,0,0,5
11616,2.00,20대,0,0,0,0,5
11617,3.00,30대,0,1,0,0,5
11618,2.00,20대,0,1,1,0,5
11619,2.00,20대,0,1,0,0,5
11620,2.00,20대,1,1,0,0,5
11621,6.00,60대이상,0,0,0,0,4
11622,2.00,20대,1,1,0,0,4
11623,4.00,40대,1,1,1,0,5
11624,4.00,40대,1,1,0,0,5
11625,3.00,30대,0,1,1,0,5
11626,5.00,50대,0,1,0,0,5
11627,2.00,20대,0,0,0,0,5
11628,5.00,50대,0,1,0,0,4
11629,4.00,40대,0,1,1,0,5
11630,2.00,20대,1,1,0,0,5
11631,3.00,30대,1,1,0,0,5
11632,2.00,20대,0,1,0,1,5
11633,6.00,60대이상,0,1,0,0,5
11634,2.00,20대,1,1,0,0,4
11635,2.00,20대,1,1,1,0,5
11636,3.00,30대,0,1,0,0,5
11637,3.00,30대,1,1,0,0,5
11638,3.00,30대,1,1,0,0,4
11639,3.00,30대,0,1,0,0,5
11640,3.00,30대,1,1,0,0,4
11641,5.00,50대,1,1,0,0,5
11642,5.00,50대,1,1,0,0,5
11643,2.00,20대,1,1,0,0,5
11644,2.00,20대,0,0,0,1,5
11645,2.00,20대,0,1,0,0,5
11646,4.00,40대,0,1,0,0,5
11647,2.00,20대,1,1,0,0,5
11648,3.00,30대,0,1,0,0,5
11649,3.00,30대,1,1,0,0,5
11650,2.00,20대,1,1,0,0,5
11651,5.00,50대,1,1,0,0,5
11652,2.00,20대,1,1,0,0,5
11653,2.00,20대,1,1,0,0,4
11654,3.00,30대,1,1,0,0,5
11655,5.00,50대,1,1,0,1,5
11656,4.00,40대,0,1,0,0,4
11657,5.00,50대,0,1,0,0,4
11658,5.00,50대,0,1,0,0,5
11659,2.00,20대,1,1,0,1,5
11660,2.00,20대,0,1,0,0,4
11661,3.00,30대,1,1,0,0,4
11662,3.00,30대,1,1,1,0,5
11663,3.00,30대,0,1,1,0,5
11664,2.00,20대,1,1,0,0,4
11665,3.00,30대,1,1,1,0,5
11666,3.00,30대,1,1,1,0,4
11667,2.00,20대,1,1,0,0,4
11668,2.00,20대,1,1,0,0,5
11669,2.00,20대,1,1,0,0,5
11670,4.00,40대,0,1,0,0,5
11671,5.00,50대,1,0,0,1,3
11672,4.00,40대,1,1,0,0,5
11673,5.00,50대,0,1,0,0,5
11674,4.00,40대,0,1,0,0,5
11675,2.00,20대,0,1,0,1,4
11676,4.00,40대,0,1,1,0,5
11677,3.00,30대,1,1,1,0,5
11678,5.00,50대,0,1,0,1,4
11679,2.00,20대,0,1,0,0,4
11680,4.00,40대,0,1,0,0,5
11681,2.00,20대,0,1,0,0,4
11682,2.00,20대,1,1,1,0,5
11683,4.00,40대,1,1,0,0,5
11684,3.00,30대,1,1,0,1,5
11685,2.00,20대,0,1,0,0,5
11686,2.00,20대,1,1,0,0,5
11687,3.00,30대,1,1,0,0,4
11688,3.00,30대,0,0,1,0,4
11689,4.00,40대,1,1,0,0,4
11690,2.00,20대,0,1,0,0,5
11691,4.00,40대,1,0,0,1,4
11692,5.00,50대,0,1,0,1,5
11693,3.00,30대,0,1,1,0,5
11694,4.00,40대,0,1,0,0,5
11695,2.00,20대,0,1,1,0,5
11696,3.00,30대,0,0,1,0,5
11697,2.00,20대,1,1,1,0,5
11698,2.00,20대,1,0,1,0,4
11699,3.00,30대,0,0,1,0,5
11700,4.00,40대,1,1,0,0,5
11701,2.00,20대,1,1,0,0,4
11702,3.00,30대,0,0,1,0,4
11703,6.00,60대이상,0,1,0,0,4
11704,4.00,40대,1,1,0,0,4
11705,2.00,20대,1,0,0,0,5
11706,5.00,50대,0,1,1,0,5
11707,3.00,30대,0,1,1,0,4
11708,2.00,20대,0,1,0,0,5
11709,2.00,20대,0,1,0,0,4
11710,5.00,50대,0,0,1,0,5
11711,2.00,20대,0,0,0,0,5
11712,2.00,20대,0,0,0,1,4
11713,2.00,20대,0,1,1,0,4
11714,6.00,60대이상,1,1,0,0,4
11715,2.00,20대,0,0,1,0,5
11716,6.00,60대이상,0,1,1,0,5
11717,3.00,30대,1,1,0,0,5
11718,3.00,30대,0,0,0,0,5
11719,2.00,20대,0,1,0,0,5
11720,2.00,20대,0,1,0,1,4
11721,4.00,40대,1,1,0,0,3
11722,4.00,40대,1,1,0,0,4
11723,3.00,30대,1,1,0,0,4
11724,5.00,50대,1,1,0,1,5
11725,5.00,50대,1,1,0,0,5
11726,2.00,20대,0,0,1,0,4
11727,2.00,20대,1,1,0,0,4
11728,2.00,20대,0,0,1,0,5
11729,3.00,30대,0,1,0,0,4
11730,6.00,60대이상,0,1,1,0,4
11731,3.00,30대,1,1,1,0,4
11732,4.00,40대,0,1,0,0,4
11733,3.00,30대,0,0,1,0,5
11734,5.00,50대,0,1,0,0,5
11735,2.00,20대,1,1,0,0,5
11736,2.00,20대,1,0,0,0,5
11737,3.00,30대,0,1,1,0,4
11738,4.00,40대,0,0,0,0,4
11739,3.00,30대,0,1,1,0,2
11740,5.00,50대,1,1,0,0,5
11741,1.00,10대,1,1,0,1,5
11742,3.00,30대,1,1,0,1,5
11743,2.00,20대,1,1,1,0,5
11744,5.00,50대,1,1,0,0,5
11745,3.00,30대,0,0,1,0,5
11746,2.00,20대,1,1,0,0,4
11747,3.00,30대,0,0,1,0,5
11748,5.00,50대,0,1,0,0,3
11749,2.00,20대,1,1,0,0,5
11750,3.00,30대,0,0,1,0,5
11751,2.00,20대,1,1,0,1,5
11752,3.00,30대,0,1,0,0,5
11753,3.00,30대,0,1,0,0,5
11754,3.00,30대,0,0,1,0,5
11755,5.00,50대,1,0,1,0,5
11756,2.00,20대,1,1,0,1,5
11757,4.00,40대,1,1,0,0,5
11758,3.00,30대,1,1,0,0,4
11759,2.00,20대,1,1,0,1,5
11760,5.00,50대,0,1,0,0,5
11761,3.00,30대,1,1,0,0,5
11762,4.00,40대,1,1,0,0,3
11763,5.00,50대,0,1,0,0,5
11764,5.00,50대,1,1,0,0,5
11765,2.00,20대,0,1,1,0,5
11766,3.00,30대,1,1,0,0,5
11767,3.00,30대,0,1,0,0,5
11768,4.00,40대,0,1,0,0,5
11769,4.00,40대,1,1,0,0,5
11770,2.00,20대,1,1,0,0,5
11771,2.00,20대,0,1,0,0,5
11772,4.00,40대,1,1,0,0,5
11773,3.00,30대,1,1,0,0,5
11774,3.00,30대,1,1,1,0,5
11775,6.00,60대이상,1,1,0,0,5
11776,4.00,40대,1,1,0,0,4
11777,2.00,20대,0,1,1,0,5
11778,5.00,50대,1,1,0,0,5
11779,4.00,40대,1,0,0,1,4
11780,2.00,20대,1,1,0,0,5
11781,5.00,50대,1,1,0,0,5
11782,4.00,40대,1,1,1,0,5
11783,4.00,40대,1,1,1,0,5
11784,5.00,50대,0,1,1,0,5
11785,2.00,20대,1,1,0,0,5
11786,2.00,20대,0,1,0,0,5
11787,3.00,30대,1,1,0,0,5
11788,2.00,20대,1,1,0,0,5
11789,6.00,60대이상,0,1,0,1,5
11790,2.00,20대,1,1,0,0,5
11791,3.00,30대,1,1,0,1,5
11792,2.00,20대,0,1,0,0,5
11793,4.00,40대,1,1,1,0,5
11794,2.00,20대,1,1,1,0,4
11795,2.00,20대,0,1,0,0,5
11796,3.00,30대,0,1,0,0,5
11797,4.00,40대,1,1,1,0,5
11798,2.00,20대,1,1,0,0,5
11799,2.00,20대,0,0,0,0,4
11800,5.00,50대,0,1,1,0,5
11801,3.00,30대,1,1,0,0,5
11802,3.00,30대,0,1,0,0,4
11803,4.00,40대,1,1,0,0,5
11804,2.00,20대,1,1,0,0,5
11805,2.00,20대,0,1,0,0,5
11806,4.00,40대,1,1,0,0,3
11807,2.00,20대,1,1,0,0,5
11808,4.00,40대,1,1,0,0,5
11809,2.00,20대,0,1,0,0,4
11810,4.00,40대,0,1,0,0,5
11811,3.00,30대,1,1,0,0,4
11812,3.00,30대,0,1,0,0,5
11813,4.00,40대,0,1,1,0,5
11814,4.00,40대,0,1,1,0,5
11815,5.00,50대,0,1,1,0,5
11816,5.00,50대,1,1,0,0,5
11817,3.00,30대,0,1,0,0,5
11818,2.00,20대,1,1,1,0,5
11819,2.00,20대,0,1,0,0,5
11820,3.00,30대,0,1,1,0,5
11821,3.00,30대,0,1,0,0,5
11822,3.00,30대,1,1,0,1,5
11823,5.00,50대,1,0,0,1,5
11824,2.00,20대,1,1,0,0,3
11825,3.00,30대,1,1,0,0,4
11826,2.00,20대,1,1,0,0,5
11827,1.00,10대,1,1,0,0,5
11828,6.00,60대이상,1,1,0,0,5
11829,2.00,20대,1,0,0,1,4
11830,5.00,50대,0,1,1,0,5
11831,3.00,30대,1,1,0,0,5
11832,4.00,40대,0,1,0,0,5
11833,2.00,20대,1,1,0,0,5
11834,4.00,40대,1,1,0,0,4
11835,2.00,20대,1,1,0,0,4
11836,3.00,30대,1,1,0,1,4
11837,5.00,50대,0,0,0,1,5
11838,4.00,40대,1,1,0,0,4
11839,5.00,50대,0,1,0,0,5
11840,2.00,20대,1,1,0,0,5
11841,5.00,50대,0,0,0,0,4
11842,5.00,50대,0,0,1,0,5
11843,4.00,40대,1,1,1,0,5
11844,2.00,20대,0,0,0,0,4
11845,2.00,20대,1,1,0,0,5
11846,6.00,60대이상,0,0,0,0,5
11847,3.00,30대,1,1,1,0,5
11848,6.00,60대이상,1,1,0,1,5
11849,5.00,50대,1,1,0,0,5
11850,4.00,40대,1,1,0,0,4
11851,2.00,20대,0,0,0,0,4
11852,5.00,50대,1,1,0,0,4
11853,2.00,20대,0,1,0,1,5
11854,4.00,40대,0,1,1,0,5
11855,6.00,60대이상,0,1,0,0,5
11856,2.00,20대,1,1,0,1,5
11857,2.00,20대,1,1,0,0,5
11858,6.00,60대이상,1,1,0,0,4
11859,3.00,30대,0,1,0,0,5
11860,2.00,20대,1,1,1,0,5
11861,4.00,40대,0,1,0,0,5
11862,5.00,50대,0,1,0,0,5
11863,5.00,50대,0,1,0,0,4
11864,5.00,50대,1,1,0,0,5
11865,3.00,30대,1,1,0,1,5
11866,2.00,20대,1,1,0,0,5
11867,2.00,20대,1,1,0,0,4
11868,3.00,30대,0,1,1,0,5
11869,3.00,30대,0,1,0,0,4
11870,3.00,30대,0,1,0,0,4
11871,2.00,20대,1,1,0,1,5
11872,2.00,20대,1,1,1,0,4
11873,2.00,20대,1,1,0,0,5
11874,5.00,50대,0,1,0,0,5
11875,2.00,20대,1,1,0,0,5
11876,3.00,30대,1,1,0,0,4
11877,2.00,20대,1,1,0,0,5
11878,5.00,50대,1,1,0,1,5
11879,2.00,20대,1,1,0,0,5
11880,2.00,20대,1,0,1,0,4
11881,4.00,40대,1,1,0,0,5
11882,2.00,20대,1,1,0,0,5
11883,4.00,40대,1,1,0,0,5
11884,5.00,50대,1,1,0,1,5
11885,2.00,20대,1,1,0,0,5
11886,2.00,20대,0,1,0,0,5
11887,6.00,60대이상,0,1,0,0,5
11888,5.00,50대,0,1,0,0,5
11889,2.00,20대,0,1,0,0,5
11890,2.00,20대,1,1,1,0,5
11891,3.00,30대,1,1,0,1,4
11892,2.00,20대,1,1,0,0,5
11893,2.00,20대,1,0,0,0,5
11894,2.00,20대,1,1,0,1,5
11895,6.00,60대이상,0,1,1,0,5
11896,2.00,20대,1,1,0,0,5
11897,2.00,20대,1,1,1,0,5
11898,3.00,30대,1,1,0,0,5
11899,2.00,20대,1,0,0,1,5
11900,2.00,20대,1,0,0,0,5
11901,2.00,20대,1,0,0,0,5
11902,2.00,20대,1,1,0,0,5
11903,2.00,20대,1,1,0,0,4
11904,6.00,60대이상,0,1,1,0,5
11905,4.00,40대,0,1,0,0,5
11906,3.00,30대,0,0,0,0,5
11907,4.00,40대,0,1,0,0,5
11908,6.00,60대이상,1,1,0,0,4
11909,2.00,20대,1,1,0,0,5
11910,3.00,30대,0,0,0,0,5
11911,3.00,30대,1,0,0,0,5
11912,5.00,50대,1,1,0,0,5
11913,3.00,30대,0,1,0,0,5
11914,4.00,40대,1,1,0,0,5
11915,2.00,20대,1,1,0,0,5
11916,2.00,20대,0,1,0,0,5
11917,2.00,20대,1,1,0,1,4
11918,4.00,40대,1,0,0,0,5
11919,3.00,30대,1,1,0,0,5
11920,4.00,40대,1,1,0,0,4
11921,2.00,20대,1,1,0,0,5
11922,6.00,60대이상,0,1,0,0,5
11923,5.00,50대,1,1,0,0,4
11924,5.00,50대,1,0,0,1,5
11925,3.00,30대,0,1,0,0,5
11926,3.00,30대,0,1,0,0,5
11927,3.00,30대,1,1,0,0,5
11928,3.00,30대,1,1,0,0,3
11929,2.00,20대,0,1,0,0,5
11930,2.00,20대,0,1,0,0,5
11931,2.00,20대,1,1,0,0,5
11932,4.00,40대,1,1,0,0,3
11933,2.00,20대,1,1,0,0,5
11934,2.00,20대,0,1,0,0,5
11935,3.00,30대,1,1,0,0,5
11936,2.00,20대,1,1,0,0,4
11937,5.00,50대,0,1,0,0,5
11938,5.00,50대,1,1,0,0,5
11939,4.00,40대,0,1,1,0,5
11940,5.00,50대,1,1,0,0,5
11941,3.00,30대,0,1,0,0,5
11942,2.00,20대,0,1,0,0,5
11943,2.00,20대,1,1,1,0,5
11944,6.00,60대이상,0,1,0,0,4
11945,4.00,40대,1,1,0,0,4
11946,2.00,20대,1,1,1,0,5
11947,2.00,20대,1,1,0,0,5
11948,2.00,20대,1,1,0,0,5
11949,3.00,30대,1,1,1,0,5
11950,2.00,20대,1,1,0,0,4
11951,2.00,20대,1,1,0,0,5
11952,3.00,30대,1,1,0,0,5
11953,3.00,30대,1,1,0,0,5
11954,5.00,50대,1,1,0,0,5
11955,3.00,30대,1,1,0,0,5
11956,2.00,20대,1,1,0,0,5
11957,5.00,50대,1,1,0,0,4
11958,5.00,50대,0,0,0,0,5
11959,5.00,50대,1,1,0,0,5
11960,4.00,40대,0,1,0,0,5
11961,2.00,20대,1,1,0,0,4
11962,3.00,30대,1,1,1,0,4
11963,2.00,20대,1,1,0,0,4
11964,4.00,40대,1,1,1,0,4
11965,2.00,20대,0,1,0,0,5
11966,5.00,50대,0,1,0,0,4
11967,3.00,30대,1,1,0,0,5
11968,2.00,20대,1,1,0,1,5
11969,1.00,10대,1,1,0,0,5
11970,4.00,40대,1,0,0,0,5
11971,3.00,30대,1,1,0,0,5
11972,4.00,40대,0,0,0,0,5
11973,2.00,20대,1,1,0,0,5
11974,2.00,20대,1,1,0,0,5
11975,3.00,30대,0,1,0,0,5
11976,2.00,20대,0,1,0,1,5
11977,2.00,20대,1,1,0,0,5
11978,2.00,20대,1,1,1,0,5
11979,2.00,20대,0,1,0,0,5
11980,2.00,20대,0,1,0,0,4
11981,2.00,20대,1,1,0,0,5
11982,2.00,20대,1,1,0,0,5
11983,2.00,20대,0,1,0,0,4
11984,3.00,30대,0,1,0,0,5
11985,5.00,50대,1,1,0,0,5
11986,3.00,30대,0,0,0,0,5
11987,5.00,50대,0,1,1,0,5
11988,4.00,40대,1,1,0,0,5
11989,2.00,20대,1,1,0,0,4
11990,2.00,20대,0,1,0,0,5
11991,5.00,50대,1,0,0,0,5
11992,4.00,40대,1,1,1,0,5
11993,3.00,30대,0,1,0,0,5
11994,2.00,20대,1,1,1,0,5
11995,4.00,40대,0,1,1,0,5
11996,5.00,50대,0,1,0,0,3
11997,6.00,60대이상,1,1,0,1,5
11998,2.00,20대,1,1,0,0,4
11999,5.00,50대,0,1,1,0,5
12000,4.00,40대,1,1,0,0,4
12001,2.00,20대,1,1,0,0,5
12002,4.00,40대,1,0,0,0,5
12003,2.00,20대,0,1,0,0,5
12004,2.00,20대,1,1,0,0,5
12005,3.00,30대,1,1,0,0,5
12006,2.00,20대,0,1,0,0,5
12007,2.00,20대,0,1,0,0,4
12008,2.00,20대,0,1,0,1,4
12009,2.00,20대,0,1,0,1,5
12010,5.00,50대,1,0,0,1,5
12011,2.00,20대,1,1,0,0,5
12012,2.00,20대,0,1,0,0,3
12013,2.00,20대,1,1,1,0,5
12014,2.00,20대,0,1,0,1,4
12015,2.00,20대,0,1,0,0,5
12016,3.00,30대,0,1,1,0,5
12017,2.00,20대,1,1,0,0,4
12018,2.00,20대,1,1,0,1,3
12019,2.00,20대,1,1,0,1,5
12020,5.00,50대,1,1,1,0,5
12021,4.00,40대,0,1,0,0,5
12022,6.00,60대이상,1,1,0,1,5
12023,3.00,30대,1,0,1,0,4
12024,5.00,50대,1,1,0,1,4
12025,3.00,30대,0,1,0,0,5
12026,5.00,50대,1,1,1,0,4
12027,3.00,30대,1,1,1,0,5
12028,2.00,20대,0,1,0,0,5
12029,5.00,50대,0,1,1,0,5
12030,6.00,60대이상,1,0,1,0,5
12031,2.00,20대,0,1,1,0,4
12032,5.00,50대,0,1,0,0,5
12033,2.00,20대,1,1,0,0,5
12034,2.00,20대,1,1,0,0,5
12035,2.00,20대,1,1,0,0,5
12036,3.00,30대,0,0,0,0,5
12037,5.00,50대,0,1,1,0,5
12038,2.00,20대,1,1,0,0,5
12039,3.00,30대,0,1,0,1,5
12040,2.00,20대,0,1,0,0,4
12041,2.00,20대,1,1,0,1,5
12042,4.00,40대,0,0,1,0,4
12043,2.00,20대,0,1,1,0,4
12044,5.00,50대,1,1,0,0,4
12045,3.00,30대,1,1,0,0,2
12046,5.00,50대,1,1,0,0,5
12047,3.00,30대,1,1,0,0,5
12048,2.00,20대,1,1,0,0,5
12049,2.00,20대,1,1,0,0,4
12050,2.00,20대,0,0,0,1,4
12051,2.00,20대,0,1,0,0,4
12052,2.00,20대,0,1,0,0,4
12053,2.00,20대,0,1,0,0,5
12054,5.00,50대,0,1,0,0,5
12055,5.00,50대,1,1,1,0,5
12056,4.00,40대,1,1,0,0,5
12057,5.00,50대,1,0,0,0,4
12058,3.00,30대,0,1,0,0,5
12059,2.00,20대,1,1,0,0,5
12060,2.00,20대,1,1,1,0,5
12061,5.00,50대,1,1,0,1,5
12062,2.00,20대,0,1,0,0,5
12063,5.00,50대,0,1,0,0,5
12064,2.00,20대,1,1,0,0,5
12065,2.00,20대,0,1,0,0,5
12066,2.00,20대,0,1,0,0,5
12067,1.00,10대,1,1,1,0,4
12068,2.00,20대,1,1,0,0,5
12069,3.00,30대,1,1,0,0,4
12070,4.00,40대,1,1,0,0,5
12071,2.00,20대,1,1,1,0,5
12072,5.00,50대,0,1,1,0,5
12073,2.00,20대,0,1,0,0,4
12074,3.00,30대,0,1,1,0,5
12075,4.00,40대,1,1,0,0,4
12076,2.00,20대,1,1,0,0,5
12077,5.00,50대,1,1,1,0,5
12078,6.00,60대이상,0,1,0,1,5
12079,2.00,20대,1,1,0,0,5
12080,2.00,20대,1,1,0,0,5
12081,5.00,50대,0,1,0,0,4
12082,3.00,30대,1,1,1,0,5
12083,3.00,30대,0,1,0,0,5
12084,4.00,40대,1,0,0,0,4
12085,5.00,50대,0,0,1,0,5
12086,4.00,40대,0,1,0,0,5
12087,4.00,40대,0,1,1,0,4
12088,2.00,20대,1,1,0,0,5
12089,4.00,40대,1,1,0,0,4
12090,3.00,30대,1,1,0,0,5
12091,2.00,20대,0,1,0,0,4
12092,2.00,20대,1,1,0,0,5
12093,3.00,30대,0,1,0,1,5
12094,2.00,20대,1,1,0,0,5
12095,2.00,20대,1,1,0,1,5
12096,2.00,20대,0,1,1,0,4
12097,3.00,30대,0,1,0,0,4
12098,3.00,30대,1,1,0,0,4
12099,3.00,30대,1,0,0,0,4
12100,4.00,40대,1,1,1,0,4
12101,4.00,40대,0,0,1,0,5
12102,1.00,10대,0,1,0,0,4
12103,3.00,30대,0,1,0,0,5
12104,6.00,60대이상,0,1,0,0,4
12105,3.00,30대,1,1,0,0,4
12106,4.00,40대,1,0,0,0,5
12107,5.00,50대,1,0,0,0,4
12108,3.00,30대,0,0,0,1,5
12109,2.00,20대,1,0,0,0,5
12110,4.00,40대,1,0,0,0,5
12111,4.00,40대,1,1,0,0,3
12112,5.00,50대,0,0,0,0,5
12113,2.00,20대,1,0,0,0,4
12114,2.00,20대,1,1,0,0,4
12115,2.00,20대,1,0,0,0,4
12116,2.00,20대,1,0,0,0,4
12117,2.00,20대,0,0,0,0,4
12118,2.00,20대,0,0,0,0,4
12119,2.00,20대,1,1,0,0,5
12120,2.00,20대,1,1,0,0,4
12121,2.00,20대,0,0,0,0,5
12122,3.00,30대,1,0,0,0,4
12123,5.00,50대,0,0,0,0,5
12124,2.00,20대,0,1,0,0,4
12125,4.00,40대,1,0,0,0,5
12126,5.00,50대,1,0,0,0,5
12127,2.00,20대,0,1,0,0,5
12128,3.00,30대,0,0,0,0,4
12129,3.00,30대,0,1,0,0,4
12130,6.00,60대이상,1,1,0,0,5
12131,4.00,40대,1,0,1,0,5
12132,2.00,20대,0,1,1,0,4
12133,2.00,20대,1,1,0,0,5
12134,5.00,50대,0,1,0,0,4
12135,3.00,30대,1,1,1,0,4
12136,6.00,60대이상,1,0,0,0,4
12137,3.00,30대,0,1,0,0,4
12138,2.00,20대,0,1,0,0,4
12139,2.00,20대,1,1,0,0,5
12140,2.00,20대,1,1,0,0,5
12141,3.00,30대,0,1,0,0,4
12142,2.00,20대,1,1,0,0,4
12143,4.00,40대,1,1,1,0,4
12144,4.00,40대,0,1,0,0,4
12145,5.00,50대,0,1,0,0,5
12146,2.00,20대,0,1,0,0,4
12147,3.00,30대,0,1,0,0,4
12148,6.00,60대이상,1,1,0,0,5
12149,3.00,30대,0,1,0,0,4
12150,3.00,30대,0,1,0,0,5
12151,3.00,30대,1,1,0,1,5
12152,3.00,30대,1,1,0,0,4
12153,2.00,20대,0,1,0,0,4
12154,5.00,50대,0,0,0,0,4
12155,5.00,50대,0,1,0,0,5
12156,5.00,50대,0,0,0,0,5
12157,5.00,50대,1,1,0,0,5
12158,2.00,20대,0,1,0,0,4
12159,2.00,20대,1,1,0,1,5
12160,5.00,50대,1,0,0,0,4
12161,2.00,20대,1,1,0,0,5
12162,3.00,30대,1,1,0,0,4
12163,3.00,30대,1,1,0,0,4
12164,4.00,40대,0,0,0,0,4
12165,2.00,20대,1,1,0,1,5
12166,2.00,20대,1,1,0,0,5
12167,4.00,40대,1,1,0,0,4
12168,4.00,40대,1,1,0,0,4
12169,3.00,30대,0,1,1,0,5
12170,3.00,30대,1,0,0,1,5
12171,4.00,40대,1,1,0,0,5
12172,2.00,20대,1,0,0,0,4
12173,2.00,20대,0,1,0,1,5
12174,5.00,50대,1,0,0,0,5
12175,3.00,30대,0,0,1,0,5
12176,4.00,40대,0,1,0,0,5
12177,2.00,20대,1,1,0,0,5
12178,4.00,40대,1,1,0,0,4
12179,3.00,30대,0,0,0,0,5
12180,3.00,30대,1,1,0,0,5
12181,3.00,30대,0,0,1,0,4
12182,2.00,20대,0,0,1,0,5
12183,1.00,10대,0,1,0,0,5
12184,2.00,20대,0,0,1,0,5
12185,3.00,30대,0,1,0,0,4
12186,2.00,20대,0,0,0,0,5
12187,2.00,20대,1,1,0,0,5
12188,3.00,30대,1,1,0,0,5
12189,6.00,60대이상,1,1,0,0,5
12190,6.00,60대이상,1,1,0,0,5
12191,3.00,30대,1,1,0,0,5
12192,2.00,20대,1,1,0,1,5
12193,3.00,30대,1,1,0,0,5
12194,6.00,60대이상,0,1,0,0,4
12195,3.00,30대,1,1,0,0,5
12196,2.00,20대,0,0,0,0,5
12197,2.00,20대,1,1,0,0,5
12198,2.00,20대,0,1,0,0,5
12199,3.00,30대,1,1,0,1,4
12200,2.00,20대,0,0,1,0,5
12201,3.00,30대,0,1,0,0,5
12202,2.00,20대,0,1,1,0,4
12203,5.00,50대,1,1,0,0,5
12204,3.00,30대,1,1,0,0,5
12205,4.00,40대,0,1,0,0,4
12206,2.00,20대,1,1,1,0,5
12207,2.00,20대,0,1,0,0,5
12208,4.00,40대,0,1,0,0,5
12209,6.00,60대이상,0,1,0,0,5
12210,2.00,20대,0,1,0,0,5
12211,3.00,30대,0,1,0,0,5
12212,2.00,20대,0,1,0,0,5
12213,2.00,20대,1,1,0,0,4
12214,5.00,50대,1,1,0,0,5
12215,4.00,40대,0,1,0,0,5
12216,1.00,10대,1,1,0,0,5
12217,5.00,50대,1,1,0,0,5
12218,3.00,30대,1,1,0,0,4
12219,2.00,20대,0,0,1,0,4
12220,4.00,40대,0,0,1,0,4
12221,6.00,60대이상,0,1,0,0,5
12222,3.00,30대,0,1,0,0,5
12223,2.00,20대,0,0,1,0,5
12224,5.00,50대,1,1,0,0,5
12225,5.00,50대,0,1,0,0,5
12226,3.00,30대,0,1,0,0,5
12227,3.00,30대,0,0,1,0,5
12228,2.00,20대,0,1,0,0,5
12229,3.00,30대,0,0,1,0,5
12230,4.00,40대,0,1,0,0,4
12231,3.00,30대,1,1,0,0,5
12232,2.00,20대,0,1,0,0,5
12233,3.00,30대,1,0,0,0,5
12234,4.00,40대,0,1,0,0,5
12235,2.00,20대,0,0,0,1,5
12236,5.00,50대,1,1,0,0,5
12237,3.00,30대,1,1,0,0,5
12238,5.00,50대,1,1,0,0,5
12239,5.00,50대,1,1,0,0,5
12240,3.00,30대,0,1,1,0,5
12241,2.00,20대,0,0,0,0,5
12242,2.00,20대,0,0,1,0,5
12243,2.00,20대,1,0,0,0,5
12244,2.00,20대,1,0,1,0,4
12245,2.00,20대,0,1,1,0,5
12246,2.00,20대,0,0,1,0,5
12247,3.00,30대,0,1,0,0,4
12248,2.00,20대,0,0,0,0,4
12249,3.00,30대,0,0,0,1,5
12250,2.00,20대,0,0,0,1,5
12251,5.00,50대,1,1,0,0,5
12252,2.00,20대,1,1,0,0,5
12253,4.00,40대,0,1,0,0,5
12254,2.00,20대,0,1,0,0,5
12255,2.00,20대,0,1,0,0,5
12256,2.00,20대,1,1,0,0,5
12257,3.00,30대,0,0,1,0,5
12258,2.00,20대,1,0,0,0,5
12259,4.00,40대,1,1,0,0,4
12260,3.00,30대,0,1,0,0,5
12261,2.00,20대,0,1,1,0,4
12262,2.00,20대,1,1,1,0,5
12263,2.00,20대,1,1,0,0,5
12264,2.00,20대,1,1,0,0,5
12265,3.00,30대,0,1,0,0,5
12266,2.00,20대,1,1,0,0,5
12267,3.00,30대,1,1,0,0,5
12268,2.00,20대,1,1,1,0,5
12269,4.00,40대,1,1,1,0,5
12270,2.00,20대,1,1,0,0,5
12271,2.00,20대,1,1,0,0,5
12272,2.00,20대,1,1,0,0,5
12273,2.00,20대,1,1,0,0,5
12274,2.00,20대,0,1,0,0,5
12275,2.00,20대,0,0,0,0,5
12276,2.00,20대,1,1,0,0,4
12277,2.00,20대,0,0,1,0,5
12278,3.00,30대,0,0,0,1,5
12279,4.00,40대,1,1,0,0,5
12280,4.00,40대,0,1,0,0,5
12281,3.00,30대,1,1,0,0,5
12282,4.00,40대,1,0,0,0,5
12283,3.00,30대,1,0,0,0,5
12284,2.00,20대,0,1,1,0,5
12285,2.00,20대,1,1,0,0,5
12286,2.00,20대,1,1,0,0,5
12287,3.00,30대,0,1,0,0,5
12288,3.00,30대,1,1,0,0,5
12289,2.00,20대,1,1,0,0,4
12290,2.00,20대,1,0,0,1,5
12291,2.00,20대,1,1,0,0,4
12292,3.00,30대,1,1,0,0,5
12293,4.00,40대,0,1,0,0,5
12294,4.00,40대,0,0,0,0,4
12295,2.00,20대,0,1,0,0,4
12296,3.00,30대,1,1,0,1,5
12297,2.00,20대,0,1,0,0,4
12298,3.00,30대,0,0,0,0,4
12299,2.00,20대,1,1,0,0,4
12300,5.00,50대,1,0,0,1,5
12301,2.00,20대,0,0,0,0,4
12302,2.00,20대,0,1,0,0,4
12303,3.00,30대,1,1,0,0,5
12304,5.00,50대,1,1,0,0,5
12305,4.00,40대,1,0,0,0,5
12306,3.00,30대,1,1,1,0,4
12307,3.00,30대,0,1,1,0,5
12308,4.00,40대,0,1,1,0,4
12309,2.00,20대,1,1,0,0,4
12310,3.00,30대,0,1,0,1,4
12311,2.00,20대,0,1,1,0,4
12312,3.00,30대,1,1,0,1,5
12313,3.00,30대,0,1,0,0,4
12314,2.00,20대,1,1,0,0,5
12315,4.00,40대,1,0,0,0,4
12316,5.00,50대,0,1,1,0,4
12317,6.00,60대이상,1,1,0,0,5
12318,2.00,20대,1,1,0,0,4
12319,2.00,20대,0,1,0,1,5
12320,3.00,30대,1,1,0,0,4
12321,3.00,30대,1,0,0,0,5
12322,4.00,40대,1,1,0,0,4
12323,3.00,30대,1,1,0,0,5
12324,2.00,20대,0,1,0,1,5
12325,1.00,10대,1,1,0,0,5
12326,5.00,50대,1,1,1,0,5
12327,2.00,20대,1,1,0,0,3
12328,3.00,30대,1,0,1,0,4
12329,2.00,20대,1,0,0,0,4
12330,2.00,20대,0,1,0,0,5
12331,5.00,50대,1,0,0,0,5
12332,3.00,30대,1,1,0,0,4
12333,2.00,20대,1,1,0,0,5
12334,2.00,20대,0,0,1,0,5
12335,3.00,30대,0,1,0,0,5
12336,5.00,50대,1,1,0,0,5
12337,2.00,20대,0,1,0,0,4
12338,4.00,40대,0,1,0,0,4
12339,3.00,30대,1,1,0,0,5
12340,4.00,40대,0,1,1,0,4
12341,2.00,20대,1,1,0,0,5
12342,5.00,50대,0,1,0,0,4
12343,2.00,20대,1,1,0,0,5
12344,3.00,30대,0,1,0,0,5
12345,2.00,20대,0,1,0,0,5
12346,3.00,30대,1,1,0,0,5
12347,2.00,20대,0,0,0,0,4
12348,4.00,40대,1,1,0,0,4
12349,2.00,20대,0,1,0,0,4
12350,5.00,50대,0,1,0,1,3
12351,3.00,30대,1,1,0,0,5
12352,2.00,20대,1,1,0,0,4
12353,4.00,40대,1,1,0,1,5
12354,2.00,20대,1,1,0,0,5
12355,2.00,20대,1,1,1,0,5
12356,2.00,20대,1,1,0,0,5
12357,3.00,30대,0,1,0,0,4
12358,3.00,30대,1,1,0,0,5
12359,3.00,30대,1,1,0,0,4
12360,3.00,30대,1,1,0,0,5
12361,6.00,60대이상,1,1,0,0,5
12362,2.00,20대,0,1,0,1,4
12363,2.00,20대,1,0,1,0,4
12364,5.00,50대,1,1,0,0,5
12365,3.00,30대,0,1,0,0,5
12366,4.00,40대,0,1,0,0,5
12367,2.00,20대,1,0,0,0,4
12368,2.00,20대,1,0,0,0,5
12369,5.00,50대,1,0,0,0,5
12370,2.00,20대,1,1,0,0,4
12371,3.00,30대,1,1,0,0,4
12372,4.00,40대,1,0,0,0,4
12373,2.00,20대,1,1,0,1,4
12374,4.00,40대,1,1,0,0,4
12375,5.00,50대,1,0,1,0,5
12376,2.00,20대,1,1,1,0,5
12377,6.00,60대이상,0,0,1,0,5
12378,2.00,20대,1,1,0,0,4
12379,6.00,60대이상,0,1,0,0,3
12380,4.00,40대,1,0,1,0,5
12381,3.00,30대,1,1,0,1,4
12382,4.00,40대,0,0,0,0,5
12383,3.00,30대,1,0,0,1,4
12384,3.00,30대,1,0,0,0,4
12385,4.00,40대,1,1,1,0,5
12386,5.00,50대,0,1,0,0,4
12387,1.00,10대,1,1,0,0,5
12388,2.00,20대,0,1,0,0,5
12389,4.00,40대,1,1,0,0,5
12390,2.00,20대,1,1,0,0,5
12391,2.00,20대,0,1,0,0,5
12392,2.00,20대,0,1,0,0,5
12393,4.00,40대,1,1,0,0,5
12394,3.00,30대,1,1,0,0,5
12395,2.00,20대,0,1,0,0,5
12396,3.00,30대,0,1,1,0,5
12397,5.00,50대,1,1,0,0,4
12398,3.00,30대,1,1,0,0,5
12399,5.00,50대,1,1,0,0,4
12400,3.00,30대,0,1,0,0,5
12401,2.00,20대,1,1,0,0,5
12402,2.00,20대,1,1,0,1,5
12403,2.00,20대,0,1,0,0,5
12404,2.00,20대,1,1,0,0,5
12405,2.00,20대,1,0,0,0,5
12406,4.00,40대,0,0,0,1,5
12407,5.00,50대,1,1,1,0,4
12408,6.00,60대이상,0,0,0,0,4
12409,5.00,50대,1,1,0,0,5
12410,3.00,30대,1,1,0,0,5
12411,4.00,40대,0,1,0,0,4
12412,2.00,20대,0,1,0,0,5
12413,3.00,30대,0,1,0,0,5
12414,2.00,20대,1,0,0,0,3
12415,5.00,50대,1,1,0,0,3
12416,4.00,40대,0,1,1,0,4
12417,3.00,30대,1,1,0,0,5
12418,6.00,60대이상,0,1,0,0,5
12419,5.00,50대,0,0,0,0,5
12420,4.00,40대,0,0,0,1,4
12421,3.00,30대,0,1,0,0,4
12422,3.00,30대,1,1,0,0,5
12423,2.00,20대,1,1,0,0,5
12424,5.00,50대,0,0,0,0,5
12425,3.00,30대,0,1,0,0,5
12426,2.00,20대,1,0,0,1,5
12427,3.00,30대,0,1,0,0,5
12428,2.00,20대,1,1,0,0,5
12429,6.00,60대이상,0,0,0,0,4
12430,5.00,50대,1,1,0,0,3
12431,3.00,30대,1,1,0,1,5
12432,2.00,20대,1,1,0,0,5
12433,2.00,20대,0,1,0,1,5
12434,2.00,20대,1,1,0,0,5
12435,2.00,20대,1,1,0,1,5
12436,2.00,20대,1,1,0,0,4
12437,3.00,30대,1,1,0,0,5
12438,2.00,20대,1,1,0,0,5
12439,5.00,50대,1,1,1,0,5
12440,3.00,30대,0,0,1,0,3
12441,4.00,40대,0,1,0,1,5
12442,3.00,30대,1,0,1,0,5
12443,2.00,20대,1,1,0,0,5
12444,3.00,30대,0,1,0,0,4
12445,5.00,50대,1,1,0,0,4
12446,4.00,40대,1,1,0,0,5
12447,4.00,40대,1,1,0,0,5
12448,3.00,30대,1,1,0,0,5
12449,3.00,30대,0,1,0,0,5
12450,5.00,50대,1,0,0,0,5
12451,4.00,40대,1,1,0,0,5
12452,6.00,60대이상,0,1,1,0,5
12453,3.00,30대,0,1,0,0,5
12454,2.00,20대,0,1,0,0,4
12455,4.00,40대,0,0,0,0,4
12456,2.00,20대,1,0,0,1,5
12457,4.00,40대,0,1,0,0,5
12458,2.00,20대,1,1,0,0,5
12459,4.00,40대,0,0,1,0,5
12460,3.00,30대,1,0,0,0,4
12461,3.00,30대,0,1,0,0,5
12462,5.00,50대,1,1,0,1,5
12463,5.00,50대,1,1,0,0,4
12464,2.00,20대,1,1,0,0,5
12465,4.00,40대,1,1,0,0,5
12466,5.00,50대,0,0,0,0,5
12467,2.00,20대,1,1,0,0,5
12468,2.00,20대,0,1,0,0,4
12469,4.00,40대,0,1,1,0,4
12470,4.00,40대,1,1,0,0,5
12471,2.00,20대,1,1,0,0,5
12472,3.00,30대,1,0,0,0,5
12473,2.00,20대,1,1,0,0,5
12474,3.00,30대,1,1,0,0,5
12475,3.00,30대,0,1,0,0,4
12476,6.00,60대이상,1,1,0,1,5
12477,4.00,40대,0,0,0,1,5
12478,2.00,20대,1,1,0,0,5
12479,5.00,50대,0,1,0,0,4
12480,6.00,60대이상,1,1,0,0,4
12481,2.00,20대,1,1,0,0,5
12482,5.00,50대,1,0,1,0,4
12483,2.00,20대,0,1,0,0,5
12484,2.00,20대,0,1,1,0,5
12485,3.00,30대,0,0,0,0,5
12486,2.00,20대,0,1,0,0,4
12487,1.00,10대,1,1,0,1,5
12488,6.00,60대이상,0,0,0,0,4
12489,2.00,20대,1,1,0,0,4
12490,3.00,30대,0,1,0,0,5
12491,6.00,60대이상,0,0,0,0,3
12492,2.00,20대,0,1,1,0,5
12493,2.00,20대,0,0,1,0,5
12494,2.00,20대,1,1,1,0,5
12495,2.00,20대,1,1,0,0,4
12496,2.00,20대,1,1,0,1,5
12497,4.00,40대,0,0,0,0,5
12498,5.00,50대,1,1,0,0,5
12499,2.00,20대,1,1,0,0,5
12500,2.00,20대,0,1,0,0,4
12501,6.00,60대이상,0,1,0,0,4
12502,2.00,20대,0,0,1,0,5
12503,5.00,50대,1,1,1,0,5
12504,3.00,30대,1,1,0,0,5
12505,4.00,40대,1,1,0,1,4
12506,5.00,50대,0,0,0,0,5
12507,2.00,20대,0,1,0,0,5
12508,3.00,30대,1,1,0,0,5
12509,4.00,40대,1,1,0,0,5
12510,2.00,20대,1,1,0,1,5
12511,3.00,30대,0,1,0,0,4
12512,5.00,50대,1,1,0,0,5
12513,3.00,30대,0,1,0,0,5
12514,2.00,20대,1,1,0,0,4
12515,2.00,20대,1,1,0,0,3
12516,4.00,40대,1,1,0,0,5
12517,2.00,20대,1,1,0,0,5
12518,2.00,20대,1,1,1,0,4
12519,6.00,60대이상,0,1,0,0,4
12520,2.00,20대,1,1,0,0,5
12521,2.00,20대,1,1,1,0,4
12522,2.00,20대,0,1,0,0,5
12523,3.00,30대,1,1,1,0,5
12524,3.00,30대,0,1,1,0,5
12525,4.00,40대,0,1,0,0,5
12526,3.00,30대,0,1,0,0,5
12527,2.00,20대,0,1,0,0,5
12528,3.00,30대,1,1,0,0,4
12529,2.00,20대,1,1,0,0,5
12530,3.00,30대,1,1,0,0,5
12531,4.00,40대,1,1,1,0,5
12532,2.00,20대,1,1,0,0,5
12533,2.00,20대,1,1,0,1,5
12534,3.00,30대,1,1,0,0,5
12535,4.00,40대,0,1,0,0,5
12536,2.00,20대,0,1,0,0,5
12537,4.00,40대,1,1,0,0,5
12538,2.00,20대,1,1,0,0,4
12539,4.00,40대,1,0,0,0,5
12540,5.00,50대,1,1,0,0,4
12541,2.00,20대,1,1,0,0,4
12542,2.00,20대,1,1,0,0,4
12543,2.00,20대,1,1,0,0,5
12544,2.00,20대,0,1,0,0,3
12545,5.00,50대,1,1,1,0,4
12546,3.00,30대,1,1,0,1,5
12547,6.00,60대이상,0,0,0,0,5
12548,5.00,50대,1,1,0,1,5
12549,2.00,20대,1,1,1,0,4
12550,5.00,50대,1,1,0,0,5
12551,4.00,40대,1,1,0,0,5
12552,6.00,60대이상,0,1,0,0,4
12553,3.00,30대,1,1,1,0,5
12554,3.00,30대,1,1,0,0,5
12555,4.00,40대,1,1,0,0,4
12556,4.00,40대,0,1,0,0,5
12557,5.00,50대,1,1,1,0,5
12558,3.00,30대,0,1,1,0,3
12559,3.00,30대,1,1,0,0,5
12560,6.00,60대이상,1,0,0,1,4
12561,5.00,50대,0,1,0,1,5
12562,3.00,30대,1,1,0,0,4
12563,3.00,30대,1,1,0,0,3
12564,3.00,30대,0,1,0,0,5
12565,2.00,20대,0,1,1,0,5
12566,3.00,30대,1,1,0,0,5
12567,6.00,60대이상,0,1,0,1,5
12568,2.00,20대,0,1,0,1,5
12569,2.00,20대,1,1,0,0,5
12570,5.00,50대,1,1,1,0,4
12571,5.00,50대,0,1,1,0,5
12572,2.00,20대,1,1,0,0,5
12573,1.00,10대,1,0,0,0,5
12574,5.00,50대,1,1,0,0,5
12575,6.00,60대이상,1,1,0,0,5
12576,3.00,30대,0,1,0,0,5
12577,3.00,30대,0,1,0,0,4
12578,2.00,20대,1,1,0,1,5
12579,2.00,20대,0,1,1,0,5
12580,3.00,30대,1,1,0,0,5
12581,4.00,40대,1,1,0,0,5
12582,5.00,50대,1,1,0,0,5
12583,2.00,20대,0,1,0,0,5
12584,5.00,50대,0,1,0,0,4
12585,2.00,20대,0,0,0,0,5
12586,4.00,40대,0,1,0,0,5
12587,4.00,40대,0,1,1,0,5
12588,2.00,20대,1,1,0,0,4
12589,3.00,30대,1,1,1,0,5
12590,4.00,40대,0,1,0,0,5
12591,2.00,20대,1,1,0,0,5
12592,4.00,40대,1,1,0,0,4
12593,3.00,30대,0,1,0,0,5
12594,4.00,40대,1,1,0,0,5
12595,3.00,30대,1,1,0,0,5
12596,2.00,20대,1,1,1,0,5
12597,2.00,20대,1,1,0,0,5
12598,2.00,20대,1,1,0,0,5
12599,2.00,20대,1,1,0,0,4
12600,2.00,20대,1,1,0,0,5
12601,3.00,30대,1,1,0,0,5
12602,2.00,20대,0,1,0,0,5
12603,3.00,30대,1,1,0,0,5
12604,3.00,30대,0,1,1,0,5
12605,2.00,20대,0,1,0,0,5
12606,2.00,20대,1,1,0,0,5
12607,2.00,20대,0,1,0,0,5
12608,3.00,30대,1,1,1,0,4
12609,1.00,10대,0,0,0,0,5
12610,3.00,30대,1,1,0,0,5
12611,3.00,30대,0,1,0,0,5
12612,5.00,50대,0,1,0,0,5
12613,3.00,30대,0,1,0,0,4
12614,2.00,20대,1,1,0,0,5
12615,5.00,50대,1,1,0,0,5
12616,4.00,40대,1,1,0,0,3
12617,2.00,20대,0,1,0,0,5
12618,3.00,30대,0,1,0,0,4
12619,5.00,50대,1,1,0,0,5
12620,2.00,20대,1,1,1,0,4
12621,5.00,50대,1,1,0,0,5
12622,2.00,20대,0,1,1,0,5
12623,2.00,20대,0,1,0,0,5
12624,3.00,30대,0,1,0,0,5
12625,4.00,40대,1,1,0,0,4
12626,4.00,40대,0,1,0,0,5
12627,6.00,60대이상,0,1,0,0,5
12628,2.00,20대,0,1,0,0,5
12629,2.00,20대,0,1,0,0,5
12630,5.00,50대,1,1,1,0,3
12631,3.00,30대,1,1,0,0,5
12632,3.00,30대,1,1,0,0,4
12633,3.00,30대,0,1,0,0,4
12634,2.00,20대,1,1,0,0,5
12635,2.00,20대,1,1,0,0,5
12636,2.00,20대,0,1,0,0,4
12637,4.00,40대,0,1,0,0,5
12638,3.00,30대,1,1,0,0,4
12639,4.00,40대,1,1,0,0,5
12640,2.00,20대,0,1,0,0,5
12641,6.00,60대이상,0,1,0,0,4
12642,2.00,20대,1,0,0,0,5
12643,5.00,50대,0,1,0,0,5
12644,4.00,40대,0,1,0,1,5
12645,5.00,50대,0,0,0,0,5
12646,2.00,20대,0,1,0,0,4
12647,5.00,50대,0,1,0,0,3
12648,4.00,40대,0,1,0,0,5
12649,3.00,30대,1,0,0,0,5
12650,4.00,40대,1,1,0,0,5
12651,3.00,30대,1,0,1,0,5
12652,4.00,40대,0,0,0,0,5
12653,3.00,30대,1,1,0,0,5
12654,2.00,20대,1,1,0,0,4
12655,6.00,60대이상,0,0,0,0,3
12656,5.00,50대,0,0,0,0,5
12657,2.00,20대,0,1,0,0,5
12658,2.00,20대,1,1,1,0,5
12659,4.00,40대,1,1,0,0,5
12660,2.00,20대,1,1,1,0,5
12661,4.00,40대,0,1,0,0,3
12662,3.00,30대,1,1,0,0,5
12663,2.00,20대,1,1,0,0,5
12664,2.00,20대,1,1,0,0,5
12665,2.00,20대,0,1,0,0,5
12666,2.00,20대,0,1,1,0,5
12667,3.00,30대,0,1,0,0,5
12668,4.00,40대,1,1,0,0,5
12669,3.00,30대,0,1,0,0,5
12670,3.00,30대,0,1,0,0,4
12671,2.00,20대,0,1,0,0,4
12672,2.00,20대,0,1,0,0,5
12673,2.00,20대,0,1,0,0,5
12674,1.00,10대,1,1,0,0,4
12675,1.00,10대,1,1,0,0,4
12676,2.00,20대,1,1,0,1,5
12677,3.00,30대,0,1,0,0,4
12678,2.00,20대,0,0,0,0,5
12679,1.00,10대,1,1,0,0,4
12680,2.00,20대,1,0,0,0,4
12681,2.00,20대,1,1,0,0,5
12682,2.00,20대,0,1,0,0,5
12683,2.00,20대,1,1,0,0,4
12684,6.00,60대이상,1,0,0,0,4
12685,2.00,20대,0,1,0,0,5
12686,4.00,40대,0,1,0,0,5
12687,3.00,30대,0,1,0,0,5
12688,2.00,20대,1,1,0,0,5
12689,3.00,30대,1,1,0,0,5
12690,2.00,20대,0,0,1,0,5
12691,3.00,30대,1,1,0,0,5
12692,3.00,30대,1,1,1,0,4
12693,3.00,30대,1,0,0,0,4
12694,4.00,40대,1,1,0,0,5
12695,3.00,30대,1,0,0,0,5
12696,2.00,20대,1,1,0,0,5
12697,2.00,20대,1,1,0,1,5
12698,6.00,60대이상,0,0,0,1,4
12699,2.00,20대,0,0,0,0,4
12700,3.00,30대,0,1,0,0,4
12701,4.00,40대,0,1,0,0,4
12702,3.00,30대,0,1,0,0,5
12703,5.00,50대,1,1,1,0,5
12704,3.00,30대,0,1,0,1,5
12705,2.00,20대,1,1,0,1,5
12706,5.00,50대,0,1,0,0,4
12707,4.00,40대,1,1,0,0,5
12708,3.00,30대,0,1,0,0,5
12709,2.00,20대,1,1,0,1,4
12710,2.00,20대,1,1,1,0,5
12711,3.00,30대,1,1,0,0,5
12712,5.00,50대,1,1,0,0,4
12713,5.00,50대,1,1,0,0,5
12714,3.00,30대,1,0,1,0,4
12715,3.00,30대,1,1,0,0,4
12716,2.00,20대,0,1,0,0,5
12717,3.00,30대,0,1,1,0,4
12718,5.00,50대,0,1,0,0,4
12719,3.00,30대,1,0,0,0,5
12720,3.00,30대,0,1,1,0,5
12721,4.00,40대,0,1,1,0,5
12722,2.00,20대,1,1,1,0,5
12723,2.00,20대,1,1,0,0,5
12724,4.00,40대,0,1,0,0,4
12725,3.00,30대,0,1,1,0,4
12726,2.00,20대,1,1,0,1,5
12727,2.00,20대,1,1,0,0,4
12728,5.00,50대,1,0,1,0,4
12729,3.00,30대,1,1,0,0,4
12730,2.00,20대,1,1,1,0,5
12731,3.00,30대,1,1,0,0,4
12732,3.00,30대,0,1,0,1,4
12733,2.00,20대,0,1,0,0,5
12734,2.00,20대,1,1,0,0,5
12735,2.00,20대,0,1,0,0,5
12736,3.00,30대,1,1,0,0,5
12737,2.00,20대,0,1,0,0,5
12738,2.00,20대,0,1,0,0,5
12739,5.00,50대,1,1,0,0,5
12740,5.00,50대,1,1,0,0,4
12741,3.00,30대,1,1,0,0,5
12742,2.00,20대,1,1,0,0,5
12743,4.00,40대,1,1,0,1,5
12744,4.00,40대,0,1,0,0,5
12745,4.00,40대,0,1,0,1,5
12746,3.00,30대,0,1,1,0,5
12747,3.00,30대,1,1,1,0,5
12748,2.00,20대,1,0,1,0,4
12749,3.00,30대,0,1,0,0,5
12750,4.00,40대,0,1,0,0,3
12751,2.00,20대,1,1,0,0,5
12752,2.00,20대,0,0,0,1,4
12753,3.00,30대,0,1,0,0,4
12754,5.00,50대,1,1,0,1,5
12755,2.00,20대,0,0,0,0,4
12756,4.00,40대,1,1,0,0,5
12757,2.00,20대,1,1,0,1,5
12758,4.00,40대,1,1,1,0,4
12759,2.00,20대,0,0,0,0,5
12760,2.00,20대,1,1,0,1,4
12761,4.00,40대,0,0,1,0,5
12762,4.00,40대,0,1,0,1,4
12763,2.00,20대,1,1,0,0,4
12764,3.00,30대,0,1,0,0,5
12765,4.00,40대,0,1,0,0,5
12766,2.00,20대,0,1,0,0,5
12767,5.00,50대,1,1,0,1,5
12768,2.00,20대,0,1,0,0,4
12769,3.00,30대,1,1,0,0,3
12770,5.00,50대,1,1,0,0,5
12771,4.00,40대,1,1,1,0,5
12772,3.00,30대,1,1,0,0,5
12773,2.00,20대,1,1,0,0,5
12774,4.00,40대,0,0,0,0,4
12775,2.00,20대,1,1,0,0,5
12776,5.00,50대,0,0,0,1,5
12777,5.00,50대,0,0,0,0,5
12778,3.00,30대,0,0,0,0,5
12779,5.00,50대,0,0,0,0,3
12780,3.00,30대,1,1,0,0,4
12781,2.00,20대,0,0,0,0,5
12782,2.00,20대,1,0,0,0,4
12783,4.00,40대,0,0,0,0,5
12784,4.00,40대,0,1,0,0,4
12785,2.00,20대,0,1,0,0,5
12786,2.00,20대,0,1,1,0,5
12787,3.00,30대,0,1,0,0,5
12788,2.00,20대,0,1,0,0,5
12789,2.00,20대,0,1,1,0,5
12790,3.00,30대,1,1,0,0,5
12791,2.00,20대,0,1,0,0,4
12792,2.00,20대,1,1,0,1,5
12793,2.00,20대,1,1,0,0,4
12794,4.00,40대,1,1,0,0,4
12795,2.00,20대,1,1,0,0,5
12796,3.00,30대,0,1,0,0,5
12797,3.00,30대,0,1,1,0,5
12798,3.00,30대,0,1,1,0,5
12799,4.00,40대,0,1,1,0,5
12800,4.00,40대,1,1,1,0,5
12801,3.00,30대,1,1,0,0,5
12802,3.00,30대,0,1,0,1,5
12803,2.00,20대,1,1,1,0,5
12804,2.00,20대,0,1,0,0,5
12805,5.00,50대,0,1,0,0,5
12806,3.00,30대,1,1,0,0,5
12807,3.00,30대,1,1,0,0,5
12808,5.00,50대,1,1,0,0,4
12809,3.00,30대,1,1,1,0,5
12810,4.00,40대,1,1,0,0,5
12811,2.00,20대,0,1,0,1,5
12812,5.00,50대,1,1,0,0,5
12813,5.00,50대,1,1,1,0,5
12814,3.00,30대,0,1,1,0,5
12815,2.00,20대,0,1,0,0,5
12816,2.00,20대,0,1,0,0,5
12817,2.00,20대,0,1,0,0,5
12818,4.00,40대,0,1,1,0,5
12819,3.00,30대,0,1,0,0,5
12820,3.00,30대,1,1,0,0,5
12821,2.00,20대,1,1,0,1,5
12822,5.00,50대,1,1,0,0,5
12823,4.00,40대,1,1,0,1,5
12824,2.00,20대,0,1,0,0,4
12825,3.00,30대,0,1,0,0,5
12826,1.00,10대,1,1,0,0,4
12827,2.00,20대,1,1,0,1,4
12828,2.00,20대,1,1,0,0,4
12829,2.00,20대,1,0,0,0,5
12830,3.00,30대,1,1,0,0,4
12831,2.00,20대,1,1,0,0,5
12832,2.00,20대,1,1,0,0,3
12833,4.00,40대,0,1,1,0,5
12834,2.00,20대,1,1,0,0,5
12835,5.00,50대,0,0,0,1,4
12836,2.00,20대,0,1,0,0,4
12837,4.00,40대,1,1,0,0,5
12838,5.00,50대,1,1,0,0,5
12839,4.00,40대,0,1,1,0,4
12840,2.00,20대,0,1,0,0,5
12841,4.00,40대,0,1,0,0,5
12842,3.00,30대,1,1,0,0,5
12843,5.00,50대,1,1,0,0,5
12844,6.00,60대이상,1,1,0,0,5
12845,5.00,50대,0,1,0,0,5
12846,2.00,20대,1,1,0,1,5
12847,2.00,20대,1,1,0,0,5
12848,5.00,50대,1,1,0,0,5
12849,2.00,20대,1,1,0,1,5
12850,3.00,30대,1,1,0,0,5
12851,3.00,30대,0,1,0,0,4
12852,5.00,50대,0,1,0,0,5
12853,5.00,50대,1,1,0,0,5
12854,5.00,50대,1,1,0,0,5
12855,2.00,20대,1,1,0,0,5
12856,3.00,30대,1,1,0,0,5
12857,2.00,20대,1,1,0,0,5
12858,5.00,50대,1,1,0,0,5
12859,2.00,20대,0,1,0,0,4
12860,5.00,50대,1,1,0,0,4
12861,2.00,20대,1,1,1,0,5
12862,5.00,50대,1,1,0,0,5
12863,4.00,40대,1,1,0,1,5
12864,5.00,50대,1,1,0,0,4
12865,4.00,40대,0,1,0,0,5
12866,2.00,20대,1,1,0,0,4
12867,4.00,40대,1,1,0,0,3
12868,2.00,20대,1,1,0,0,3
12869,3.00,30대,1,1,0,0,5
12870,3.00,30대,1,1,0,0,5
12871,3.00,30대,0,1,0,0,5
12872,3.00,30대,0,1,1,0,5
12873,3.00,30대,1,1,0,0,5
12874,2.00,20대,1,1,1,0,4
12875,3.00,30대,1,1,1,0,5
12876,6.00,60대이상,1,1,0,0,5
12877,3.00,30대,0,1,0,0,5
12878,2.00,20대,0,1,1,0,5
12879,3.00,30대,0,1,0,0,4
12880,4.00,40대,1,1,0,0,5
12881,2.00,20대,1,1,0,0,5
12882,2.00,20대,1,1,0,0,5
12883,2.00,20대,1,1,1,0,5
12884,4.00,40대,0,1,0,0,5
12885,3.00,30대,1,1,0,0,5
12886,1.00,10대,1,1,0,0,4
12887,2.00,20대,0,1,0,0,5
12888,2.00,20대,1,0,0,0,5
12889,3.00,30대,1,1,0,0,5
12890,3.00,30대,0,0,1,0,4
12891,2.00,20대,1,1,0,0,4
12892,3.00,30대,1,1,0,0,4
12893,5.00,50대,0,0,0,0,5
12894,2.00,20대,1,1,0,0,4
12895,5.00,50대,0,1,0,0,5
12896,3.00,30대,1,0,1,0,5
12897,3.00,30대,0,0,0,0,4
12898,6.00,60대이상,1,1,0,0,4
12899,4.00,40대,0,0,0,1,5
12900,2.00,20대,0,1,0,0,5
12901,2.00,20대,0,0,0,0,5
12902,6.00,60대이상,1,0,0,0,4
12903,2.00,20대,0,0,0,0,4
12904,2.00,20대,0,0,0,1,5
12905,4.00,40대,1,0,0,0,5
12906,3.00,30대,0,1,0,0,5
12907,2.00,20대,1,1,0,0,4
12908,3.00,30대,0,1,0,0,5
12909,2.00,20대,1,1,0,0,5
12910,3.00,30대,0,1,0,0,5
12911,2.00,20대,1,1,0,0,4
12912,4.00,40대,1,1,0,1,5
12913,2.00,20대,0,1,0,0,4
12914,2.00,20대,1,1,0,0,5
12915,2.00,20대,0,1,0,0,4
12916,2.00,20대,0,1,0,1,5
12917,5.00,50대,1,1,0,0,4
12918,3.00,30대,0,1,0,0,5
12919,5.00,50대,0,1,0,0,4
12920,2.00,20대,0,1,0,0,3
12921,5.00,50대,1,1,0,0,4
12922,5.00,50대,1,1,0,0,4
12923,3.00,30대,0,1,0,0,5
12924,5.00,50대,1,1,0,0,5
12925,5.00,50대,0,1,0,0,4
12926,5.00,50대,1,1,0,1,4
12927,4.00,40대,0,1,0,0,5
12928,3.00,30대,1,1,0,0,5
12929,2.00,20대,0,1,0,0,4
12930,2.00,20대,0,1,0,0,5
12931,4.00,40대,1,1,0,0,5
12932,3.00,30대,1,1,1,0,4
12933,2.00,20대,1,1,1,0,5
12934,2.00,20대,1,1,0,0,5
12935,3.00,30대,0,0,0,0,5
12936,4.00,40대,1,1,1,0,5
12937,6.00,60대이상,0,1,0,0,4
12938,5.00,50대,1,1,0,0,5
12939,2.00,20대,0,1,0,0,5
12940,4.00,40대,1,1,0,0,5
12941,3.00,30대,1,1,0,0,5
12942,3.00,30대,1,1,0,0,5
12943,3.00,30대,1,1,0,0,5
12944,3.00,30대,1,1,0,0,4
12945,2.00,20대,1,1,0,0,5
12946,2.00,20대,1,1,0,1,4
12947,2.00,20대,1,1,0,0,5
12948,2.00,20대,1,1,1,0,4
12949,4.00,40대,1,1,1,0,5
12950,6.00,60대이상,0,0,0,0,4
12951,2.00,20대,1,1,0,0,5
12952,2.00,20대,1,1,0,0,5
12953,2.00,20대,1,1,0,0,5
12954,5.00,50대,1,1,0,0,4
12955,5.00,50대,0,0,1,0,5
12956,5.00,50대,1,1,0,0,4
12957,2.00,20대,0,1,0,0,5
12958,2.00,20대,1,1,0,0,5
12959,4.00,40대,1,0,0,0,5
12960,3.00,30대,1,1,0,0,5
12961,3.00,30대,1,1,0,0,5
12962,5.00,50대,1,1,0,0,4
12963,4.00,40대,0,1,1,0,5
12964,2.00,20대,1,1,0,0,5
12965,4.00,40대,1,1,0,0,4
12966,4.00,40대,1,1,0,0,5
12967,2.00,20대,1,1,0,0,4
12968,2.00,20대,1,1,0,0,5
12969,4.00,40대,1,1,0,0,5
12970,3.00,30대,1,1,0,0,4
12971,2.00,20대,1,1,0,1,5
12972,2.00,20대,1,1,0,0,5
12973,3.00,30대,1,0,0,0,5
12974,3.00,30대,0,1,0,1,5
12975,2.00,20대,0,1,0,1,4
12976,2.00,20대,1,0,0,0,5
12977,3.00,30대,0,1,0,0,5
12978,4.00,40대,0,0,1,0,5
12979,3.00,30대,1,1,0,0,5
12980,2.00,20대,0,1,0,0,5
12981,2.00,20대,1,1,0,1,5
12982,2.00,20대,1,1,0,0,4
12983,2.00,20대,1,1,0,0,3
12984,2.00,20대,0,1,0,0,4
12985,3.00,30대,1,1,1,0,4
12986,2.00,20대,1,1,0,0,4
12987,3.00,30대,1,1,1,0,4
12988,2.00,20대,1,1,0,0,4
12989,5.00,50대,0,1,0,0,4
12990,4.00,40대,0,1,0,0,5
12991,4.00,40대,1,1,0,0,4
12992,2.00,20대,0,1,0,0,4
12993,3.00,30대,0,1,1,0,4
12994,4.00,40대,0,1,0,0,3
12995,4.00,40대,0,1,0,0,4
12996,2.00,20대,0,1,0,0,3
12997,3.00,30대,0,1,0,0,4
12998,4.00,40대,0,1,0,0,4
12999,3.00,30대,0,1,0,0,4
13000,2.00,20대,0,1,0,0,4
13001,2.00,20대,0,0,0,0,4
13002,2.00,20대,0,1,0,1,4
13003,2.00,20대,0,1,0,0,5
13004,2.00,20대,1,0,0,0,4
13005,4.00,40대,0,1,1,0,5
13006,5.00,50대,0,0,1,0,4
13007,4.00,40대,1,1,0,1,5
13008,5.00,50대,1,0,0,1,5
13009,5.00,50대,1,1,1,0,5
13010,4.00,40대,1,1,0,0,4
13011,2.00,20대,1,1,0,0,4
13012,2.00,20대,1,1,1,0,5
13013,6.00,60대이상,1,1,0,1,5
13014,3.00,30대,0,1,0,0,4
13015,2.00,20대,1,1,0,0,4
13016,3.00,30대,1,0,0,0,4
13017,2.00,20대,0,1,1,0,5
13018,4.00,40대,0,1,0,0,5
13019,4.00,40대,1,0,1,0,4
13020,3.00,30대,0,1,0,0,5
13021,3.00,30대,0,1,0,0,5
13022,5.00,50대,0,1,0,0,5
13023,3.00,30대,0,1,0,0,5
13024,4.00,40대,0,1,0,0,5
13025,3.00,30대,0,1,0,1,4
13026,5.00,50대,1,1,0,0,5
13027,2.00,20대,1,1,0,1,5
13028,5.00,50대,0,1,0,0,5
13029,2.00,20대,1,1,0,0,5
13030,2.00,20대,0,1,0,0,5
13031,4.00,40대,0,1,0,0,5
13032,3.00,30대,0,1,0,0,5
13033,2.00,20대,1,1,0,0,5
13034,2.00,20대,1,1,0,0,5
13035,5.00,50대,0,0,0,0,5
13036,4.00,40대,0,1,0,0,4
13037,3.00,30대,1,0,0,0,4
13038,2.00,20대,1,1,1,0,4
13039,2.00,20대,0,1,0,0,4
13040,3.00,30대,0,0,0,0,3
13041,3.00,30대,1,1,0,0,4
13042,6.00,60대이상,1,0,0,0,5
13043,3.00,30대,0,1,0,0,5
13044,5.00,50대,0,0,0,0,4
13045,5.00,50대,1,0,0,0,5
13046,3.00,30대,1,1,0,0,5
13047,4.00,40대,0,0,0,0,5
13048,2.00,20대,1,1,0,0,5
13049,4.00,40대,0,0,0,1,5
13050,2.00,20대,1,1,0,0,4
13051,2.00,20대,0,1,0,0,5
13052,2.00,20대,1,1,0,0,5
13053,6.00,60대이상,0,0,0,1,4
13054,4.00,40대,1,1,0,0,5
13055,2.00,20대,1,1,0,0,5
13056,2.00,20대,1,1,0,0,5
13057,1.00,10대,1,1,0,0,5
13058,2.00,20대,0,1,0,0,5
13059,2.00,20대,1,1,0,0,5
13060,5.00,50대,1,1,1,0,5
13061,2.00,20대,1,1,0,0,5
13062,2.00,20대,0,0,1,0,5
13063,2.00,20대,0,1,0,0,5
13064,5.00,50대,0,0,0,0,4
13065,2.00,20대,0,1,0,1,5
13066,3.00,30대,1,1,0,0,5
13067,2.00,20대,1,0,0,0,4
13068,2.00,20대,1,1,1,0,5
13069,2.00,20대,0,1,0,0,5
13070,3.00,30대,1,1,0,0,5
13071,3.00,30대,1,1,0,0,5
13072,5.00,50대,1,0,1,0,5
13073,2.00,20대,1,1,0,0,3
13074,2.00,20대,1,1,0,0,5
13075,3.00,30대,1,1,0,0,5
13076,4.00,40대,1,1,0,0,5
13077,4.00,40대,0,1,0,0,4
13078,4.00,40대,1,1,0,0,5
13079,3.00,30대,0,1,0,0,5
13080,5.00,50대,0,1,0,0,5
13081,2.00,20대,1,1,0,1,5
13082,5.00,50대,0,0,0,1,4
13083,3.00,30대,0,1,0,1,5
13084,3.00,30대,1,1,0,0,5
13085,4.00,40대,0,1,0,0,4
13086,2.00,20대,1,1,0,0,4
13087,4.00,40대,0,1,0,0,5
13088,2.00,20대,1,1,0,1,4
13089,2.00,20대,1,1,0,0,4
13090,2.00,20대,0,1,0,0,5
13091,3.00,30대,0,1,0,0,5
13092,4.00,40대,1,1,0,0,4
13093,3.00,30대,1,1,0,0,5
13094,2.00,20대,0,1,0,0,5
13095,4.00,40대,1,1,0,0,4
13096,2.00,20대,0,0,0,0,4
13097,3.00,30대,1,0,0,0,5
13098,2.00,20대,1,1,0,0,4
13099,3.00,30대,0,1,0,0,5
13100,3.00,30대,1,0,0,0,5
13101,2.00,20대,1,1,0,0,4
13102,1.00,10대,1,1,0,0,5
13103,3.00,30대,0,0,0,1,4
13104,4.00,40대,1,0,0,0,5
13105,2.00,20대,0,1,0,0,5
13106,2.00,20대,1,1,0,0,4
13107,2.00,20대,1,0,0,0,5
13108,4.00,40대,0,0,0,1,4
13109,2.00,20대,0,1,0,0,5
13110,6.00,60대이상,1,1,0,0,4
13111,3.00,30대,1,1,0,0,5
13112,6.00,60대이상,1,1,0,0,4
13113,2.00,20대,0,1,0,0,4
13114,3.00,30대,1,1,0,0,5
13115,3.00,30대,1,1,0,0,4
13116,4.00,40대,0,0,0,1,3
13117,6.00,60대이상,1,1,0,0,4
13118,2.00,20대,1,1,1,0,5
13119,3.00,30대,1,1,0,0,5
13120,5.00,50대,1,1,0,0,5
13121,4.00,40대,0,1,0,0,5
13122,2.00,20대,1,1,0,1,5
13123,4.00,40대,1,1,1,0,5
13124,3.00,30대,0,1,0,0,3
13125,3.00,30대,0,1,0,0,5
13126,2.00,20대,1,1,0,0,5
13127,2.00,20대,0,1,0,0,5
13128,4.00,40대,1,1,0,0,3
13129,4.00,40대,0,1,0,0,5
13130,2.00,20대,0,0,0,0,5
13131,3.00,30대,0,1,0,0,4
13132,3.00,30대,0,1,0,0,5
13133,2.00,20대,1,1,0,0,5
13134,3.00,30대,1,1,0,0,4
13135,2.00,20대,1,1,0,0,5
13136,4.00,40대,0,1,0,0,4
13137,5.00,50대,1,1,0,0,4
13138,2.00,20대,1,1,0,0,5
13139,3.00,30대,0,1,0,0,3
13140,4.00,40대,1,1,0,0,4
13141,1.00,10대,0,1,1,0,5
13142,2.00,20대,0,1,0,1,3
13143,5.00,50대,1,1,0,0,5
13144,3.00,30대,1,1,0,0,5
13145,2.00,20대,1,1,0,0,5
13146,2.00,20대,0,1,1,0,5
13147,4.00,40대,1,1,0,0,5
13148,2.00,20대,0,1,0,0,5
13149,3.00,30대,0,1,0,0,4
13150,1.00,10대,0,1,0,0,5
13151,3.00,30대,1,1,0,0,4
13152,5.00,50대,1,1,0,0,5
13153,2.00,20대,0,1,0,0,5
13154,3.00,30대,0,1,0,0,5
13155,5.00,50대,0,0,0,0,3
13156,4.00,40대,0,1,0,0,5
13157,4.00,40대,0,1,0,0,5
13158,2.00,20대,1,1,0,0,4
13159,4.00,40대,0,0,0,0,5
13160,3.00,30대,0,1,0,0,5
13161,2.00,20대,0,1,0,0,5
13162,5.00,50대,0,1,0,0,5
13163,3.00,30대,0,0,0,0,5
13164,2.00,20대,0,0,0,0,3
13165,3.00,30대,1,1,0,0,5
13166,2.00,20대,1,1,0,1,5
13167,3.00,30대,0,0,1,0,5
13168,2.00,20대,0,1,0,0,5
13169,2.00,20대,0,1,0,0,5
13170,4.00,40대,1,1,0,0,5
13171,2.00,20대,1,1,0,0,4
13172,2.00,20대,0,0,1,0,5
13173,3.00,30대,1,1,0,0,5
13174,2.00,20대,0,0,1,0,5
13175,5.00,50대,1,1,0,0,5
13176,2.00,20대,0,0,1,0,5
13177,4.00,40대,1,1,0,0,4
13178,2.00,20대,0,0,0,0,5
13179,2.00,20대,0,0,1,0,5
13180,4.00,40대,1,1,0,0,4
13181,5.00,50대,0,1,0,0,5
13182,3.00,30대,0,0,0,0,5
13183,3.00,30대,1,0,0,0,5
13184,3.00,30대,0,0,0,0,5
13185,2.00,20대,1,1,0,0,4
13186,3.00,30대,1,1,0,0,5
13187,3.00,30대,1,1,0,1,5
13188,3.00,30대,0,0,1,0,5
13189,2.00,20대,0,1,0,0,4
13190,3.00,30대,0,0,0,1,5
13191,5.00,50대,0,1,0,0,4
13192,4.00,40대,1,1,0,0,5
13193,2.00,20대,0,0,1,0,4
13194,2.00,20대,1,1,0,0,5
13195,5.00,50대,1,1,0,1,5
13196,3.00,30대,0,0,0,0,5
13197,2.00,20대,0,1,0,0,5
13198,3.00,30대,1,1,0,0,5
13199,2.00,20대,0,1,0,0,5
13200,3.00,30대,0,1,0,0,4
13201,2.00,20대,1,1,0,0,5
13202,3.00,30대,0,0,0,0,5
13203,4.00,40대,1,1,1,0,5
13204,5.00,50대,1,1,0,0,5
13205,3.00,30대,0,1,0,0,5
13206,2.00,20대,0,1,0,0,4
13207,2.00,20대,1,1,0,0,4
13208,4.00,40대,0,1,0,0,5
13209,2.00,20대,1,1,0,1,5
13210,2.00,20대,1,1,0,0,5
13211,4.00,40대,0,1,0,0,1
13212,2.00,20대,1,1,0,1,5
13213,2.00,20대,0,1,0,0,4
13214,3.00,30대,1,1,0,0,5
13215,2.00,20대,1,1,0,0,5
13216,5.00,50대,1,1,0,0,5
13217,4.00,40대,1,1,0,0,5
13218,2.00,20대,0,0,0,0,4
13219,5.00,50대,0,1,0,0,5
13220,5.00,50대,1,1,0,0,5
13221,3.00,30대,0,0,1,0,5
13222,2.00,20대,1,1,0,0,5
13223,2.00,20대,1,1,0,0,4
13224,3.00,30대,0,0,1,0,5
13225,5.00,50대,1,1,0,0,4
13226,4.00,40대,1,1,0,0,4
13227,2.00,20대,1,1,0,0,5
13228,1.00,10대,0,1,0,0,4
13229,3.00,30대,0,1,0,0,5
13230,4.00,40대,1,1,0,0,4
13231,2.00,20대,0,1,0,0,5
13232,5.00,50대,0,1,0,0,5
13233,2.00,20대,0,1,0,0,5
13234,3.00,30대,0,0,0,0,5
13235,2.00,20대,1,1,0,0,4
13236,5.00,50대,0,0,0,0,4
13237,4.00,40대,0,1,0,0,4
13238,3.00,30대,1,1,0,0,5
13239,2.00,20대,0,0,0,1,4
13240,3.00,30대,0,1,1,0,5
13241,4.00,40대,1,1,0,0,5
13242,4.00,40대,1,1,0,1,5
13243,2.00,20대,1,1,0,0,5
13244,2.00,20대,1,1,0,0,4
13245,3.00,30대,0,1,0,1,5
13246,2.00,20대,0,1,1,0,4
13247,5.00,50대,0,1,0,0,4
13248,3.00,30대,1,1,0,0,4
13249,2.00,20대,1,1,0,0,5
13250,2.00,20대,1,1,0,0,5
13251,2.00,20대,0,1,0,0,5
13252,3.00,30대,1,1,0,0,3
13253,3.00,30대,0,1,0,0,5
13254,2.00,20대,1,1,0,0,5
13255,2.00,20대,1,1,0,0,3
13256,2.00,20대,1,1,0,0,5
13257,5.00,50대,1,1,0,0,5
13258,3.00,30대,0,1,0,0,5
13259,2.00,20대,0,1,0,0,5
13260,3.00,30대,1,1,0,0,5
13261,6.00,60대이상,0,0,1,0,5
13262,1.00,10대,1,1,0,0,5
13263,4.00,40대,1,1,0,0,5
13264,3.00,30대,1,1,1,0,5
13265,5.00,50대,1,0,1,0,5
13266,3.00,30대,1,1,1,0,4
13267,4.00,40대,0,0,0,0,4
13268,5.00,50대,0,1,0,0,3
13269,2.00,20대,1,1,1,0,5
13270,5.00,50대,0,1,0,0,5
13271,4.00,40대,1,1,0,0,5
13272,4.00,40대,1,1,0,0,5
13273,6.00,60대이상,0,1,1,0,5
13274,4.00,40대,1,0,0,0,4
13275,2.00,20대,0,1,0,0,4
13276,5.00,50대,0,0,0,0,4
13277,3.00,30대,1,1,0,0,5
13278,3.00,30대,1,0,0,1,5
13279,3.00,30대,0,0,0,0,5
13280,3.00,30대,0,1,0,0,5
13281,3.00,30대,0,0,0,0,5
13282,1.00,10대,1,1,0,0,5
13283,2.00,20대,1,1,0,0,4
13284,2.00,20대,1,1,0,0,5
13285,3.00,30대,1,1,0,0,4
13286,4.00,40대,1,1,0,1,5
13287,5.00,50대,1,0,0,0,5
13288,1.00,10대,0,0,0,0,5
13289,5.00,50대,1,1,1,0,5
13290,2.00,20대,1,0,1,0,4
13291,6.00,60대이상,1,0,1,0,4
13292,2.00,20대,0,0,0,0,4
13293,6.00,60대이상,0,0,0,0,4
13294,2.00,20대,0,1,1,0,4
13295,3.00,30대,1,0,1,0,5
13296,5.00,50대,1,1,0,0,4
13297,3.00,30대,0,0,0,1,4
13298,2.00,20대,1,1,0,0,5
13299,2.00,20대,0,0,0,1,1
13300,5.00,50대,1,1,1,0,5
13301,5.00,50대,0,0,0,1,5
13302,4.00,40대,1,1,0,1,5
13303,4.00,40대,1,1,0,1,5
13304,4.00,40대,0,1,0,0,5
13305,5.00,50대,0,0,0,0,4
13306,3.00,30대,1,1,1,0,5
13307,5.00,50대,0,0,0,0,4
13308,2.00,20대,1,1,0,0,5
13309,2.00,20대,0,1,0,0,5
13310,2.00,20대,1,1,0,0,5
13311,3.00,30대,0,0,1,0,4
13312,5.00,50대,1,0,1,0,4
13313,5.00,50대,1,1,0,0,4
13314,2.00,20대,0,1,1,0,4
13315,3.00,30대,1,1,0,0,4
13316,4.00,40대,1,0,0,0,4
13317,6.00,60대이상,1,0,0,0,4
13318,4.00,40대,0,1,0,0,5
13319,2.00,20대,1,1,0,0,5
13320,4.00,40대,0,0,0,1,4
13321,6.00,60대이상,1,0,0,0,5
13322,5.00,50대,0,1,0,0,4
13323,1.00,10대,1,0,0,0,5
13324,2.00,20대,1,1,0,0,5
13325,4.00,40대,0,1,0,1,4
13326,5.00,50대,0,0,1,0,5
13327,3.00,30대,0,1,0,0,5
13328,4.00,40대,0,1,0,0,4
13329,2.00,20대,1,1,0,0,5
13330,5.00,50대,0,1,0,0,5
13331,2.00,20대,1,1,0,0,4
13332,5.00,50대,1,1,0,0,5
13333,4.00,40대,0,1,1,0,5
13334,5.00,50대,1,1,1,0,5
13335,4.00,40대,0,0,0,0,5
13336,3.00,30대,0,1,0,0,5
13337,2.00,20대,1,1,0,0,5
13338,3.00,30대,0,1,0,0,5
13339,2.00,20대,1,1,0,0,5
13340,1.00,10대,0,1,0,0,5
13341,3.00,30대,1,1,0,0,5
13342,3.00,30대,0,1,0,1,4
13343,4.00,40대,1,0,0,0,4
13344,3.00,30대,1,1,0,0,5
13345,2.00,20대,1,1,0,0,5
13346,3.00,30대,1,1,0,0,5
13347,3.00,30대,0,1,0,0,5
13348,2.00,20대,1,1,0,0,5
13349,4.00,40대,1,1,0,0,5
13350,2.00,20대,0,1,0,0,5
13351,2.00,20대,1,0,0,0,3
13352,3.00,30대,0,1,0,0,5
13353,4.00,40대,1,0,0,1,5
13354,5.00,50대,0,1,0,1,5
13355,2.00,20대,0,1,0,0,5
13356,5.00,50대,1,1,0,0,4
13357,3.00,30대,0,1,0,0,5
13358,5.00,50대,0,0,0,0,5
13359,6.00,60대이상,1,1,1,0,5
13360,3.00,30대,1,1,0,0,4
13361,2.00,20대,1,1,1,0,5
13362,5.00,50대,1,1,0,0,5
13363,5.00,50대,0,1,1,0,5
13364,2.00,20대,1,1,0,0,5
13365,4.00,40대,0,1,0,0,5
13366,2.00,20대,1,1,0,0,5
13367,2.00,20대,0,1,0,0,5
13368,2.00,20대,1,1,0,0,5
13369,5.00,50대,0,1,0,1,5
13370,2.00,20대,1,0,0,0,4
13371,2.00,20대,1,1,0,0,3
13372,2.00,20대,0,1,0,0,3
13373,3.00,30대,0,1,1,0,4
13374,2.00,20대,0,1,1,0,4
13375,5.00,50대,1,1,0,0,5
13376,2.00,20대,1,1,1,0,5
13377,2.00,20대,1,1,0,0,5
13378,2.00,20대,1,1,0,0,4
13379,4.00,40대,0,1,0,1,5
13380,3.00,30대,1,1,0,0,3
13381,3.00,30대,0,1,0,0,4
13382,3.00,30대,0,1,0,0,5
13383,2.00,20대,0,1,0,0,5
13384,2.00,20대,1,1,0,1,4
13385,2.00,20대,1,1,0,0,5
13386,2.00,20대,1,1,0,0,5
13387,4.00,40대,1,1,0,0,5
13388,3.00,30대,1,1,0,0,5
13389,2.00,20대,1,1,0,0,5
13390,2.00,20대,1,1,0,1,5
13391,2.00,20대,0,1,0,0,5
13392,3.00,30대,1,1,0,0,5
13393,5.00,50대,1,1,0,1,5
13394,2.00,20대,0,0,0,0,5
13395,3.00,30대,1,0,1,0,4
13396,2.00,20대,1,1,0,0,4
13397,3.00,30대,0,1,0,0,5
13398,6.00,60대이상,1,1,0,0,5
13399,3.00,30대,1,1,0,0,5
13400,3.00,30대,1,0,0,0,5
13401,3.00,30대,1,1,0,1,5
13402,2.00,20대,1,1,0,0,5
13403,2.00,20대,0,1,0,0,5
13404,2.00,20대,1,1,0,0,5
13405,4.00,40대,1,1,0,0,5
13406,4.00,40대,0,1,0,0,5
13407,6.00,60대이상,1,0,0,0,5
13408,2.00,20대,1,1,0,0,4
13409,2.00,20대,1,0,0,0,4
13410,5.00,50대,0,1,0,0,4
13411,5.00,50대,1,1,0,0,4
13412,5.00,50대,1,0,0,0,4
13413,2.00,20대,1,1,0,0,5
13414,5.00,50대,1,1,0,0,5
13415,5.00,50대,1,1,0,0,4
13416,2.00,20대,1,1,0,0,5
13417,3.00,30대,0,1,0,0,5
13418,2.00,20대,0,1,0,0,4
13419,6.00,60대이상,1,1,0,0,4
13420,4.00,40대,1,1,0,1,5
13421,4.00,40대,1,1,0,0,4
13422,3.00,30대,1,1,0,0,5
13423,6.00,60대이상,1,0,0,0,4
13424,4.00,40대,1,0,0,0,4
13425,3.00,30대,1,1,0,0,4
13426,6.00,60대이상,0,1,0,0,5
13427,6.00,60대이상,1,1,1,0,4
13428,3.00,30대,1,1,0,0,5
13429,2.00,20대,0,1,0,0,5
13430,2.00,20대,1,1,0,0,5
13431,2.00,20대,1,1,0,0,4
13432,5.00,50대,1,1,0,0,5
13433,3.00,30대,1,1,0,0,4
13434,2.00,20대,1,1,0,0,5
13435,2.00,20대,1,1,0,0,4
13436,1.00,10대,1,1,0,0,5
13437,2.00,20대,1,1,0,0,5
13438,3.00,30대,0,0,0,0,5
13439,2.00,20대,1,0,1,0,5
13440,5.00,50대,1,1,0,0,5
13441,2.00,20대,1,1,0,0,5
13442,2.00,20대,0,0,0,0,4
13443,2.00,20대,1,1,0,0,5
13444,4.00,40대,1,1,0,0,3
13445,2.00,20대,1,1,0,0,5
13446,6.00,60대이상,1,1,0,0,4
13447,2.00,20대,1,1,0,0,4
13448,2.00,20대,0,1,0,0,5
13449,4.00,40대,1,0,1,0,4
13450,2.00,20대,1,1,0,0,5
13451,2.00,20대,1,1,0,0,5
13452,6.00,60대이상,0,1,0,0,5
13453,2.00,20대,1,1,0,0,4
13454,4.00,40대,0,1,0,0,4
13455,4.00,40대,0,1,0,0,5
13456,5.00,50대,1,1,0,0,3
13457,4.00,40대,1,1,0,0,4
13458,4.00,40대,1,1,1,0,5
13459,3.00,30대,1,1,0,0,5
13460,6.00,60대이상,1,1,0,1,5
13461,6.00,60대이상,0,0,0,1,5
13462,6.00,60대이상,1,1,0,1,5
13463,6.00,60대이상,0,0,0,0,5
13464,2.00,20대,1,1,0,1,5
13465,3.00,30대,1,1,0,0,5
13466,2.00,20대,0,1,1,0,4
13467,4.00,40대,0,1,0,0,5
13468,2.00,20대,0,1,0,0,5
13469,3.00,30대,0,1,0,0,5
13470,6.00,60대이상,1,1,0,1,4
13471,6.00,60대이상,0,1,1,0,4
13472,5.00,50대,1,0,1,0,4
13473,3.00,30대,1,1,0,0,4
13474,2.00,20대,0,0,1,0,5
13475,2.00,20대,0,0,0,0,5
13476,2.00,20대,1,1,0,0,5
13477,2.00,20대,1,1,0,0,5
13478,3.00,30대,0,1,0,0,5
13479,4.00,40대,0,0,1,0,5
13480,6.00,60대이상,0,0,0,0,5
13481,4.00,40대,0,1,1,0,5
13482,4.00,40대,1,1,0,1,5
13483,3.00,30대,1,1,0,0,5
13484,6.00,60대이상,0,1,0,0,3
13485,2.00,20대,0,1,0,0,5
13486,2.00,20대,0,1,1,0,5
13487,5.00,50대,1,1,0,0,4
13488,5.00,50대,0,1,0,0,5
13489,2.00,20대,1,1,1,0,4
13490,6.00,60대이상,1,1,1,0,4
13491,5.00,50대,0,1,0,0,4
13492,4.00,40대,0,1,0,0,5
13493,6.00,60대이상,1,1,0,0,5
13494,5.00,50대,1,1,0,0,4
13495,5.00,50대,1,1,0,0,4
13496,3.00,30대,1,1,0,0,4
13497,2.00,20대,1,1,1,0,5
13498,2.00,20대,0,0,0,0,4
13499,2.00,20대,0,1,0,1,5
13500,5.00,50대,0,1,0,1,4
13501,3.00,30대,1,1,0,1,4
13502,2.00,20대,1,1,0,1,4
13503,2.00,20대,0,1,0,0,5
13504,2.00,20대,1,1,0,0,5
13505,2.00,20대,1,1,0,1,5
13506,2.00,20대,0,1,0,0,4
13507,5.00,50대,0,1,0,0,5
13508,4.00,40대,1,1,0,0,5
13509,2.00,20대,1,1,0,0,5
13510,2.00,20대,1,0,0,0,5
13511,1.00,10대,1,0,0,0,5
13512,4.00,40대,1,0,0,0,5
13513,4.00,40대,1,0,0,0,5
13514,3.00,30대,1,0,0,1,4
13515,5.00,50대,0,0,0,0,5
13516,5.00,50대,1,1,0,0,5
13517,2.00,20대,0,0,0,1,5
13518,2.00,20대,0,0,0,0,5
13519,2.00,20대,1,1,0,0,5
13520,2.00,20대,0,1,0,0,3
13521,5.00,50대,1,1,0,0,4
13522,3.00,30대,1,1,1,0,4
13523,5.00,50대,1,1,1,0,5
13524,2.00,20대,0,1,0,1,4
13525,2.00,20대,1,1,0,0,4
13526,2.00,20대,0,1,0,0,4
13527,2.00,20대,0,1,0,1,4
13528,2.00,20대,0,1,1,0,4
13529,2.00,20대,0,1,0,0,4
13530,2.00,20대,1,1,0,0,5
13531,2.00,20대,1,1,1,0,4
13532,4.00,40대,1,1,0,0,4
13533,2.00,20대,1,1,0,1,5
13534,4.00,40대,0,1,0,0,5
13535,3.00,30대,0,1,0,1,5
13536,3.00,30대,0,1,0,0,4
13537,2.00,20대,0,1,0,1,3
13538,2.00,20대,0,1,0,0,5
13539,2.00,20대,0,1,0,0,4
13540,3.00,30대,1,1,0,1,4
13541,5.00,50대,1,1,1,0,4
13542,3.00,30대,0,1,1,0,4
13543,3.00,30대,0,1,0,0,4
13544,2.00,20대,0,0,0,0,4
13545,2.00,20대,0,1,0,0,5
13546,4.00,40대,1,0,1,0,5
13547,2.00,20대,0,1,0,1,5
13548,2.00,20대,0,1,0,0,5
13549,2.00,20대,0,1,0,1,4
13550,5.00,50대,0,1,0,0,4
13551,5.00,50대,1,1,0,1,4
13552,2.00,20대,0,1,0,0,4
13553,2.00,20대,1,1,0,1,5
13554,3.00,30대,1,1,1,0,4
13555,5.00,50대,0,1,0,0,4
13556,3.00,30대,0,1,0,0,4
13557,4.00,40대,0,1,0,1,5
13558,3.00,30대,0,1,0,0,4
13559,2.00,20대,1,1,0,0,4
13560,3.00,30대,0,1,0,0,5
13561,3.00,30대,1,1,0,0,5
13562,4.00,40대,1,1,0,1,5
13563,4.00,40대,1,1,1,0,4
13564,5.00,50대,0,0,0,0,5
13565,5.00,50대,1,1,0,1,5
13566,2.00,20대,1,1,0,0,4
13567,2.00,20대,1,1,0,0,5
13568,3.00,30대,0,1,0,0,5
13569,3.00,30대,1,0,0,0,5
13570,1.00,10대,1,1,0,0,5
13571,5.00,50대,1,1,0,0,5
13572,4.00,40대,1,1,0,0,5
13573,5.00,50대,0,0,0,0,4
13574,3.00,30대,0,1,0,0,5
13575,3.00,30대,0,1,0,1,5
13576,2.00,20대,1,1,0,0,5
13577,2.00,20대,1,1,0,0,5
13578,4.00,40대,1,1,0,0,5
13579,3.00,30대,0,1,0,0,5
13580,2.00,20대,1,1,1,0,4
13581,2.00,20대,0,1,0,0,5
13582,2.00,20대,0,1,0,0,3
13583,5.00,50대,1,1,0,0,5
13584,2.00,20대,0,1,0,0,5
13585,3.00,30대,0,1,0,0,3
13586,1.00,10대,0,0,0,0,5
13587,2.00,20대,1,1,1,0,5
13588,2.00,20대,0,0,0,0,5
13589,5.00,50대,1,1,0,0,5
13590,5.00,50대,1,1,0,0,4
13591,3.00,30대,0,0,0,0,5
13592,2.00,20대,1,0,0,0,5
13593,3.00,30대,0,0,0,0,4
13594,3.00,30대,1,1,1,0,5
13595,3.00,30대,1,0,0,1,5
13596,3.00,30대,1,1,0,1,5
13597,4.00,40대,0,1,0,1,3
13598,2.00,20대,0,0,0,0,5
13599,3.00,30대,0,0,0,1,4
13600,5.00,50대,0,0,0,1,4
13601,2.00,20대,1,1,1,0,4
13602,2.00,20대,0,1,0,0,5
13603,4.00,40대,1,1,0,1,4
13604,5.00,50대,1,1,0,1,5
13605,2.00,20대,0,1,0,0,4
13606,2.00,20대,1,0,0,0,5
13607,2.00,20대,1,0,0,0,4
13608,5.00,50대,1,0,0,0,5
13609,4.00,40대,0,0,0,0,4
13610,2.00,20대,1,0,0,0,4
13611,3.00,30대,1,0,0,0,5
13612,4.00,40대,1,1,1,0,5
13613,2.00,20대,0,1,0,0,5
13614,2.00,20대,0,1,0,0,4
13615,2.00,20대,0,1,0,0,5
13616,2.00,20대,1,1,0,0,5
13617,2.00,20대,1,1,0,0,5
13618,4.00,40대,0,1,1,0,5
13619,4.00,40대,0,1,1,0,5
13620,5.00,50대,0,1,1,0,5
13621,4.00,40대,1,1,0,1,4
13622,5.00,50대,1,1,0,0,5
13623,3.00,30대,1,1,0,0,5
13624,2.00,20대,1,1,0,1,5
13625,5.00,50대,1,1,1,0,5
13626,6.00,60대이상,1,1,0,0,5
13627,3.00,30대,0,1,0,0,5
13628,3.00,30대,0,1,0,0,4
13629,2.00,20대,1,1,0,0,4
13630,4.00,40대,1,1,0,0,5
13631,4.00,40대,1,1,0,0,5
13632,2.00,20대,0,1,0,0,5
13633,3.00,30대,1,1,0,0,5
13634,2.00,20대,1,1,0,0,5
13635,3.00,30대,1,1,0,0,5
13636,2.00,20대,1,1,1,0,4
13637,2.00,20대,0,1,0,0,5
13638,3.00,30대,0,1,0,0,4
13639,3.00,30대,1,1,1,0,5
13640,3.00,30대,1,1,0,0,4
13641,3.00,30대,1,1,0,0,4
13642,3.00,30대,1,1,0,0,5
13643,2.00,20대,1,1,0,0,4
13644,2.00,20대,1,1,0,0,4
13645,2.00,20대,0,1,0,0,4
13646,2.00,20대,1,1,0,0,5
13647,2.00,20대,0,1,0,0,5
13648,2.00,20대,1,1,0,0,4
13649,2.00,20대,1,1,0,0,5
13650,2.00,20대,0,1,0,0,5
13651,3.00,30대,0,1,0,0,5
13652,5.00,50대,1,1,0,0,5
13653,3.00,30대,0,1,0,0,4
13654,2.00,20대,1,1,0,0,4
13655,3.00,30대,1,1,0,0,5
13656,3.00,30대,1,1,0,0,5
13657,2.00,20대,1,1,0,0,5
13658,2.00,20대,0,1,0,0,4
13659,2.00,20대,1,1,0,0,5
13660,2.00,20대,0,1,0,0,4
13661,3.00,30대,0,1,0,0,5
13662,3.00,30대,1,1,0,0,5
13663,2.00,20대,1,1,0,0,3
13664,2.00,20대,1,1,1,0,5
13665,2.00,20대,1,1,0,0,5
13666,3.00,30대,1,1,0,0,5
13667,2.00,20대,1,1,0,0,4
13668,4.00,40대,0,1,0,1,5
13669,2.00,20대,0,1,0,0,5
13670,4.00,40대,0,1,0,0,4
13671,2.00,20대,1,1,1,0,5
13672,5.00,50대,1,1,0,0,5
13673,2.00,20대,1,1,0,0,3
13674,2.00,20대,0,1,0,0,5
13675,2.00,20대,1,1,0,0,5
13676,2.00,20대,0,1,0,0,5
13677,2.00,20대,1,1,0,1,5
13678,2.00,20대,0,1,1,0,4
13679,2.00,20대,1,1,0,0,5
13680,4.00,40대,0,1,0,0,5
13681,5.00,50대,1,1,0,0,5
13682,4.00,40대,1,1,0,1,5
13683,2.00,20대,0,1,0,0,5
13684,2.00,20대,1,1,0,0,4
13685,3.00,30대,1,1,0,0,5
13686,5.00,50대,1,1,0,0,5
13687,4.00,40대,1,1,0,1,5
13688,3.00,30대,0,1,0,1,4
13689,4.00,40대,0,1,1,0,5
13690,3.00,30대,0,1,0,1,5
13691,3.00,30대,0,1,1,0,5
13692,2.00,20대,0,1,0,0,5
13693,4.00,40대,1,1,0,0,5
13694,2.00,20대,1,1,0,0,5
13695,5.00,50대,1,0,0,0,5
13696,3.00,30대,0,1,1,0,5
13697,2.00,20대,1,1,1,0,5
13698,3.00,30대,1,1,0,1,5
13699,2.00,20대,1,1,0,1,5
13700,3.00,30대,1,1,0,1,4
13701,2.00,20대,1,1,0,0,4
13702,5.00,50대,1,1,0,0,5
13703,3.00,30대,1,1,0,0,3
13704,3.00,30대,0,1,0,0,5
13705,5.00,50대,1,1,0,0,4
13706,4.00,40대,1,1,0,0,5
13707,4.00,40대,0,1,0,0,5
13708,1.00,10대,1,1,1,0,3
13709,5.00,50대,1,0,0,0,5
13710,4.00,40대,1,1,1,0,4
13711,4.00,40대,1,1,0,0,5
13712,3.00,30대,0,1,0,0,5
13713,2.00,20대,1,0,0,1,5
13714,2.00,20대,1,1,1,0,5
13715,2.00,20대,0,0,0,0,4
13716,3.00,30대,1,0,1,0,5
13717,5.00,50대,1,1,0,0,5
13718,6.00,60대이상,0,1,0,0,5
13719,5.00,50대,1,1,0,0,5
13720,3.00,30대,1,1,0,0,5
13721,3.00,30대,1,1,0,0,4
13722,3.00,30대,1,1,0,1,5
13723,2.00,20대,1,1,0,1,5
13724,2.00,20대,0,1,0,0,3
13725,3.00,30대,1,1,1,0,4
13726,2.00,20대,1,1,0,0,4
13727,4.00,40대,1,1,0,0,4
13728,2.00,20대,1,1,0,0,3
13729,5.00,50대,1,1,1,0,5
13730,1.00,10대,1,1,0,0,4
13731,4.00,40대,1,1,0,0,4
13732,4.00,40대,0,1,0,1,4
13733,5.00,50대,1,1,0,0,4
13734,2.00,20대,1,1,0,0,5
13735,3.00,30대,1,1,0,0,5
13736,2.00,20대,1,1,0,0,4
13737,3.00,30대,1,1,0,0,5
13738,2.00,20대,1,1,0,0,5
13739,2.00,20대,1,1,0,0,5
13740,3.00,30대,1,1,0,1,5
13741,4.00,40대,0,1,1,0,5
13742,2.00,20대,1,1,1,0,5
13743,4.00,40대,1,1,0,1,5
13744,2.00,20대,1,1,0,1,5
13745,4.00,40대,1,1,1,0,4
13746,4.00,40대,0,0,1,0,5
13747,2.00,20대,1,1,0,0,4
13748,2.00,20대,1,1,0,0,5
13749,2.00,20대,0,1,1,0,5
13750,2.00,20대,1,1,1,0,4
13751,5.00,50대,1,1,0,0,5
13752,2.00,20대,1,1,0,0,5
13753,4.00,40대,1,1,0,0,4
13754,3.00,30대,1,1,0,0,5
13755,3.00,30대,1,1,0,1,4
13756,6.00,60대이상,1,1,1,0,5
13757,2.00,20대,1,1,0,1,5
13758,1.00,10대,0,1,0,0,4
13759,2.00,20대,1,1,0,0,4
13760,2.00,20대,0,1,0,0,4
13761,2.00,20대,0,1,1,0,4
13762,2.00,20대,0,1,0,0,4
13763,3.00,30대,1,1,0,0,5
13764,2.00,20대,0,1,0,0,3
13765,6.00,60대이상,1,1,0,0,5
13766,2.00,20대,1,1,0,0,5
13767,5.00,50대,0,1,0,0,5
13768,3.00,30대,1,1,1,0,4
13769,2.00,20대,1,1,0,1,5
13770,2.00,20대,0,1,0,0,4
13771,3.00,30대,0,1,0,0,4
13772,5.00,50대,0,1,0,0,4
13773,2.00,20대,0,1,0,0,5
13774,5.00,50대,0,1,0,0,5
13775,3.00,30대,0,1,0,0,4
13776,5.00,50대,0,0,1,0,5
13777,6.00,60대이상,1,1,0,0,5
13778,2.00,20대,1,1,0,1,5
13779,2.00,20대,1,1,0,1,5
13780,2.00,20대,0,1,0,1,4
13781,4.00,40대,1,1,0,0,4
13782,2.00,20대,1,1,0,0,5
13783,3.00,30대,0,1,0,1,5
13784,4.00,40대,1,1,0,0,5
13785,4.00,40대,0,1,0,0,4
13786,4.00,40대,0,1,0,0,5
13787,5.00,50대,1,1,0,0,4
13788,2.00,20대,0,1,0,1,5
13789,4.00,40대,1,1,0,0,5
13790,3.00,30대,1,1,0,0,5
13791,5.00,50대,1,1,0,0,5
13792,4.00,40대,0,0,0,0,5
13793,5.00,50대,0,1,0,0,5
13794,2.00,20대,0,1,0,0,5
13795,4.00,40대,0,1,0,1,4
13796,2.00,20대,1,1,0,0,5
13797,3.00,30대,0,1,0,0,5
13798,4.00,40대,0,1,1,0,4
13799,3.00,30대,0,1,0,0,5
13800,4.00,40대,1,1,0,0,5
13801,2.00,20대,1,1,0,0,4
13802,2.00,20대,1,1,0,0,5
13803,3.00,30대,0,1,1,0,5
13804,2.00,20대,0,1,0,0,5
13805,3.00,30대,0,1,0,1,5
13806,3.00,30대,1,1,0,0,5
13807,3.00,30대,0,1,0,1,5
13808,5.00,50대,0,1,0,0,5
13809,4.00,40대,0,1,0,0,5
13810,4.00,40대,0,1,0,0,5
13811,2.00,20대,0,1,1,0,5
13812,2.00,20대,1,1,1,0,5
13813,3.00,30대,1,1,0,1,5
13814,3.00,30대,1,1,1,0,5
13815,4.00,40대,1,1,0,0,5
13816,4.00,40대,1,1,0,0,5
13817,3.00,30대,1,1,0,0,5
13818,3.00,30대,1,1,0,0,4
13819,2.00,20대,1,1,0,0,5
13820,4.00,40대,1,1,0,1,4
13821,4.00,40대,0,1,0,0,5
13822,3.00,30대,0,1,0,0,5
13823,5.00,50대,0,1,0,0,3
13824,5.00,50대,0,1,0,0,5
13825,2.00,20대,1,1,0,0,4
13826,2.00,20대,1,1,0,0,5
13827,2.00,20대,1,1,0,0,5
13828,2.00,20대,1,1,0,0,5
13829,3.00,30대,1,1,0,0,5
13830,3.00,30대,0,1,0,0,5
13831,2.00,20대,1,1,0,0,5
13832,2.00,20대,0,1,0,1,5
13833,5.00,50대,0,1,1,0,5
13834,3.00,30대,1,1,0,0,5
13835,3.00,30대,1,1,0,0,5
13836,3.00,30대,0,1,1,0,5
13837,5.00,50대,0,1,0,0,4
13838,3.00,30대,0,1,1,0,5
13839,5.00,50대,0,1,0,0,5
13840,4.00,40대,1,1,0,0,5
13841,4.00,40대,0,1,0,0,5
13842,5.00,50대,0,1,0,0,5
13843,4.00,40대,0,1,1,0,5
13844,2.00,20대,1,1,0,0,4
13845,2.00,20대,1,1,0,0,5
13846,5.00,50대,0,1,0,1,5
13847,3.00,30대,1,1,0,0,5
13848,5.00,50대,0,1,1,0,5
13849,2.00,20대,1,1,0,0,5
13850,5.00,50대,0,1,0,0,5
13851,3.00,30대,0,1,1,0,5
13852,5.00,50대,0,1,0,0,5
13853,5.00,50대,1,1,1,0,5
13854,3.00,30대,0,1,0,0,5
13855,2.00,20대,1,1,0,0,4
13856,2.00,20대,1,1,1,0,5
13857,3.00,30대,1,1,0,0,4
13858,3.00,30대,1,1,0,1,5
13859,3.00,30대,0,1,0,0,5
13860,4.00,40대,1,1,0,0,4
13861,1.00,10대,0,1,0,0,5
13862,2.00,20대,1,1,0,0,5
13863,3.00,30대,0,0,1,0,5
13864,2.00,20대,1,1,0,1,5
13865,2.00,20대,0,1,0,1,5
13866,3.00,30대,1,1,0,0,5
13867,5.00,50대,1,1,0,0,5
13868,5.00,50대,0,1,0,0,5
13869,5.00,50대,0,0,1,0,5
13870,6.00,60대이상,1,0,0,0,5
13871,2.00,20대,0,0,0,1,5
13872,2.00,20대,1,1,0,0,5
13873,2.00,20대,1,0,0,0,5
13874,5.00,50대,1,1,0,1,5
13875,2.00,20대,1,1,0,0,5
13876,3.00,30대,1,1,0,0,4
13877,2.00,20대,1,1,0,0,5
13878,3.00,30대,0,0,0,1,5
13879,2.00,20대,0,1,0,1,5
13880,5.00,50대,0,0,1,0,5
13881,3.00,30대,1,1,0,0,5
13882,2.00,20대,1,1,1,0,5
13883,3.00,30대,1,1,0,0,5
13884,5.00,50대,1,0,0,0,5
13885,2.00,20대,1,1,0,0,5
13886,3.00,30대,0,1,0,0,5
13887,2.00,20대,1,0,0,0,5
13888,6.00,60대이상,1,1,1,0,5
13889,2.00,20대,1,1,0,1,5
13890,2.00,20대,0,1,0,0,4
13891,2.00,20대,1,1,1,0,4
13892,3.00,30대,1,1,0,1,4
13893,5.00,50대,0,1,0,0,4
13894,3.00,30대,1,1,0,0,5
13895,3.00,30대,1,1,1,0,5
13896,4.00,40대,1,1,0,0,4
13897,2.00,20대,0,1,0,0,3
13898,6.00,60대이상,1,1,0,1,5
13899,2.00,20대,1,0,0,0,5
13900,2.00,20대,0,1,0,0,4
13901,2.00,20대,1,0,1,0,5
13902,1.00,10대,1,1,0,0,4
13903,3.00,30대,0,0,0,1,5
13904,3.00,30대,1,1,1,0,5
13905,5.00,50대,0,1,0,0,5
13906,2.00,20대,1,1,1,0,5
13907,3.00,30대,0,1,0,1,5
13908,4.00,40대,1,1,0,0,4
13909,5.00,50대,1,1,0,0,5
13910,4.00,40대,1,1,0,0,5
13911,6.00,60대이상,1,1,0,0,5
13912,2.00,20대,0,1,0,0,5
13913,3.00,30대,1,1,1,0,4
13914,2.00,20대,0,1,1,0,5
13915,6.00,60대이상,0,1,0,0,5
13916,4.00,40대,1,1,0,0,4
13917,2.00,20대,1,1,0,0,4
13918,5.00,50대,0,0,0,1,4
13919,4.00,40대,1,1,0,0,5
13920,2.00,20대,0,0,0,0,5
13921,2.00,20대,0,1,0,0,4
13922,3.00,30대,1,1,0,0,4
13923,2.00,20대,1,0,0,1,5
13924,6.00,60대이상,0,0,0,0,5
13925,3.00,30대,0,1,0,1,4
13926,5.00,50대,0,1,0,0,5
13927,2.00,20대,1,1,0,0,4
13928,2.00,20대,1,1,1,0,5
13929,2.00,20대,0,1,0,0,5
13930,4.00,40대,0,1,0,1,5
13931,2.00,20대,1,1,0,0,5
13932,2.00,20대,1,1,0,1,5
13933,3.00,30대,1,1,0,1,5
13934,2.00,20대,0,1,0,0,4
13935,4.00,40대,1,0,0,0,4
13936,5.00,50대,0,1,1,0,4
13937,2.00,20대,1,1,0,0,3
13938,5.00,50대,0,0,0,0,4
13939,2.00,20대,1,1,0,0,5
13940,2.00,20대,0,1,0,1,4
13941,3.00,30대,1,1,0,0,5
13942,2.00,20대,0,1,0,0,5
13943,4.00,40대,1,1,0,0,4
13944,3.00,30대,0,1,0,0,1
13945,2.00,20대,1,1,0,0,5
13946,6.00,60대이상,1,1,0,1,4
13947,2.00,20대,1,1,0,0,5
13948,3.00,30대,1,1,0,0,5
13949,2.00,20대,1,1,0,0,4
13950,2.00,20대,1,1,0,0,5
13951,3.00,30대,0,1,1,0,4
13952,6.00,60대이상,1,1,0,1,5
13953,5.00,50대,0,1,0,0,5
13954,6.00,60대이상,1,1,0,1,5
13955,2.00,20대,1,1,0,0,5
13956,2.00,20대,0,1,0,0,5
13957,2.00,20대,0,1,0,0,4
13958,6.00,60대이상,1,1,0,0,5
13959,2.00,20대,1,1,0,0,4
13960,2.00,20대,1,1,0,0,5
13961,2.00,20대,1,1,0,0,5
13962,2.00,20대,1,1,0,0,5
13963,2.00,20대,1,1,0,0,4
13964,1.00,10대,1,1,0,0,4
13965,3.00,30대,1,1,0,0,5
13966,2.00,20대,1,1,0,0,4
13967,2.00,20대,1,1,0,0,5
13968,2.00,20대,0,1,0,0,5
13969,2.00,20대,0,1,0,1,5
13970,2.00,20대,0,1,0,0,5
13971,2.00,20대,1,1,0,1,4
13972,2.00,20대,1,1,0,0,5
13973,3.00,30대,0,1,0,0,4
13974,2.00,20대,1,1,0,0,5
13975,2.00,20대,1,1,0,0,5
13976,3.00,30대,0,1,0,0,5
13977,5.00,50대,0,1,0,0,3
13978,6.00,60대이상,1,0,0,0,4
13979,5.00,50대,1,1,0,0,4
13980,6.00,60대이상,0,1,0,0,5
13981,3.00,30대,1,1,0,1,5
13982,3.00,30대,0,0,0,0,4
13983,3.00,30대,0,1,0,0,5
13984,5.00,50대,0,0,0,0,5
13985,4.00,40대,0,1,0,0,4
13986,2.00,20대,0,0,0,0,4
13987,2.00,20대,1,1,0,0,4
13988,3.00,30대,0,1,0,0,4
13989,4.00,40대,1,1,0,0,5
13990,3.00,30대,0,1,0,0,4
13991,3.00,30대,1,1,0,0,5
13992,3.00,30대,1,1,0,0,5
13993,2.00,20대,1,1,0,1,5
13994,5.00,50대,1,1,1,0,3
13995,5.00,50대,1,0,0,0,5
13996,4.00,40대,1,0,0,1,5
13997,3.00,30대,1,1,0,0,5
13998,5.00,50대,1,1,0,0,4
13999,3.00,30대,0,1,0,0,4
14000,4.00,40대,0,0,0,1,5
14001,2.00,20대,0,1,0,0,5
14002,2.00,20대,1,1,0,0,5
14003,2.00,20대,0,1,0,0,5
14004,2.00,20대,0,0,1,0,4
14005,2.00,20대,1,1,0,0,4
14006,2.00,20대,0,0,0,1,5
14007,2.00,20대,1,1,0,1,5
14008,2.00,20대,0,0,1,0,5
14009,2.00,20대,1,1,0,1,5
14010,2.00,20대,0,0,1,0,5
14011,4.00,40대,1,1,0,0,5
14012,2.00,20대,1,1,0,0,5
14013,2.00,20대,1,1,0,1,5
14014,3.00,30대,1,1,0,0,4
14015,2.00,20대,1,1,0,0,5
14016,3.00,30대,1,1,1,0,5
14017,3.00,30대,0,0,0,0,5
14018,4.00,40대,1,1,0,0,5
14019,3.00,30대,0,0,0,0,5
14020,3.00,30대,1,1,0,1,5
14021,2.00,20대,0,0,0,0,5
14022,4.00,40대,1,0,0,0,4
14023,4.00,40대,1,1,0,0,5
14024,3.00,30대,0,0,1,0,5
14025,2.00,20대,0,0,0,1,4
14026,3.00,30대,1,1,0,0,4
14027,3.00,30대,0,1,0,0,5
14028,5.00,50대,1,1,0,0,5
14029,4.00,40대,0,1,0,0,5
14030,5.00,50대,1,1,0,0,4
14031,3.00,30대,0,0,1,0,5
14032,3.00,30대,0,1,0,1,5
14033,4.00,40대,1,1,0,0,5
14034,2.00,20대,1,1,0,0,5
14035,2.00,20대,0,0,1,0,5
14036,6.00,60대이상,0,1,0,0,5
14037,3.00,30대,0,1,0,0,5
14038,2.00,20대,0,0,0,0,5
14039,2.00,20대,0,1,0,0,5
14040,2.00,20대,0,0,1,0,5
14041,5.00,50대,1,1,0,0,5
14042,2.00,20대,1,1,0,1,4
14043,5.00,50대,0,1,0,0,5
14044,4.00,40대,1,1,0,0,5
14045,1.00,10대,0,1,0,0,5
14046,2.00,20대,0,1,0,0,5
14047,3.00,30대,0,1,1,0,5
14048,2.00,20대,1,1,0,0,5
14049,3.00,30대,0,0,1,0,5
14050,6.00,60대이상,1,1,0,0,5
14051,3.00,30대,0,1,0,0,5
14052,2.00,20대,0,0,0,1,5
14053,3.00,30대,0,0,1,0,5
14054,2.00,20대,0,1,0,0,5
14055,2.00,20대,1,1,0,0,5
14056,2.00,20대,0,1,0,0,5
14057,3.00,30대,0,0,1,0,5
14058,3.00,30대,1,1,0,1,5
14059,5.00,50대,1,1,0,0,5
14060,1.00,10대,1,1,0,0,4
14061,3.00,30대,1,1,0,0,5
14062,3.00,30대,1,1,0,0,4
14063,3.00,30대,1,1,1,0,5
14064,4.00,40대,0,1,0,0,4
14065,4.00,40대,1,1,0,0,4
14066,3.00,30대,0,1,0,0,4
14067,4.00,40대,1,1,0,0,5
14068,5.00,50대,1,1,0,0,5
14069,6.00,60대이상,0,1,0,0,5
14070,4.00,40대,1,1,1,0,5
14071,1.00,10대,0,1,0,0,5
14072,3.00,30대,1,1,0,0,4
14073,5.00,50대,1,1,0,0,5
14074,3.00,30대,1,1,0,1,5
14075,2.00,20대,0,1,0,0,5
14076,4.00,40대,1,1,1,0,5
14077,3.00,30대,0,1,0,0,3
14078,1.00,10대,0,0,1,0,4
14079,4.00,40대,1,1,0,0,5
14080,3.00,30대,1,1,0,0,4
14081,2.00,20대,0,1,0,1,5
14082,4.00,40대,0,1,0,0,4
14083,2.00,20대,1,1,0,0,5
14084,2.00,20대,0,1,1,0,5
14085,5.00,50대,1,1,0,0,4
14086,5.00,50대,0,0,1,0,5
14087,2.00,20대,1,1,1,0,5
14088,3.00,30대,0,0,0,0,4
14089,5.00,50대,1,1,1,0,5
14090,2.00,20대,0,1,1,0,5
14091,2.00,20대,1,1,0,0,5
14092,4.00,40대,1,1,0,1,4
14093,2.00,20대,0,1,0,1,5
14094,3.00,30대,0,1,0,0,5
14095,5.00,50대,0,1,0,0,5
14096,2.00,20대,1,1,0,1,4
14097,5.00,50대,0,1,0,0,5
14098,3.00,30대,1,1,0,0,5
14099,2.00,20대,0,1,0,0,5
14100,3.00,30대,0,0,0,1,5
14101,2.00,20대,1,1,0,1,5
14102,2.00,20대,0,1,1,0,5
14103,2.00,20대,1,0,0,0,5
14104,4.00,40대,0,0,0,0,4
14105,3.00,30대,1,1,0,0,5
14106,2.00,20대,0,1,1,0,5
14107,3.00,30대,1,1,0,1,5
14108,3.00,30대,0,0,0,0,5
14109,3.00,30대,0,1,0,0,5
14110,2.00,20대,1,0,0,0,5
14111,3.00,30대,0,1,0,0,5
14112,5.00,50대,1,0,1,0,5
14113,3.00,30대,0,0,0,0,5
14114,4.00,40대,1,1,0,0,4
14115,5.00,50대,1,1,0,1,5
14116,3.00,30대,0,1,0,0,4
14117,2.00,20대,1,1,0,0,5
14118,2.00,20대,0,1,0,0,4
14119,3.00,30대,0,0,0,0,5
14120,4.00,40대,1,1,0,0,4
14121,4.00,40대,1,1,0,0,4
14122,3.00,30대,0,1,0,0,5
14123,2.00,20대,0,1,0,0,5
14124,4.00,40대,0,0,0,0,4
14125,5.00,50대,1,1,0,0,4
14126,4.00,40대,1,1,0,0,5
14127,3.00,30대,1,1,0,1,4
14128,3.00,30대,0,1,0,0,5
14129,4.00,40대,1,1,0,0,4
14130,2.00,20대,0,1,1,0,4
14131,2.00,20대,1,1,1,0,4
14132,2.00,20대,1,1,0,0,5
14133,6.00,60대이상,1,1,0,0,5
14134,2.00,20대,0,1,0,1,5
14135,2.00,20대,1,1,0,0,5
14136,2.00,20대,0,1,0,0,5
14137,5.00,50대,1,1,0,0,5
14138,3.00,30대,0,1,0,0,5
14139,3.00,30대,1,1,0,0,5
14140,5.00,50대,1,1,0,0,5
14141,2.00,20대,1,1,0,0,5
14142,2.00,20대,1,1,0,0,5
14143,3.00,30대,1,1,0,0,5
14144,2.00,20대,0,1,0,0,5
14145,2.00,20대,1,1,0,1,5
14146,5.00,50대,1,1,0,0,3
14147,2.00,20대,1,1,0,0,5
14148,4.00,40대,1,1,0,0,5
14149,2.00,20대,0,1,0,1,4
14150,3.00,30대,1,1,0,0,4
14151,2.00,20대,1,1,0,0,5
14152,2.00,20대,1,1,0,0,5
14153,2.00,20대,1,1,0,0,4
14154,1.00,10대,1,0,0,0,5
14155,4.00,40대,1,1,0,0,4
14156,4.00,40대,1,1,0,1,5
14157,2.00,20대,0,0,0,0,5
14158,2.00,20대,0,1,0,0,5
14159,3.00,30대,1,0,0,0,5
14160,3.00,30대,1,1,1,0,5
14161,6.00,60대이상,0,1,0,0,4
14162,3.00,30대,0,1,0,0,5
14163,5.00,50대,1,0,0,0,5
14164,3.00,30대,0,1,0,0,5
14165,5.00,50대,1,1,0,0,5
14166,2.00,20대,0,1,0,0,5
14167,2.00,20대,0,1,0,0,5
14168,5.00,50대,1,1,0,0,5
14169,4.00,40대,0,1,0,0,5
14170,3.00,30대,0,1,0,1,4
14171,3.00,30대,1,1,0,0,5
14172,2.00,20대,1,1,0,0,4
14173,2.00,20대,1,1,0,0,5
14174,3.00,30대,1,1,0,0,5
14175,4.00,40대,0,1,0,0,5
14176,2.00,20대,0,1,0,0,5
14177,4.00,40대,1,1,0,0,4
14178,3.00,30대,1,1,0,0,5
14179,4.00,40대,1,1,0,0,3
14180,3.00,30대,1,1,0,0,5
14181,2.00,20대,1,1,0,0,5
14182,2.00,20대,1,1,0,0,5
14183,1.00,10대,0,1,0,0,5
14184,3.00,30대,1,1,0,0,5
14185,3.00,30대,0,1,0,1,5
14186,3.00,30대,0,0,0,0,5
14187,2.00,20대,1,1,0,0,5
14188,5.00,50대,0,1,0,0,3
14189,3.00,30대,0,1,0,0,5
14190,5.00,50대,1,1,0,0,3
14191,2.00,20대,1,1,0,0,5
14192,3.00,30대,1,1,0,0,5
14193,2.00,20대,1,1,0,0,5
14194,1.00,10대,0,1,0,0,5
14195,2.00,20대,0,1,0,0,4
14196,5.00,50대,1,1,0,0,4
14197,4.00,40대,1,0,1,0,5
14198,3.00,30대,1,1,0,0,5
14199,5.00,50대,1,1,0,1,5
14200,2.00,20대,0,1,0,0,5
14201,2.00,20대,0,1,0,0,4
14202,4.00,40대,0,1,0,0,5
14203,2.00,20대,0,1,0,1,3
14204,2.00,20대,1,1,0,0,4
14205,5.00,50대,0,1,1,0,5
14206,3.00,30대,0,1,0,0,5
14207,3.00,30대,0,1,1,0,3
14208,2.00,20대,0,1,0,0,5
14209,3.00,30대,0,1,0,0,5
14210,3.00,30대,1,1,0,0,5
14211,4.00,40대,1,1,0,0,5
14212,1.00,10대,0,1,0,0,5
14213,3.00,30대,1,1,1,0,5
14214,6.00,60대이상,1,1,0,0,5
14215,3.00,30대,0,1,0,0,4
14216,2.00,20대,0,1,0,0,5
14217,4.00,40대,0,1,0,0,4
14218,3.00,30대,0,1,0,0,4
14219,3.00,30대,1,1,0,0,4
14220,3.00,30대,1,1,0,0,5
14221,3.00,30대,0,0,0,0,5
14222,5.00,50대,1,1,0,0,5
14223,2.00,20대,0,1,0,0,4
14224,2.00,20대,1,1,0,0,5
14225,4.00,40대,1,1,1,0,5
14226,2.00,20대,1,1,0,0,5
14227,2.00,20대,0,1,0,0,5
14228,4.00,40대,1,1,0,0,5
14229,3.00,30대,0,1,0,0,5
14230,3.00,30대,1,1,0,0,5
14231,3.00,30대,1,1,0,0,4
14232,3.00,30대,0,1,0,0,3
14233,2.00,20대,0,1,0,0,4
14234,6.00,60대이상,1,0,1,0,5
14235,1.00,10대,0,1,0,0,5
14236,2.00,20대,1,0,0,0,5
14237,2.00,20대,1,0,0,0,4
14238,5.00,50대,1,1,0,0,5
14239,2.00,20대,1,1,0,0,5
14240,4.00,40대,1,1,0,0,5
14241,1.00,10대,1,0,0,0,5
14242,1.00,10대,1,1,0,1,5
14243,2.00,20대,1,0,0,0,5
14244,3.00,30대,1,1,0,0,4
14245,2.00,20대,0,1,0,0,4
14246,2.00,20대,1,1,1,0,5
14247,1.00,10대,1,0,0,0,3
14248,2.00,20대,0,1,0,0,5
14249,3.00,30대,1,1,1,0,5
14250,3.00,30대,1,0,1,0,5
14251,5.00,50대,1,1,0,0,5
14252,2.00,20대,0,1,0,0,5
14253,2.00,20대,1,0,0,0,4
14254,2.00,20대,1,1,0,1,5
14255,2.00,20대,0,1,0,0,4
14256,4.00,40대,0,1,0,1,5
14257,6.00,60대이상,1,1,0,0,3
14258,5.00,50대,1,1,0,0,5
14259,5.00,50대,0,1,0,1,5
14260,6.00,60대이상,1,0,0,1,5
14261,5.00,50대,1,1,1,0,4
14262,1.00,10대,1,1,0,0,4
14263,2.00,20대,1,1,0,0,5
14264,3.00,30대,0,0,1,0,5
14265,3.00,30대,0,1,0,0,5
14266,2.00,20대,0,1,0,0,3
14267,4.00,40대,1,1,1,0,5
14268,2.00,20대,1,1,0,0,4
14269,3.00,30대,0,1,0,1,5
14270,4.00,40대,1,1,0,0,3
14271,5.00,50대,1,1,0,1,4
14272,4.00,40대,0,1,0,0,4
14273,5.00,50대,1,1,0,0,5
14274,5.00,50대,1,1,1,0,4
14275,2.00,20대,1,1,0,0,5
14276,2.00,20대,0,0,0,1,5
14277,2.00,20대,1,1,0,0,4
14278,2.00,20대,0,1,0,0,5
14279,5.00,50대,0,1,0,1,4
14280,2.00,20대,1,1,0,1,5
14281,2.00,20대,1,1,0,0,5
14282,3.00,30대,0,0,0,0,5
14283,2.00,20대,0,1,0,1,5
14284,1.00,10대,1,1,1,0,5
14285,4.00,40대,1,1,0,0,5
14286,2.00,20대,1,1,1,0,5
14287,2.00,20대,1,1,1,0,5
14288,1.00,10대,0,1,0,0,5
14289,3.00,30대,1,1,0,0,5
14290,5.00,50대,0,0,0,0,5
14291,3.00,30대,0,1,0,0,5
14292,3.00,30대,0,1,0,0,4
14293,3.00,30대,0,1,0,0,4
14294,3.00,30대,1,0,0,0,5
14295,2.00,20대,0,1,0,0,5
14296,6.00,60대이상,0,1,0,0,5
14297,4.00,40대,1,1,0,0,5
14298,2.00,20대,0,0,0,0,4
14299,4.00,40대,1,0,1,0,4
14300,5.00,50대,0,0,0,0,5
14301,3.00,30대,0,1,1,0,5
14302,2.00,20대,0,1,0,0,4
14303,3.00,30대,1,1,0,0,5
14304,4.00,40대,1,1,0,0,4
14305,2.00,20대,0,1,1,0,5
14306,2.00,20대,1,1,0,0,5
14307,3.00,30대,1,0,1,0,4
14308,5.00,50대,1,1,0,1,4
14309,2.00,20대,1,1,0,0,5
14310,5.00,50대,1,1,0,0,4
14311,4.00,40대,1,1,0,0,5
14312,3.00,30대,1,1,1,0,5
14313,3.00,30대,1,1,0,0,5
14314,5.00,50대,1,1,0,0,4
14315,4.00,40대,1,1,0,0,4
14316,3.00,30대,0,1,0,0,4
14317,4.00,40대,0,1,1,0,5
14318,5.00,50대,1,1,0,0,5
14319,2.00,20대,0,1,0,0,4
14320,3.00,30대,0,1,0,0,5
14321,5.00,50대,1,1,0,0,5
14322,3.00,30대,0,1,0,0,5
14323,5.00,50대,1,1,0,0,5
14324,2.00,20대,1,1,0,0,5
14325,2.00,20대,0,1,0,0,5
14326,3.00,30대,1,1,0,1,5
14327,3.00,30대,0,1,0,0,5
14328,2.00,20대,1,1,0,0,4
14329,3.00,30대,0,1,0,0,5
14330,2.00,20대,0,1,1,0,5
14331,2.00,20대,1,1,0,0,5
14332,3.00,30대,0,1,0,0,4
14333,3.00,30대,1,1,0,0,5
14334,5.00,50대,1,1,0,0,5
14335,2.00,20대,1,1,0,0,5
14336,4.00,40대,1,1,0,1,5
14337,2.00,20대,0,1,0,1,5
14338,4.00,40대,1,1,0,0,5
14339,6.00,60대이상,1,1,0,0,5
14340,2.00,20대,1,1,0,0,5
14341,3.00,30대,1,1,0,0,5
14342,5.00,50대,0,1,0,0,5
14343,2.00,20대,0,1,0,0,5
14344,5.00,50대,1,1,0,0,5
14345,2.00,20대,1,1,0,0,5
14346,2.00,20대,1,1,0,0,5
14347,3.00,30대,1,1,1,0,4
14348,2.00,20대,0,0,1,0,4
14349,6.00,60대이상,1,1,0,0,4
14350,2.00,20대,1,1,0,0,5
14351,5.00,50대,1,0,0,0,5
14352,2.00,20대,1,1,0,0,5
14353,2.00,20대,0,1,0,1,5
14354,2.00,20대,1,1,0,0,5
14355,5.00,50대,1,1,0,0,4
14356,3.00,30대,0,1,0,0,5
14357,2.00,20대,0,1,1,0,5
14358,2.00,20대,1,0,0,1,5
14359,2.00,20대,0,0,0,0,5
14360,5.00,50대,0,1,0,0,4
14361,5.00,50대,1,1,0,0,5
14362,2.00,20대,1,1,0,0,4
14363,2.00,20대,1,1,0,1,5
14364,6.00,60대이상,0,1,0,1,5
14365,2.00,20대,1,0,1,0,4
14366,4.00,40대,1,1,0,0,4
14367,5.00,50대,1,0,0,0,4
14368,2.00,20대,1,1,0,0,5
14369,2.00,20대,1,1,0,0,5
14370,2.00,20대,1,1,0,0,5
14371,2.00,20대,1,1,0,0,4
14372,4.00,40대,0,1,0,0,4
14373,3.00,30대,1,1,0,0,4
14374,3.00,30대,0,1,0,0,4
14375,3.00,30대,1,1,0,0,5
14376,2.00,20대,0,1,1,0,4
14377,5.00,50대,0,0,0,0,4
14378,3.00,30대,1,1,0,0,4
14379,2.00,20대,1,1,0,0,5
14380,2.00,20대,1,1,0,0,5
14381,3.00,30대,1,1,0,0,4
14382,3.00,30대,1,1,0,0,4
14383,4.00,40대,1,0,0,1,4
14384,2.00,20대,0,1,0,0,5
14385,3.00,30대,0,1,0,0,5
14386,2.00,20대,0,1,0,0,5
14387,2.00,20대,0,1,0,0,4
14388,2.00,20대,0,1,0,0,5
14389,2.00,20대,1,1,0,0,4
14390,2.00,20대,1,1,0,0,5
14391,3.00,30대,0,1,1,0,4
14392,2.00,20대,0,1,0,0,5
14393,3.00,30대,1,1,0,0,5
14394,2.00,20대,1,1,0,0,4
14395,5.00,50대,1,1,0,0,5
14396,4.00,40대,1,1,0,0,5
14397,3.00,30대,1,1,0,0,5
14398,4.00,40대,1,1,0,0,4
14399,2.00,20대,1,1,0,0,4
14400,5.00,50대,1,1,0,1,5
14401,5.00,50대,1,1,0,0,5
14402,5.00,50대,0,1,0,0,5
14403,3.00,30대,1,0,1,0,3
14404,6.00,60대이상,1,1,0,1,5
14405,5.00,50대,1,1,0,1,5
14406,2.00,20대,1,0,0,0,5
14407,5.00,50대,1,0,0,0,5
14408,2.00,20대,1,0,0,0,4
14409,2.00,20대,1,1,0,1,5
14410,4.00,40대,0,1,0,0,5
14411,3.00,30대,0,1,0,0,5
14412,4.00,40대,0,0,0,0,4
14413,4.00,40대,0,1,0,0,5
14414,3.00,30대,0,0,0,1,4
14415,2.00,20대,0,1,0,0,4
14416,3.00,30대,0,1,0,0,5
14417,2.00,20대,0,1,0,0,5
14418,3.00,30대,1,1,0,0,5
14419,2.00,20대,0,0,0,0,4
14420,5.00,50대,0,0,1,0,4
14421,5.00,50대,0,0,0,1,5
14422,2.00,20대,0,0,0,0,5
14423,3.00,30대,1,1,0,0,5
14424,3.00,30대,0,1,0,0,4
14425,3.00,30대,1,1,0,0,5
14426,5.00,50대,0,0,0,0,5
14427,5.00,50대,0,0,1,0,5
14428,2.00,20대,1,1,0,1,4
14429,3.00,30대,1,1,0,0,5
14430,2.00,20대,0,1,0,0,4
14431,3.00,30대,1,1,0,0,4
14432,6.00,60대이상,1,0,0,0,5
14433,5.00,50대,1,1,0,0,5
14434,3.00,30대,0,1,0,0,4
14435,2.00,20대,1,1,0,0,5
14436,2.00,20대,1,1,0,0,5
14437,3.00,30대,1,1,0,0,5
14438,4.00,40대,1,1,1,0,5
14439,2.00,20대,1,0,0,1,5
14440,4.00,40대,0,1,0,0,5
14441,5.00,50대,1,1,0,0,5
14442,3.00,30대,1,1,0,0,4
14443,2.00,20대,0,1,0,1,4
14444,2.00,20대,1,1,0,0,5
14445,2.00,20대,1,1,0,0,3
14446,2.00,20대,1,1,0,0,4
14447,4.00,40대,0,1,0,0,5
14448,4.00,40대,0,1,0,0,4
14449,4.00,40대,1,1,0,0,4
14450,5.00,50대,1,1,0,0,5
14451,3.00,30대,0,1,0,0,4
14452,4.00,40대,0,1,0,0,5
14453,5.00,50대,1,0,0,0,3
14454,4.00,40대,0,1,0,0,5
14455,2.00,20대,0,1,0,1,5
14456,3.00,30대,0,1,0,0,4
14457,6.00,60대이상,1,1,0,0,4
14458,3.00,30대,0,0,0,0,4
14459,5.00,50대,0,1,1,0,5
14460,6.00,60대이상,0,0,0,1,5
14461,3.00,30대,0,1,1,0,4
14462,2.00,20대,0,1,0,0,4
14463,4.00,40대,0,0,0,1,4
14464,3.00,30대,0,0,0,1,4
14465,3.00,30대,0,0,0,0,4
14466,2.00,20대,0,1,0,0,4
14467,5.00,50대,0,0,0,0,4
14468,2.00,20대,0,1,0,0,5
14469,2.00,20대,0,1,0,0,4
14470,2.00,20대,0,1,0,1,4
14471,2.00,20대,1,1,0,0,5
14472,5.00,50대,1,1,0,0,5
14473,3.00,30대,1,1,0,0,4
14474,5.00,50대,1,0,0,1,4
14475,2.00,20대,0,0,0,1,4
14476,5.00,50대,0,0,0,1,5
14477,2.00,20대,0,1,0,0,5
14478,3.00,30대,0,1,0,0,5
14479,5.00,50대,1,0,1,0,5
14480,2.00,20대,0,1,0,0,4
14481,5.00,50대,0,1,0,1,5
14482,5.00,50대,1,1,0,0,5
14483,3.00,30대,0,1,0,0,5
14484,4.00,40대,0,1,0,0,5
14485,2.00,20대,1,1,0,0,4
14486,4.00,40대,1,1,0,0,5
14487,2.00,20대,0,1,0,0,4
14488,3.00,30대,0,1,0,0,5
14489,4.00,40대,1,1,1,0,4
14490,4.00,40대,0,1,0,0,4
14491,2.00,20대,1,1,0,0,4
14492,4.00,40대,0,0,1,0,5
14493,2.00,20대,1,1,0,0,4
14494,5.00,50대,0,1,0,1,3
14495,2.00,20대,1,1,0,0,4
14496,5.00,50대,1,1,0,0,5
14497,5.00,50대,0,0,1,0,5
14498,2.00,20대,0,1,1,0,4
14499,3.00,30대,1,0,1,0,4
14500,2.00,20대,1,1,0,0,4
14501,6.00,60대이상,0,1,0,0,3
14502,5.00,50대,0,1,0,0,4
14503,3.00,30대,1,1,1,0,5
14504,6.00,60대이상,1,0,0,1,4
14505,2.00,20대,1,1,0,0,4
14506,3.00,30대,1,1,0,1,5
14507,2.00,20대,1,1,0,0,5
14508,3.00,30대,1,1,0,0,4
14509,5.00,50대,1,1,1,0,5
14510,2.00,20대,1,1,1,0,5
14511,5.00,50대,0,1,0,0,5
14512,2.00,20대,0,1,0,0,5
14513,3.00,30대,1,1,0,0,5
14514,2.00,20대,1,1,0,0,5
14515,4.00,40대,1,1,0,1,4
14516,2.00,20대,1,1,0,0,4
14517,5.00,50대,1,0,0,0,4
14518,3.00,30대,0,0,0,0,4
14519,4.00,40대,0,0,0,0,4
14520,6.00,60대이상,1,1,0,0,5
14521,2.00,20대,0,0,1,0,5
14522,2.00,20대,1,1,0,0,4
14523,2.00,20대,1,1,0,0,5
14524,2.00,20대,1,1,0,0,4
14525,5.00,50대,0,1,0,1,5
14526,4.00,40대,1,1,0,0,5
14527,5.00,50대,1,1,1,0,4
14528,3.00,30대,0,1,0,0,5
14529,3.00,30대,0,0,0,0,4
14530,2.00,20대,0,1,0,0,5
14531,1.00,10대,1,0,0,0,3
14532,1.00,10대,1,0,0,0,5
14533,2.00,20대,0,1,0,1,4
14534,4.00,40대,1,1,0,0,5
14535,5.00,50대,0,0,1,0,5
14536,2.00,20대,1,1,0,0,5
14537,4.00,40대,0,1,0,0,5
14538,2.00,20대,1,1,0,0,4
14539,2.00,20대,0,1,0,0,4
14540,2.00,20대,1,1,0,0,5
14541,5.00,50대,1,1,0,0,4
14542,2.00,20대,0,1,0,0,5
14543,6.00,60대이상,1,1,0,0,5
14544,4.00,40대,0,1,0,0,4
14545,2.00,20대,1,1,0,0,5
14546,3.00,30대,1,1,0,0,5
14547,3.00,30대,0,1,0,0,4
14548,5.00,50대,1,1,0,0,5
14549,2.00,20대,0,0,0,1,5
14550,3.00,30대,0,1,0,0,4
14551,4.00,40대,1,1,0,0,4
14552,2.00,20대,0,1,0,0,5
14553,2.00,20대,0,0,1,0,5
14554,2.00,20대,1,1,0,0,4
14555,3.00,30대,1,1,0,0,5
14556,2.00,20대,0,1,0,0,5
14557,6.00,60대이상,1,1,0,1,4
14558,2.00,20대,1,1,0,0,4
14559,5.00,50대,1,1,1,0,5
14560,3.00,30대,1,0,1,0,5
14561,6.00,60대이상,1,1,0,0,5
14562,2.00,20대,0,1,0,0,4
14563,2.00,20대,1,1,0,0,5
14564,5.00,50대,0,1,0,0,5
14565,4.00,40대,0,1,0,0,5
14566,2.00,20대,1,1,1,0,5
14567,2.00,20대,1,1,1,0,5
14568,3.00,30대,1,1,0,0,5
14569,4.00,40대,0,1,0,1,5
14570,3.00,30대,0,1,0,0,3
14571,5.00,50대,1,1,0,1,4
14572,3.00,30대,1,1,0,0,4
14573,3.00,30대,0,1,0,0,5
14574,2.00,20대,1,1,1,0,5
14575,2.00,20대,0,1,0,0,5
14576,6.00,60대이상,1,1,0,0,4
14577,4.00,40대,1,1,0,0,3
14578,2.00,20대,0,1,0,0,5
14579,4.00,40대,0,0,0,0,5
14580,3.00,30대,1,1,1,0,5
14581,2.00,20대,0,1,1,0,5
14582,5.00,50대,0,0,0,0,5
14583,2.00,20대,1,1,0,0,5
14584,3.00,30대,0,1,0,0,4
14585,6.00,60대이상,1,1,0,1,4
14586,2.00,20대,0,1,0,0,5
14587,4.00,40대,1,1,1,0,4
14588,5.00,50대,1,1,0,0,5
14589,2.00,20대,1,1,0,0,5
14590,4.00,40대,0,1,0,0,4
14591,2.00,20대,1,1,0,0,5
14592,4.00,40대,1,1,0,1,4
14593,4.00,40대,1,1,0,0,5
14594,4.00,40대,1,1,0,0,5
14595,2.00,20대,0,1,0,0,5
14596,5.00,50대,0,1,0,0,5
14597,4.00,40대,1,1,0,0,5
14598,4.00,40대,1,1,0,0,4
14599,2.00,20대,0,1,0,1,5
14600,6.00,60대이상,1,1,0,0,4
14601,4.00,40대,0,1,0,0,4
14602,3.00,30대,1,1,0,0,5
14603,2.00,20대,1,1,1,0,5
14604,6.00,60대이상,1,1,1,0,4
14605,2.00,20대,0,1,0,0,2
14606,4.00,40대,1,1,0,0,5
14607,4.00,40대,1,1,0,0,5
14608,2.00,20대,1,1,0,0,5
14609,4.00,40대,1,1,1,0,4
14610,2.00,20대,0,1,0,0,5
14611,4.00,40대,0,1,0,0,4
14612,4.00,40대,0,1,0,0,4
14613,5.00,50대,1,1,0,0,4
14614,3.00,30대,1,1,0,1,4
14615,2.00,20대,1,1,0,0,5
14616,2.00,20대,0,1,0,0,4
14617,2.00,20대,1,1,0,0,5
14618,2.00,20대,0,1,0,0,5
14619,3.00,30대,1,1,0,0,4
14620,1.00,10대,1,1,0,0,5
14621,2.00,20대,0,1,0,0,5
14622,5.00,50대,1,1,0,0,5
14623,2.00,20대,0,1,0,0,5
14624,1.00,10대,1,1,0,0,5
14625,3.00,30대,1,1,0,0,5
14626,4.00,40대,0,1,0,1,3
14627,3.00,30대,1,1,0,0,5
14628,2.00,20대,1,1,0,0,5
14629,3.00,30대,0,1,1,0,5
14630,4.00,40대,1,1,0,1,4
14631,2.00,20대,1,1,1,0,4
14632,2.00,20대,1,1,0,0,5
14633,1.00,10대,1,1,0,0,5
14634,4.00,40대,1,1,1,0,5
14635,5.00,50대,0,1,0,0,3
14636,2.00,20대,1,1,0,0,5
14637,2.00,20대,1,1,0,0,5
14638,2.00,20대,1,1,0,1,5
14639,6.00,60대이상,1,1,0,0,5
14640,3.00,30대,0,1,0,0,5
14641,3.00,30대,1,1,0,0,5
14642,3.00,30대,0,1,0,0,5
14643,3.00,30대,0,1,0,0,5
14644,4.00,40대,0,0,1,0,5
14645,2.00,20대,1,1,1,0,4
14646,2.00,20대,0,1,0,0,5
14647,2.00,20대,0,1,0,0,5
14648,4.00,40대,0,0,1,0,4
14649,5.00,50대,1,1,0,0,4
14650,5.00,50대,0,1,0,0,4
14651,3.00,30대,0,1,0,1,5
14652,2.00,20대,0,1,0,0,4
14653,2.00,20대,0,1,1,0,5
14654,2.00,20대,1,1,0,0,5
14655,3.00,30대,0,1,0,1,3
14656,3.00,30대,1,0,0,0,3
14657,6.00,60대이상,1,1,0,0,5
14658,3.00,30대,1,1,1,0,5
14659,4.00,40대,0,1,1,0,4
14660,1.00,10대,1,0,0,0,4
14661,3.00,30대,0,1,0,0,4
14662,5.00,50대,0,1,0,0,5
14663,2.00,20대,0,1,1,0,5
14664,2.00,20대,1,1,0,0,5
14665,2.00,20대,1,0,0,0,5
14666,4.00,40대,1,1,0,0,4
14667,2.00,20대,1,1,1,0,4
14668,5.00,50대,0,0,0,0,4
14669,6.00,60대이상,1,1,0,0,5
14670,2.00,20대,1,1,1,0,4
14671,2.00,20대,0,1,0,0,5
14672,5.00,50대,0,0,0,0,3
14673,4.00,40대,0,1,0,0,5
14674,2.00,20대,1,1,0,0,1
14675,2.00,20대,0,0,1,0,5
14676,3.00,30대,1,1,0,0,5
14677,2.00,20대,0,0,1,0,5
14678,3.00,30대,0,1,0,0,5
14679,5.00,50대,0,1,0,0,4
14680,2.00,20대,0,1,0,1,5
14681,3.00,30대,0,0,1,0,5
14682,3.00,30대,0,0,1,0,5
14683,3.00,30대,0,0,1,0,5
14684,3.00,30대,0,1,0,0,5
14685,3.00,30대,0,0,1,0,5
14686,2.00,20대,1,1,0,1,5
14687,2.00,20대,0,1,1,0,5
14688,3.00,30대,0,0,0,0,5
14689,4.00,40대,1,1,0,1,5
14690,3.00,30대,0,1,1,0,5
14691,5.00,50대,1,1,0,0,4
14692,3.00,30대,0,1,1,0,5
14693,3.00,30대,1,1,0,0,4
14694,5.00,50대,1,1,0,0,5
14695,3.00,30대,0,0,0,0,5
14696,5.00,50대,1,1,1,0,4
14697,2.00,20대,1,1,0,1,4
14698,6.00,60대이상,0,0,0,0,5
14699,2.00,20대,1,1,1,0,5
14700,2.00,20대,0,1,0,0,4
14701,2.00,20대,1,1,0,1,5
14702,2.00,20대,0,1,0,0,5
14703,2.00,20대,1,1,0,0,4
14704,3.00,30대,0,1,1,0,3
14705,4.00,40대,1,1,0,0,5
14706,4.00,40대,1,1,0,0,4
14707,2.00,20대,0,1,0,0,5
14708,2.00,20대,1,1,0,0,4
14709,3.00,30대,1,1,0,0,4
14710,3.00,30대,1,1,0,0,5
14711,4.00,40대,0,1,1,0,4
14712,3.00,30대,1,1,0,0,4
14713,3.00,30대,1,1,0,0,5
14714,2.00,20대,0,1,0,0,5
14715,1.00,10대,0,1,1,0,4
14716,2.00,20대,0,1,0,1,5
14717,4.00,40대,0,1,0,0,5
14718,4.00,40대,1,1,0,0,5
14719,3.00,30대,0,1,0,0,4
14720,3.00,30대,1,1,0,0,3
14721,4.00,40대,0,0,0,0,5
14722,2.00,20대,1,1,0,0,5
14723,3.00,30대,0,1,0,0,4
14724,2.00,20대,1,1,0,0,5
14725,3.00,30대,1,1,0,0,5
14726,4.00,40대,0,1,1,0,4
14727,3.00,30대,1,1,0,0,5
14728,2.00,20대,1,1,0,0,5
14729,2.00,20대,1,1,0,0,5
14730,5.00,50대,0,1,0,0,5
14731,3.00,30대,0,1,0,0,4
14732,3.00,30대,1,1,0,0,5
14733,2.00,20대,1,0,0,0,4
14734,4.00,40대,0,1,0,1,5
14735,4.00,40대,1,1,1,0,5
14736,6.00,60대이상,1,1,0,0,5
14737,4.00,40대,1,1,0,1,5
14738,2.00,20대,1,1,0,1,5
14739,3.00,30대,0,1,0,1,5
14740,4.00,40대,0,1,0,0,4
14741,5.00,50대,0,0,1,0,4
14742,1.00,10대,0,1,0,0,5
14743,3.00,30대,1,1,0,0,5
14744,3.00,30대,1,1,1,0,4
14745,3.00,30대,0,1,0,0,4
14746,4.00,40대,0,1,0,0,5
14747,4.00,40대,1,1,0,0,4
14748,3.00,30대,0,1,0,0,4
14749,5.00,50대,1,0,0,0,4
14750,2.00,20대,1,1,0,0,4
14751,2.00,20대,0,1,1,0,5
14752,3.00,30대,0,1,0,0,5
14753,5.00,50대,1,1,0,0,4
14754,4.00,40대,1,1,0,0,5
14755,1.00,10대,0,1,0,0,5
14756,4.00,40대,1,1,0,0,5
14757,3.00,30대,1,1,0,0,4
14758,3.00,30대,1,1,0,0,4
14759,2.00,20대,1,1,0,0,5
14760,3.00,30대,1,1,1,0,5
14761,3.00,30대,0,1,1,0,5
14762,1.00,10대,1,1,0,0,5
14763,2.00,20대,0,1,0,0,4
14764,3.00,30대,1,1,0,0,5
14765,2.00,20대,0,1,0,0,5
14766,5.00,50대,1,0,1,0,5
14767,4.00,40대,0,1,1,0,5
14768,6.00,60대이상,1,0,0,1,4
14769,4.00,40대,1,1,0,0,5
14770,5.00,50대,1,1,0,0,5
14771,5.00,50대,0,0,0,1,5
14772,4.00,40대,1,1,0,0,5
14773,3.00,30대,1,1,0,0,5
14774,4.00,40대,0,1,0,0,5
14775,3.00,30대,0,1,0,0,5
14776,2.00,20대,0,1,0,0,5
14777,5.00,50대,1,1,0,0,4
14778,2.00,20대,1,1,0,0,5
14779,1.00,10대,1,1,0,0,5
14780,3.00,30대,1,1,0,0,5
14781,3.00,30대,0,1,0,0,4
14782,4.00,40대,1,1,0,0,5
14783,2.00,20대,1,1,0,0,4
14784,4.00,40대,1,1,0,0,4
14785,3.00,30대,1,1,0,0,5
14786,2.00,20대,0,1,0,0,5
14787,4.00,40대,1,1,1,0,5
14788,3.00,30대,0,1,0,0,5
14789,3.00,30대,1,1,0,0,4
14790,3.00,30대,1,1,0,0,5
14791,5.00,50대,1,0,0,0,5
14792,2.00,20대,1,0,0,0,5
14793,4.00,40대,0,1,0,0,5
14794,3.00,30대,0,1,1,0,4
14795,2.00,20대,0,1,0,1,5
14796,3.00,30대,0,0,0,0,5
14797,2.00,20대,1,0,0,0,5
14798,2.00,20대,1,0,0,0,5
14799,3.00,30대,0,1,0,0,5
14800,2.00,20대,0,1,0,0,4
14801,3.00,30대,1,1,0,0,5
14802,2.00,20대,0,1,0,0,5
14803,3.00,30대,1,1,0,0,4
14804,5.00,50대,1,1,1,0,5
14805,3.00,30대,1,1,0,0,4
14806,5.00,50대,0,1,0,0,4
14807,2.00,20대,1,1,0,0,5
14808,4.00,40대,0,0,0,0,5
14809,3.00,30대,1,1,0,0,5
14810,2.00,20대,1,1,0,0,5
14811,5.00,50대,0,1,0,0,5
14812,2.00,20대,1,1,0,0,4
14813,2.00,20대,0,1,0,0,4
14814,3.00,30대,1,1,0,0,5
14815,2.00,20대,0,1,0,0,4
14816,4.00,40대,0,0,0,1,4
14817,5.00,50대,0,1,0,0,5
14818,2.00,20대,1,1,0,1,4
14819,5.00,50대,1,1,0,0,5
14820,2.00,20대,1,1,0,0,5
14821,4.00,40대,1,1,0,0,4
14822,4.00,40대,1,1,0,1,4
14823,5.00,50대,0,1,0,1,4
14824,2.00,20대,0,1,0,0,5
14825,5.00,50대,1,1,0,0,5
14826,2.00,20대,0,1,0,1,4
14827,3.00,30대,1,1,0,0,5
14828,2.00,20대,0,1,0,0,4
14829,2.00,20대,0,1,1,0,4
14830,5.00,50대,1,0,1,0,4
14831,4.00,40대,0,1,0,0,5
14832,6.00,60대이상,1,1,0,1,5
14833,3.00,30대,1,1,0,0,5
14834,3.00,30대,1,1,0,0,5
14835,3.00,30대,1,1,0,0,5
14836,2.00,20대,0,1,0,1,4
14837,2.00,20대,1,1,1,0,5
14838,2.00,20대,1,0,0,0,4
14839,2.00,20대,1,1,0,0,5
14840,4.00,40대,0,1,0,0,5
14841,3.00,30대,1,1,0,0,4
14842,2.00,20대,0,1,0,1,5
14843,2.00,20대,0,1,0,0,5
14844,2.00,20대,0,1,0,1,5
14845,4.00,40대,0,0,0,0,5
14846,5.00,50대,1,1,0,0,5
14847,2.00,20대,1,1,0,0,5
14848,3.00,30대,1,1,1,0,4
14849,6.00,60대이상,1,1,0,0,5
14850,4.00,40대,1,0,1,0,4
14851,3.00,30대,1,1,0,1,5
14852,3.00,30대,1,1,0,0,5
14853,2.00,20대,1,1,0,0,5
14854,2.00,20대,0,1,0,0,5
14855,3.00,30대,1,1,0,0,5
14856,3.00,30대,1,1,0,0,5
14857,2.00,20대,1,1,0,0,5
14858,2.00,20대,0,1,0,0,5
14859,4.00,40대,1,1,0,0,5
14860,3.00,30대,0,1,1,0,5
14861,2.00,20대,0,1,0,0,5
14862,2.00,20대,1,1,0,0,5
14863,2.00,20대,0,1,0,0,5
14864,3.00,30대,1,1,0,1,4
14865,4.00,40대,1,1,0,0,4
14866,4.00,40대,0,1,0,0,5
14867,2.00,20대,0,1,0,0,5
14868,2.00,20대,1,1,0,0,5
14869,5.00,50대,1,0,0,0,5
14870,2.00,20대,0,1,0,0,4
14871,3.00,30대,1,0,1,0,4
14872,1.00,10대,0,1,0,1,5
14873,3.00,30대,1,1,1,0,5
14874,5.00,50대,1,1,0,0,4
14875,2.00,20대,1,1,0,0,5
14876,2.00,20대,0,0,0,1,4
14877,1.00,10대,1,1,0,0,5
14878,3.00,30대,1,1,0,0,4
14879,4.00,40대,1,1,0,0,5
14880,5.00,50대,0,1,0,0,5
14881,4.00,40대,1,1,1,0,4
14882,5.00,50대,1,1,0,1,5
14883,3.00,30대,0,1,0,0,5
14884,3.00,30대,1,0,0,0,5
14885,2.00,20대,1,1,0,1,5
14886,2.00,20대,1,1,0,0,5
14887,2.00,20대,1,1,0,0,4
14888,3.00,30대,0,1,0,1,4
14889,4.00,40대,1,0,0,1,5
14890,5.00,50대,1,0,1,0,4
14891,3.00,30대,1,0,0,1,5
14892,4.00,40대,0,0,0,1,5
14893,3.00,30대,1,0,0,0,5
14894,4.00,40대,0,0,1,0,5
14895,3.00,30대,0,0,0,0,5
14896,3.00,30대,0,0,1,0,3
14897,5.00,50대,1,1,0,0,5
14898,4.00,40대,0,1,0,0,3
14899,4.00,40대,1,1,0,0,5
14900,5.00,50대,0,1,0,0,5
14901,4.00,40대,0,0,0,0,5
14902,3.00,30대,1,1,0,0,5
14903,2.00,20대,1,0,0,1,5
14904,4.00,40대,1,1,0,0,4
14905,6.00,60대이상,0,0,0,1,5
14906,4.00,40대,0,1,1,0,5
14907,6.00,60대이상,0,0,1,0,5
14908,5.00,50대,0,1,0,0,5
14909,2.00,20대,0,1,0,1,4
14910,2.00,20대,0,0,0,1,5
14911,1.00,10대,0,0,0,1,5
14912,5.00,50대,1,1,0,0,5
14913,6.00,60대이상,0,0,0,1,5
14914,6.00,60대이상,0,1,0,1,5
14915,2.00,20대,0,1,1,0,5
14916,2.00,20대,1,1,1,0,5
14917,6.00,60대이상,0,1,0,0,5
14918,2.00,20대,1,0,1,0,5
14919,2.00,20대,0,1,1,0,4
14920,2.00,20대,1,1,0,0,5
14921,5.00,50대,1,1,0,0,4
14922,5.00,50대,1,1,0,0,3
14923,2.00,20대,1,0,0,0,5
14924,3.00,30대,0,1,0,0,5
14925,2.00,20대,1,1,0,0,5
14926,5.00,50대,1,1,0,0,5
14927,2.00,20대,0,1,0,0,4
14928,5.00,50대,0,1,0,0,4
14929,2.00,20대,1,1,1,0,5
14930,4.00,40대,1,1,0,0,5
14931,3.00,30대,0,1,0,0,5
14932,3.00,30대,1,1,0,1,5
14933,4.00,40대,1,1,0,0,3
14934,2.00,20대,0,1,0,0,5
14935,3.00,30대,0,1,1,0,5
14936,5.00,50대,1,1,1,0,5
14937,3.00,30대,1,1,0,0,5
14938,2.00,20대,0,1,0,0,5
14939,2.00,20대,0,1,1,0,4
14940,3.00,30대,1,0,0,0,5
14941,2.00,20대,1,0,0,0,5
14942,2.00,20대,1,1,0,0,5
14943,5.00,50대,1,1,0,0,5
14944,2.00,20대,0,1,0,0,3
14945,2.00,20대,0,1,0,0,5
14946,4.00,40대,1,1,0,0,5
14947,4.00,40대,1,0,0,0,5
14948,2.00,20대,0,1,0,0,5
14949,4.00,40대,1,1,0,0,5
14950,2.00,20대,1,1,0,0,5
14951,5.00,50대,1,1,0,0,5
14952,2.00,20대,1,1,0,0,5
14953,6.00,60대이상,1,1,0,1,5
14954,3.00,30대,1,1,0,0,5
14955,3.00,30대,0,1,0,0,5
14956,2.00,20대,1,1,0,0,5
14957,2.00,20대,1,1,0,0,5
14958,4.00,40대,0,1,0,0,4
14959,2.00,20대,0,1,0,0,5
14960,2.00,20대,1,1,0,0,5
14961,3.00,30대,1,1,0,0,5
14962,5.00,50대,1,1,1,0,5
14963,2.00,20대,1,1,0,1,1
14964,2.00,20대,0,1,0,0,4
14965,4.00,40대,1,1,1,0,5
14966,2.00,20대,1,1,0,0,5
14967,4.00,40대,0,1,1,0,5
14968,3.00,30대,0,1,0,0,5
14969,2.00,20대,0,1,0,0,4
14970,3.00,30대,0,1,0,0,3
14971,2.00,20대,1,1,0,0,2
14972,2.00,20대,0,1,0,0,5
14973,4.00,40대,1,1,0,1,4
14974,3.00,30대,1,1,0,0,5
14975,2.00,20대,0,1,0,1,5
14976,3.00,30대,0,1,0,0,5
14977,4.00,40대,0,1,0,0,5
14978,4.00,40대,1,1,0,0,5
14979,5.00,50대,1,1,1,0,5
14980,2.00,20대,0,1,0,0,5
14981,3.00,30대,1,1,0,0,5
14982,2.00,20대,1,1,0,0,5
14983,2.00,20대,0,1,1,0,5
14984,6.00,60대이상,0,1,0,0,3
14985,4.00,40대,0,0,0,0,4
14986,4.00,40대,0,1,0,0,4
14987,2.00,20대,0,1,0,0,4
14988,2.00,20대,0,1,0,0,4
14989,5.00,50대,1,1,1,0,5
14990,4.00,40대,0,1,0,0,5
14991,2.00,20대,0,1,0,0,5
14992,5.00,50대,1,1,0,0,5
14993,2.00,20대,0,1,0,0,5
14994,2.00,20대,0,1,0,0,3
14995,3.00,30대,1,1,0,0,5
14996,2.00,20대,1,1,0,0,5
14997,2.00,20대,0,1,0,0,5
14998,5.00,50대,1,1,0,0,5
14999,5.00,50대,0,1,1,0,4
15000,4.00,40대,1,1,0,0,5
15001,5.00,50대,0,1,1,0,4
15002,4.00,40대,1,1,0,0,5
15003,2.00,20대,0,1,0,0,4
15004,3.00,30대,0,1,0,0,4
15005,3.00,30대,1,1,0,0,4
15006,2.00,20대,1,1,0,1,5
15007,4.00,40대,0,1,0,0,5
15008,3.00,30대,1,1,0,0,4
15009,2.00,20대,0,1,0,0,4
15010,4.00,40대,0,1,0,0,5
15011,3.00,30대,1,1,0,0,5
15012,6.00,60대이상,1,1,0,0,5
15013,2.00,20대,0,1,0,0,4
15014,2.00,20대,1,1,0,0,5
15015,3.00,30대,1,1,0,0,4
15016,2.00,20대,1,1,0,0,5
15017,3.00,30대,1,1,0,0,5
15018,3.00,30대,0,0,0,0,4
15019,3.00,30대,0,1,0,0,5
15020,5.00,50대,1,1,1,0,4
15021,3.00,30대,1,1,0,0,5
15022,5.00,50대,0,1,1,0,5
15023,2.00,20대,1,1,0,0,5
15024,3.00,30대,0,1,0,0,5
15025,3.00,30대,1,1,0,0,5
15026,3.00,30대,1,1,1,0,5
15027,2.00,20대,1,1,0,0,5
15028,3.00,30대,1,1,0,0,5
15029,3.00,30대,1,1,0,0,5
15030,5.00,50대,1,1,0,0,5
15031,3.00,30대,1,1,0,0,5
15032,2.00,20대,1,1,0,0,5
15033,3.00,30대,1,1,1,0,5
15034,5.00,50대,1,1,0,0,5
15035,3.00,30대,1,1,0,0,5
15036,5.00,50대,1,1,1,0,4
15037,2.00,20대,0,1,0,0,5
15038,2.00,20대,1,1,0,0,5
15039,4.00,40대,0,1,0,0,4
15040,2.00,20대,0,0,0,0,4
15041,4.00,40대,1,1,0,0,5
15042,3.00,30대,0,1,0,0,4
15043,3.00,30대,1,1,0,0,5
15044,4.00,40대,0,1,1,0,5
15045,4.00,40대,1,1,1,0,4
15046,2.00,20대,0,0,1,0,5
15047,4.00,40대,1,1,0,0,5
15048,4.00,40대,1,1,0,0,5
15049,2.00,20대,1,1,0,0,5
15050,5.00,50대,1,0,1,0,5
15051,3.00,30대,1,1,0,0,4
15052,3.00,30대,0,1,0,1,4
15053,2.00,20대,1,1,0,0,5
15054,6.00,60대이상,1,1,0,1,5
15055,2.00,20대,1,1,0,0,5
15056,4.00,40대,0,1,0,0,5
15057,2.00,20대,1,1,0,0,5
15058,2.00,20대,0,0,1,0,5
15059,2.00,20대,1,1,0,0,5
15060,2.00,20대,1,1,0,0,5
15061,3.00,30대,1,1,0,0,5
15062,3.00,30대,1,1,1,0,5
15063,5.00,50대,0,1,0,0,4
15064,2.00,20대,1,1,0,0,5
15065,3.00,30대,0,1,0,1,4
15066,3.00,30대,1,1,0,1,5
15067,2.00,20대,1,1,1,0,4
15068,5.00,50대,1,1,0,0,5
15069,3.00,30대,1,1,0,0,5
15070,2.00,20대,0,1,1,0,4
15071,2.00,20대,1,1,0,0,5
15072,5.00,50대,1,1,0,0,5
15073,3.00,30대,1,1,0,0,4
15074,4.00,40대,1,1,0,0,5
15075,2.00,20대,1,1,0,0,5
15076,2.00,20대,1,1,0,0,5
15077,3.00,30대,1,1,0,0,5
15078,2.00,20대,1,1,0,0,5
15079,5.00,50대,0,0,0,0,5
15080,4.00,40대,1,0,0,0,4
15081,3.00,30대,0,1,0,0,5
15082,5.00,50대,1,1,0,0,5
15083,2.00,20대,1,1,0,1,4
15084,2.00,20대,1,1,0,0,5
15085,5.00,50대,0,1,0,0,5
15086,6.00,60대이상,0,1,0,0,5
15087,4.00,40대,0,1,0,0,5
15088,5.00,50대,1,1,0,0,5
15089,3.00,30대,1,1,0,0,5
15090,4.00,40대,0,1,0,0,5
15091,5.00,50대,1,1,0,0,5
15092,4.00,40대,0,1,0,0,5
15093,2.00,20대,1,1,0,0,5
15094,3.00,30대,0,1,0,0,5
15095,4.00,40대,1,1,0,0,4
15096,6.00,60대이상,1,1,0,0,4
15097,3.00,30대,0,0,0,0,5
15098,4.00,40대,1,1,0,0,4
15099,5.00,50대,0,1,0,0,4
15100,2.00,20대,1,1,0,0,4
15101,3.00,30대,0,1,0,0,5
15102,3.00,30대,1,1,0,0,3
15103,3.00,30대,1,1,0,0,5
15104,5.00,50대,0,1,0,0,4
15105,3.00,30대,1,1,0,0,5
15106,2.00,20대,1,1,0,0,4
15107,2.00,20대,1,1,0,0,3
15108,6.00,60대이상,1,1,0,0,5
15109,3.00,30대,0,1,0,1,3
15110,3.00,30대,1,1,0,0,5
15111,3.00,30대,0,1,0,1,5
15112,3.00,30대,1,1,0,1,3
15113,2.00,20대,1,1,1,0,5
15114,3.00,30대,1,1,0,0,5
15115,2.00,20대,1,1,1,0,4
15116,3.00,30대,0,1,0,0,5
15117,2.00,20대,1,1,0,0,5
15118,2.00,20대,1,1,0,0,5
15119,4.00,40대,1,1,0,0,5
15120,3.00,30대,0,1,0,0,4
15121,3.00,30대,0,1,0,0,5
15122,2.00,20대,0,1,0,0,5
15123,3.00,30대,0,1,0,0,5
15124,3.00,30대,1,1,0,0,5
15125,3.00,30대,0,1,0,0,4
15126,2.00,20대,1,1,1,0,5
15127,2.00,20대,1,1,0,0,4
15128,4.00,40대,1,1,0,0,5
15129,3.00,30대,1,1,0,0,5
15130,2.00,20대,1,1,0,0,4
15131,4.00,40대,1,1,1,0,5
15132,3.00,30대,1,1,1,0,5
15133,3.00,30대,1,1,0,0,4
15134,2.00,20대,1,1,0,0,4
15135,2.00,20대,0,1,0,0,4
15136,2.00,20대,1,1,0,0,5
15137,3.00,30대,1,1,0,0,5
15138,2.00,20대,1,1,0,0,5
15139,2.00,20대,0,1,0,0,4
15140,2.00,20대,1,1,0,0,5
15141,3.00,30대,1,1,0,0,4
15142,2.00,20대,0,1,0,0,5
15143,2.00,20대,0,1,0,0,4
15144,2.00,20대,0,1,0,0,5
15145,3.00,30대,1,1,0,0,5
15146,3.00,30대,0,1,0,0,5
15147,3.00,30대,1,1,0,0,4
15148,4.00,40대,0,1,0,1,4
15149,3.00,30대,1,1,0,0,5
15150,2.00,20대,1,1,1,0,5
15151,3.00,30대,1,1,0,0,5
15152,2.00,20대,0,1,1,0,5
15153,4.00,40대,1,1,0,0,4
15154,2.00,20대,1,1,0,0,5
15155,3.00,30대,1,1,0,0,5
15156,2.00,20대,0,1,0,0,5
15157,2.00,20대,0,1,0,0,4
15158,5.00,50대,0,1,0,0,5
15159,2.00,20대,1,1,0,0,5
15160,4.00,40대,1,1,1,0,4
15161,4.00,40대,0,1,0,0,3
15162,4.00,40대,1,0,0,1,5
15163,2.00,20대,1,1,1,0,5
15164,3.00,30대,1,1,0,1,5
15165,2.00,20대,1,1,0,0,5
15166,2.00,20대,1,1,0,0,5
15167,2.00,20대,1,1,1,0,4
15168,3.00,30대,0,1,0,0,5
15169,3.00,30대,0,1,0,0,4
15170,2.00,20대,1,1,0,0,5
15171,3.00,30대,1,1,1,0,5
15172,4.00,40대,0,1,1,0,4
15173,3.00,30대,1,1,1,0,4
15174,2.00,20대,1,1,0,1,5
15175,3.00,30대,0,1,0,0,4
15176,3.00,30대,1,1,0,1,5
15177,2.00,20대,1,1,1,0,5
15178,4.00,40대,0,1,0,0,5
15179,4.00,40대,1,1,0,1,5
15180,2.00,20대,1,1,0,1,5
15181,4.00,40대,1,1,0,1,5
15182,5.00,50대,1,1,0,1,5
15183,2.00,20대,0,1,0,0,5
15184,4.00,40대,1,1,0,0,5
15185,5.00,50대,1,1,0,0,5
15186,5.00,50대,1,1,0,0,5
15187,2.00,20대,1,1,0,0,4
15188,2.00,20대,0,0,1,0,5
15189,3.00,30대,0,0,1,0,5
15190,2.00,20대,0,0,1,0,5
15191,2.00,20대,0,0,1,0,5
15192,4.00,40대,1,1,0,0,4
15193,3.00,30대,0,1,0,0,5
15194,3.00,30대,0,0,0,0,5
15195,4.00,40대,1,1,0,0,5
15196,6.00,60대이상,0,1,1,0,5
15197,2.00,20대,0,0,0,1,5
15198,2.00,20대,0,0,1,0,5
15199,5.00,50대,1,1,0,0,5
15200,2.00,20대,0,0,1,0,5
15201,5.00,50대,1,1,0,1,4
15202,5.00,50대,1,1,0,0,4
15203,2.00,20대,0,0,1,0,5
15204,3.00,30대,0,0,0,0,5
15205,1.00,10대,1,1,0,0,5
15206,2.00,20대,1,1,0,0,5
15207,3.00,30대,0,0,1,0,5
15208,4.00,40대,0,1,0,0,5
15209,2.00,20대,1,1,1,0,4
15210,2.00,20대,1,1,0,0,4
15211,2.00,20대,1,0,0,0,4
15212,3.00,30대,0,0,1,0,5
15213,3.00,30대,0,1,0,0,5
15214,5.00,50대,1,1,0,0,4
15215,2.00,20대,0,0,0,0,5
15216,2.00,20대,1,1,0,0,5
15217,4.00,40대,1,1,0,0,3
15218,3.00,30대,1,1,0,0,5
15219,2.00,20대,1,1,1,0,4
15220,6.00,60대이상,1,1,0,0,4
15221,3.00,30대,1,1,0,0,5
15222,5.00,50대,1,0,0,1,4
15223,2.00,20대,0,1,0,0,4
15224,2.00,20대,1,1,0,0,5
15225,3.00,30대,0,1,0,0,5
15226,5.00,50대,1,0,0,1,5
15227,2.00,20대,1,1,0,0,4
15228,2.00,20대,0,0,0,0,5
15229,2.00,20대,1,0,0,0,5
15230,2.00,20대,1,1,0,0,4
15231,3.00,30대,0,0,0,1,5
15232,2.00,20대,1,1,0,1,5
15233,3.00,30대,0,0,1,0,5
15234,4.00,40대,0,1,0,0,4
15235,2.00,20대,0,1,0,0,4
15236,2.00,20대,0,0,1,0,5
15237,3.00,30대,0,1,0,0,5
15238,3.00,30대,1,1,0,1,5
15239,3.00,30대,0,0,1,0,5
15240,2.00,20대,0,0,1,0,5
15241,2.00,20대,1,1,0,1,5
15242,2.00,20대,0,0,1,0,5
15243,3.00,30대,1,1,0,0,5
15244,3.00,30대,0,1,1,0,5
15245,3.00,30대,0,0,0,0,5
15246,2.00,20대,0,1,1,0,5
15247,1.00,10대,0,0,1,0,4
15248,6.00,60대이상,1,1,0,0,5
15249,3.00,30대,0,1,0,0,3
15250,2.00,20대,0,1,0,0,5
15251,4.00,40대,0,1,0,1,5
15252,2.00,20대,0,0,1,0,5
15253,4.00,40대,1,1,0,0,4
15254,3.00,30대,0,0,1,0,5
15255,3.00,30대,0,0,0,0,5
15256,4.00,40대,1,1,1,0,4
15257,3.00,30대,0,1,0,0,5
15258,3.00,30대,0,0,0,0,5
15259,5.00,50대,0,1,0,0,4
15260,4.00,40대,1,1,0,0,5
15261,6.00,60대이상,0,1,0,0,5
15262,3.00,30대,0,1,0,0,5
15263,5.00,50대,1,1,0,0,5
15264,5.00,50대,0,1,0,0,5
15265,3.00,30대,0,0,0,0,5
15266,3.00,30대,0,0,1,0,5
15267,2.00,20대,0,0,0,0,5
15268,3.00,30대,0,0,0,0,4
15269,4.00,40대,1,1,0,0,5
15270,2.00,20대,1,1,1,0,5
15271,4.00,40대,1,1,1,0,4
15272,2.00,20대,1,1,0,0,5
15273,3.00,30대,0,1,1,0,5
15274,3.00,30대,0,1,0,0,5
15275,3.00,30대,0,1,0,0,5
15276,4.00,40대,1,1,0,0,5
15277,3.00,30대,0,0,1,0,5
15278,3.00,30대,0,0,0,0,5
15279,5.00,50대,1,0,1,0,5
15280,3.00,30대,1,1,0,0,4
15281,2.00,20대,1,1,0,0,5
15282,3.00,30대,1,0,1,0,5
15283,3.00,30대,0,1,0,0,5
15284,2.00,20대,1,1,0,0,5
15285,3.00,30대,0,1,0,0,5
15286,1.00,10대,1,1,0,0,5
15287,2.00,20대,1,1,1,0,5
15288,5.00,50대,0,1,0,0,3
15289,3.00,30대,0,1,0,1,5
15290,2.00,20대,1,1,1,0,5
15291,4.00,40대,1,1,0,0,4
15292,2.00,20대,1,1,0,0,5
15293,3.00,30대,1,1,0,0,4
15294,3.00,30대,0,0,0,0,5
15295,2.00,20대,1,1,0,1,4
15296,2.00,20대,1,1,0,1,5
15297,2.00,20대,0,1,0,0,5
15298,3.00,30대,1,1,1,0,5
15299,3.00,30대,0,1,0,0,4
15300,2.00,20대,0,1,0,0,4
15301,3.00,30대,0,1,0,0,4
15302,3.00,30대,0,0,0,0,5
15303,4.00,40대,1,1,0,0,4
15304,4.00,40대,1,1,0,0,4
15305,2.00,20대,1,1,0,0,5
15306,3.00,30대,0,1,1,0,5
15307,3.00,30대,0,1,1,0,5
15308,4.00,40대,0,1,0,0,5
15309,3.00,30대,1,1,0,1,5
15310,4.00,40대,1,1,0,0,5
15311,3.00,30대,1,1,1,0,5
15312,3.00,30대,0,1,0,0,5
15313,2.00,20대,1,1,0,0,5
15314,4.00,40대,1,1,0,0,5
15315,4.00,40대,1,1,0,0,5
15316,4.00,40대,1,1,0,0,4
15317,4.00,40대,0,1,0,0,5
15318,3.00,30대,1,1,1,0,5
15319,3.00,30대,0,1,1,0,5
15320,3.00,30대,0,1,1,0,5
15321,3.00,30대,0,1,0,0,4
15322,2.00,20대,1,1,0,0,5
15323,2.00,20대,1,1,0,0,5
15324,2.00,20대,0,1,0,0,5
15325,2.00,20대,1,1,0,0,5
15326,2.00,20대,1,1,0,0,4
15327,2.00,20대,0,1,0,0,4
15328,3.00,30대,1,1,0,0,5
15329,2.00,20대,0,1,0,0,4
15330,3.00,30대,1,1,0,0,5
15331,4.00,40대,1,1,0,0,4
15332,3.00,30대,1,1,0,0,4
15333,3.00,30대,1,1,1,0,5
15334,2.00,20대,0,1,0,0,5
15335,2.00,20대,1,1,0,0,5
15336,3.00,30대,1,1,1,0,4
15337,3.00,30대,1,1,0,0,5
15338,2.00,20대,0,1,0,0,5
15339,3.00,30대,0,1,0,0,5
15340,4.00,40대,1,1,0,0,5
15341,2.00,20대,0,1,0,0,5
15342,3.00,30대,0,1,0,0,4
15343,2.00,20대,1,0,0,0,4
15344,2.00,20대,1,1,0,0,4
15345,2.00,20대,1,1,1,0,5
15346,4.00,40대,0,1,0,0,5
15347,3.00,30대,0,0,0,1,4
15348,3.00,30대,0,1,0,0,5
15349,3.00,30대,0,1,0,0,5
15350,3.00,30대,1,1,0,0,5
15351,4.00,40대,1,1,1,0,5
15352,2.00,20대,0,1,0,0,5
15353,2.00,20대,1,1,1,0,5
15354,5.00,50대,0,1,0,0,5
15355,2.00,20대,0,1,0,0,5
15356,4.00,40대,1,1,0,0,5
15357,2.00,20대,1,1,0,0,5
15358,2.00,20대,1,1,0,0,5
15359,2.00,20대,1,1,0,0,5
15360,2.00,20대,0,1,0,0,5
15361,5.00,50대,0,0,1,0,5
15362,3.00,30대,1,1,0,0,5
15363,2.00,20대,0,1,0,0,4
15364,3.00,30대,0,1,0,0,5
15365,3.00,30대,1,1,0,0,5
15366,3.00,30대,1,1,0,0,5
15367,4.00,40대,0,1,1,0,5
15368,3.00,30대,0,1,0,0,5
15369,2.00,20대,1,1,0,1,5
15370,3.00,30대,0,1,0,0,5
15371,3.00,30대,0,1,0,1,5
15372,2.00,20대,1,1,0,0,4
15373,4.00,40대,0,1,0,0,4
15374,2.00,20대,1,1,0,0,4
15375,5.00,50대,1,1,0,0,4
15376,5.00,50대,0,1,0,0,5
15377,3.00,30대,0,1,1,0,5
15378,2.00,20대,1,1,0,0,5
15379,2.00,20대,1,1,0,0,5
15380,2.00,20대,1,1,0,0,5
15381,3.00,30대,0,1,0,0,5
15382,2.00,20대,0,1,1,0,5
15383,3.00,30대,1,1,0,0,5
15384,2.00,20대,0,1,0,0,5
15385,2.00,20대,0,1,0,0,5
15386,3.00,30대,1,1,1,0,5
15387,4.00,40대,1,1,1,0,5
15388,2.00,20대,0,1,0,0,5
15389,2.00,20대,1,1,1,0,5
15390,4.00,40대,1,1,0,0,4
15391,2.00,20대,1,1,1,0,5
15392,3.00,30대,1,1,0,1,5
15393,3.00,30대,1,1,1,0,5
15394,4.00,40대,1,1,0,0,5
15395,2.00,20대,1,1,0,0,5
15396,2.00,20대,1,1,0,0,5
15397,2.00,20대,1,1,0,1,5
15398,3.00,30대,1,1,0,0,4
15399,5.00,50대,1,1,0,0,5
15400,4.00,40대,1,1,0,0,5
15401,6.00,60대이상,1,0,1,0,5
15402,4.00,40대,1,1,1,0,5
15403,5.00,50대,1,1,0,0,5
15404,3.00,30대,1,1,1,0,5
15405,4.00,40대,1,1,0,0,3
15406,2.00,20대,0,1,0,0,5
15407,4.00,40대,1,1,0,0,4
15408,2.00,20대,1,1,0,0,5
15409,4.00,40대,1,1,0,0,4
15410,2.00,20대,0,1,0,0,4
15411,3.00,30대,1,1,0,0,5
15412,2.00,20대,0,1,0,0,5
15413,2.00,20대,1,1,1,0,5
15414,3.00,30대,1,1,0,0,5
15415,2.00,20대,1,1,0,1,4
15416,4.00,40대,1,1,0,1,4
15417,1.00,10대,0,1,0,0,5
15418,4.00,40대,0,1,0,0,5
15419,2.00,20대,0,1,0,0,5
15420,4.00,40대,1,1,0,0,5
15421,2.00,20대,0,1,0,0,5
15422,2.00,20대,1,1,0,0,4
15423,5.00,50대,1,1,0,0,5
15424,2.00,20대,0,1,0,0,5
15425,2.00,20대,1,1,0,0,5
15426,4.00,40대,0,1,0,1,4
15427,4.00,40대,1,1,0,0,5
15428,3.00,30대,1,1,0,1,4
15429,3.00,30대,1,1,1,0,5
15430,2.00,20대,1,1,0,0,5
15431,5.00,50대,1,1,0,0,5
15432,1.00,10대,0,0,0,1,4
15433,2.00,20대,0,1,1,0,5
15434,3.00,30대,0,1,0,0,5
15435,5.00,50대,1,1,0,0,5
15436,3.00,30대,1,1,0,0,5
15437,3.00,30대,0,1,0,1,5
15438,3.00,30대,0,1,1,0,5
15439,2.00,20대,0,0,0,0,5
15440,3.00,30대,0,1,0,0,4
15441,2.00,20대,1,1,0,0,4
15442,3.00,30대,0,0,0,0,4
15443,4.00,40대,0,1,1,0,5
15444,3.00,30대,1,1,0,1,5
15445,5.00,50대,0,1,1,0,4
15446,4.00,40대,0,1,0,0,5
15447,2.00,20대,1,1,1,0,5
15448,3.00,30대,0,1,0,1,5
15449,4.00,40대,1,1,0,1,4
15450,3.00,30대,0,1,0,0,5
15451,2.00,20대,1,1,1,0,5
15452,2.00,20대,1,1,1,0,5
15453,4.00,40대,1,1,0,0,5
15454,2.00,20대,0,1,1,0,5
15455,2.00,20대,1,1,1,0,5
15456,2.00,20대,0,1,1,0,4
15457,3.00,30대,0,1,1,0,5
15458,6.00,60대이상,0,1,1,0,4
15459,5.00,50대,0,1,0,0,4
15460,2.00,20대,0,1,0,0,5
15461,3.00,30대,1,1,1,0,5
15462,2.00,20대,1,1,0,0,5
15463,4.00,40대,1,1,0,0,4
15464,4.00,40대,1,1,0,0,5
15465,2.00,20대,0,1,0,0,5
15466,2.00,20대,1,1,1,0,4
15467,2.00,20대,1,1,0,0,3
15468,3.00,30대,0,1,0,0,3
15469,2.00,20대,0,1,0,0,5
15470,2.00,20대,0,0,0,0,3
15471,3.00,30대,1,1,0,1,5
15472,2.00,20대,1,1,0,0,5
15473,2.00,20대,0,1,0,0,5
15474,2.00,20대,1,1,0,0,5
15475,2.00,20대,1,1,0,0,5
15476,5.00,50대,0,1,0,0,5
15477,2.00,20대,0,1,0,1,5
15478,2.00,20대,1,1,0,0,5
15479,2.00,20대,0,0,1,0,4
15480,2.00,20대,1,0,0,0,5
15481,3.00,30대,0,1,0,0,5
15482,2.00,20대,1,1,0,0,5
15483,2.00,20대,1,1,0,0,5
15484,3.00,30대,0,1,0,1,4
15485,2.00,20대,0,1,0,0,4
15486,2.00,20대,1,1,0,0,5
15487,2.00,20대,1,1,0,0,5
15488,2.00,20대,1,1,0,0,5
15489,3.00,30대,0,1,0,0,5
15490,5.00,50대,0,1,0,0,5
15491,2.00,20대,0,1,0,0,5
15492,2.00,20대,0,1,0,0,5
15493,3.00,30대,0,1,0,1,5
15494,4.00,40대,1,1,0,0,5
15495,5.00,50대,0,0,0,1,5
15496,5.00,50대,1,0,0,1,5
15497,5.00,50대,0,1,0,0,5
15498,3.00,30대,1,1,0,0,3
15499,5.00,50대,1,1,0,0,5
15500,4.00,40대,0,0,0,0,4
15501,2.00,20대,1,1,0,0,5
15502,6.00,60대이상,1,1,0,0,4
15503,3.00,30대,1,1,0,0,4
15504,4.00,40대,0,1,1,0,5
15505,2.00,20대,0,1,1,0,5
15506,2.00,20대,1,1,0,0,5
15507,2.00,20대,1,1,0,0,5
15508,6.00,60대이상,1,1,0,0,5
15509,3.00,30대,1,1,0,0,5
15510,2.00,20대,0,0,0,0,5
15511,5.00,50대,0,1,0,0,5
15512,2.00,20대,0,1,0,0,5
15513,3.00,30대,0,1,0,1,5
15514,3.00,30대,1,1,1,0,5
15515,2.00,20대,1,1,1,0,3
15516,5.00,50대,1,1,1,0,5
15517,2.00,20대,1,1,0,0,5
15518,4.00,40대,1,1,0,1,5
15519,6.00,60대이상,1,1,0,1,5
15520,3.00,30대,1,1,0,0,5
15521,2.00,20대,0,1,0,0,5
15522,3.00,30대,1,1,1,0,5
15523,2.00,20대,1,0,0,1,4
15524,2.00,20대,1,1,0,0,5
15525,2.00,20대,1,1,0,0,3
15526,2.00,20대,1,1,0,0,5
15527,3.00,30대,0,1,0,0,5
15528,4.00,40대,0,1,0,0,5
15529,5.00,50대,1,1,0,1,4
15530,5.00,50대,0,1,0,0,5
15531,5.00,50대,0,1,0,0,5
15532,5.00,50대,1,1,0,0,5
15533,4.00,40대,0,1,0,0,4
15534,1.00,10대,1,1,0,0,4
15535,4.00,40대,1,1,0,1,5
15536,5.00,50대,1,0,0,0,5
15537,3.00,30대,1,1,0,0,5
15538,3.00,30대,1,0,0,0,5
15539,2.00,20대,1,1,0,1,5
15540,5.00,50대,1,0,0,0,4
15541,4.00,40대,1,1,1,0,5
15542,3.00,30대,1,1,0,0,4
15543,5.00,50대,1,1,0,1,5
15544,2.00,20대,1,1,0,0,4
15545,2.00,20대,0,1,0,0,5
15546,2.00,20대,0,1,0,0,5
15547,4.00,40대,1,1,0,1,5
15548,4.00,40대,0,1,0,0,5
15549,2.00,20대,1,1,0,0,5
15550,3.00,30대,0,1,0,0,5
15551,5.00,50대,0,1,0,0,4
15552,3.00,30대,0,1,0,1,5
15553,5.00,50대,1,1,0,0,4
15554,2.00,20대,1,1,0,1,4
15555,2.00,20대,0,1,0,0,5
15556,1.00,10대,0,1,0,0,5
15557,2.00,20대,1,1,0,1,5
15558,5.00,50대,1,1,0,0,4
15559,2.00,20대,1,1,0,1,5
15560,2.00,20대,1,1,0,1,4
15561,3.00,30대,1,1,0,0,5
15562,2.00,20대,1,1,0,0,3
15563,2.00,20대,0,1,0,0,4
15564,5.00,50대,0,1,0,0,4
15565,2.00,20대,0,1,0,0,5
15566,6.00,60대이상,1,1,0,0,5
15567,4.00,40대,1,1,0,0,5
15568,2.00,20대,0,1,0,0,5
15569,2.00,20대,1,1,1,0,5
15570,2.00,20대,0,1,0,0,5
15571,4.00,40대,1,1,0,0,5
15572,2.00,20대,0,1,0,0,5
15573,4.00,40대,1,1,0,1,5
15574,3.00,30대,1,1,0,0,5
15575,2.00,20대,1,1,0,0,5
15576,2.00,20대,0,1,0,0,4
15577,2.00,20대,0,1,0,0,5
15578,2.00,20대,0,1,0,0,5
15579,2.00,20대,1,1,0,0,5
15580,2.00,20대,1,1,0,0,5
15581,4.00,40대,1,1,0,0,4
15582,6.00,60대이상,1,1,0,0,4
15583,3.00,30대,1,1,0,1,5
15584,6.00,60대이상,1,1,0,0,5
15585,2.00,20대,0,1,0,0,5
15586,3.00,30대,1,1,0,1,5
15587,2.00,20대,0,1,0,0,4
15588,5.00,50대,1,0,0,0,4
15589,4.00,40대,1,1,0,0,5
15590,5.00,50대,0,0,0,0,4
15591,6.00,60대이상,1,1,0,0,4
15592,5.00,50대,0,1,1,0,5
15593,1.00,10대,1,1,0,0,5
15594,3.00,30대,0,1,0,0,5
15595,3.00,30대,0,1,0,0,5
15596,4.00,40대,1,1,0,0,5
15597,3.00,30대,1,1,0,0,4
15598,4.00,40대,0,1,0,0,5
15599,3.00,30대,1,1,0,0,4
15600,5.00,50대,1,1,0,0,5
15601,2.00,20대,1,1,0,1,4
15602,5.00,50대,1,1,0,0,5
15603,6.00,60대이상,1,1,0,0,5
15604,4.00,40대,1,1,0,0,4
15605,2.00,20대,1,1,0,1,5
15606,5.00,50대,0,1,0,0,4
15607,2.00,20대,0,1,0,0,5
15608,3.00,30대,1,1,0,0,4
15609,5.00,50대,0,0,0,1,5
15610,2.00,20대,0,1,0,0,4
15611,4.00,40대,1,1,0,0,4
15612,3.00,30대,1,1,0,0,5
15613,3.00,30대,0,1,0,0,5
15614,4.00,40대,1,1,0,0,5
15615,3.00,30대,0,1,0,0,4
15616,2.00,20대,0,1,0,0,5
15617,3.00,30대,1,1,0,0,5
15618,4.00,40대,1,1,0,1,5
15619,3.00,30대,1,1,0,1,5
15620,3.00,30대,1,1,0,1,4
15621,3.00,30대,1,0,0,0,5
15622,4.00,40대,0,0,0,1,4
15623,2.00,20대,1,1,0,1,5
15624,5.00,50대,0,1,0,0,5
15625,5.00,50대,1,1,0,0,5
15626,2.00,20대,1,1,0,0,4
15627,3.00,30대,0,1,0,0,5
15628,5.00,50대,0,1,0,0,4
15629,4.00,40대,0,1,0,0,4
15630,3.00,30대,0,1,0,0,5
15631,3.00,30대,0,1,0,0,5
15632,2.00,20대,1,1,0,0,5
15633,1.00,10대,1,1,0,0,5
15634,2.00,20대,0,0,1,0,5
15635,5.00,50대,0,0,0,1,4
15636,2.00,20대,0,1,0,0,4
15637,3.00,30대,0,1,1,0,5
15638,2.00,20대,0,1,0,0,5
15639,2.00,20대,1,1,0,0,5
15640,2.00,20대,1,0,0,0,5
15641,2.00,20대,0,1,0,0,5
15642,2.00,20대,1,1,0,0,5
15643,3.00,30대,1,1,0,0,5
15644,2.00,20대,0,1,0,0,5
15645,2.00,20대,1,1,1,0,5
15646,2.00,20대,1,1,0,0,4
15647,1.00,10대,1,0,0,0,5
15648,2.00,20대,0,1,0,0,4
15649,5.00,50대,1,1,0,0,3
15650,4.00,40대,0,1,0,0,5
15651,3.00,30대,0,1,0,1,4
15652,2.00,20대,0,0,0,0,4
15653,6.00,60대이상,0,0,0,1,5
15654,3.00,30대,0,1,0,1,5
15655,3.00,30대,1,1,0,1,5
15656,4.00,40대,1,1,0,0,5
15657,3.00,30대,0,1,1,0,5
15658,2.00,20대,1,1,0,0,4
15659,5.00,50대,0,1,0,0,5
15660,6.00,60대이상,1,1,0,0,5
15661,4.00,40대,1,1,0,0,5
15662,5.00,50대,1,1,0,0,5
15663,2.00,20대,1,1,0,0,5
15664,2.00,20대,1,1,0,0,5
15665,2.00,20대,0,1,0,0,5
15666,2.00,20대,1,1,0,0,5
15667,4.00,40대,1,1,0,0,5
15668,2.00,20대,1,1,0,0,5
15669,2.00,20대,1,1,0,0,5
15670,2.00,20대,1,1,1,0,5
15671,2.00,20대,0,1,0,1,5
15672,3.00,30대,1,1,0,0,5
15673,3.00,30대,1,1,1,0,5
15674,2.00,20대,0,1,0,0,5
15675,4.00,40대,1,1,1,0,5
15676,3.00,30대,1,1,0,0,5
15677,3.00,30대,1,1,0,0,5
15678,5.00,50대,1,1,0,0,5
15679,5.00,50대,0,1,0,0,4
15680,3.00,30대,1,1,0,0,4
15681,4.00,40대,0,1,0,0,4
15682,3.00,30대,1,1,0,0,5
15683,3.00,30대,1,1,0,0,5
15684,2.00,20대,0,1,0,1,5
15685,3.00,30대,1,1,0,0,4
15686,2.00,20대,1,1,1,0,5
15687,2.00,20대,0,1,0,0,5
15688,3.00,30대,0,0,0,1,5
15689,2.00,20대,1,1,0,0,5
15690,5.00,50대,1,1,0,1,5
15691,2.00,20대,1,1,0,0,5
15692,2.00,20대,1,1,0,0,5
15693,6.00,60대이상,1,1,0,0,5
15694,2.00,20대,0,0,0,0,4
15695,5.00,50대,1,1,0,0,2
15696,3.00,30대,0,1,0,0,4
15697,4.00,40대,1,1,0,0,5
15698,2.00,20대,0,1,0,1,5
15699,2.00,20대,1,1,1,0,5
15700,2.00,20대,0,1,1,0,4
15701,4.00,40대,1,0,0,1,4
15702,2.00,20대,1,1,0,0,5
15703,2.00,20대,1,1,1,0,4
15704,4.00,40대,1,1,0,0,4
15705,3.00,30대,1,1,0,0,5
15706,2.00,20대,0,1,0,1,5
15707,2.00,20대,1,1,0,0,4
15708,5.00,50대,0,1,1,0,5
15709,5.00,50대,1,0,0,0,4
15710,5.00,50대,1,1,1,0,5
15711,5.00,50대,1,1,0,1,3
15712,3.00,30대,1,0,0,0,5
15713,5.00,50대,1,0,0,0,4
15714,5.00,50대,1,0,0,0,5
15715,2.00,20대,1,1,0,0,5
15716,4.00,40대,1,0,0,0,5
15717,2.00,20대,1,0,0,0,5
15718,5.00,50대,1,0,0,0,4
15719,2.00,20대,1,1,0,0,4
15720,4.00,40대,1,1,0,0,4
15721,4.00,40대,1,1,0,1,4
15722,6.00,60대이상,0,1,0,0,4
15723,2.00,20대,0,1,0,0,5
15724,3.00,30대,0,1,0,0,5
15725,5.00,50대,1,1,0,0,5
15726,2.00,20대,1,1,0,0,4
15727,3.00,30대,1,1,0,0,5
15728,4.00,40대,0,1,0,0,5
15729,2.00,20대,1,1,0,0,5
15730,2.00,20대,1,1,0,0,4
15731,2.00,20대,1,1,0,1,4
15732,3.00,30대,1,0,0,0,5
15733,5.00,50대,1,1,0,0,5
15734,2.00,20대,1,1,0,0,4
15735,3.00,30대,1,1,0,0,4
15736,6.00,60대이상,0,1,0,0,5
15737,4.00,40대,0,1,0,1,4
15738,2.00,20대,1,1,0,0,4
15739,2.00,20대,0,1,0,1,4
15740,1.00,10대,1,1,0,0,5
15741,4.00,40대,0,1,0,0,3
15742,4.00,40대,1,1,1,0,4
15743,2.00,20대,0,0,0,0,5
15744,4.00,40대,1,1,1,0,5
15745,3.00,30대,1,1,1,0,5
15746,5.00,50대,1,1,0,0,5
15747,5.00,50대,0,0,1,0,4
15748,6.00,60대이상,1,1,0,1,3
15749,2.00,20대,1,1,1,0,5
15750,1.00,10대,1,1,0,1,5
15751,2.00,20대,1,0,1,0,4
15752,2.00,20대,0,1,0,0,5
15753,2.00,20대,0,1,0,1,5
15754,2.00,20대,1,1,1,0,4
15755,6.00,60대이상,0,0,1,0,5
15756,4.00,40대,1,1,0,0,5
15757,2.00,20대,1,1,0,0,4
15758,2.00,20대,1,1,0,0,4
15759,5.00,50대,1,1,0,0,5
15760,3.00,30대,0,1,0,0,5
15761,5.00,50대,1,1,0,0,5
15762,3.00,30대,0,1,0,1,4
15763,2.00,20대,1,1,0,1,5
15764,5.00,50대,1,0,1,0,4
15765,3.00,30대,0,1,0,0,5
15766,2.00,20대,1,1,0,0,5
15767,5.00,50대,0,1,1,0,5
15768,2.00,20대,0,1,1,0,5
15769,4.00,40대,1,1,1,0,5
15770,3.00,30대,1,1,0,0,5
15771,4.00,40대,0,1,0,0,4
15772,5.00,50대,0,1,0,0,5
15773,3.00,30대,0,1,0,1,5
15774,2.00,20대,1,1,0,0,5
15775,3.00,30대,1,1,0,0,5
15776,6.00,60대이상,1,1,0,1,5
15777,2.00,20대,1,1,0,0,5
15778,3.00,30대,1,1,0,0,4
15779,2.00,20대,1,1,0,0,4
15780,2.00,20대,1,1,0,0,4
15781,2.00,20대,1,0,1,0,5
15782,6.00,60대이상,0,1,1,0,4
15783,2.00,20대,1,1,0,1,4
15784,4.00,40대,0,1,1,0,4
15785,3.00,30대,1,1,0,1,5
15786,6.00,60대이상,0,1,0,0,5
15787,4.00,40대,0,1,0,0,5
15788,3.00,30대,1,1,0,0,5
15789,3.00,30대,1,1,0,0,5
15790,2.00,20대,1,1,0,0,5
15791,3.00,30대,1,1,0,0,5
15792,5.00,50대,1,1,1,0,3
15793,2.00,20대,0,1,0,0,5
15794,2.00,20대,0,1,0,0,5
15795,3.00,30대,1,1,0,0,5
15796,2.00,20대,1,1,0,0,5
15797,2.00,20대,0,1,0,0,5
15798,3.00,30대,0,1,0,0,5
15799,2.00,20대,0,1,0,0,5
15800,4.00,40대,1,1,0,0,5
15801,3.00,30대,1,1,0,0,4
15802,4.00,40대,0,1,0,0,4
15803,2.00,20대,1,1,0,0,5
15804,2.00,20대,0,1,0,0,4
15805,1.00,10대,1,1,0,0,4
15806,3.00,30대,1,1,0,0,5
15807,2.00,20대,0,1,0,0,5
15808,2.00,20대,1,1,0,0,5
15809,4.00,40대,1,1,0,0,5
15810,3.00,30대,1,1,0,1,5
15811,4.00,40대,0,1,0,0,4
15812,5.00,50대,1,0,0,1,4
15813,4.00,40대,1,1,0,0,4
15814,4.00,40대,0,1,0,0,5
15815,3.00,30대,0,1,0,0,5
15816,4.00,40대,1,1,0,0,4
15817,3.00,30대,1,1,0,0,4
15818,3.00,30대,0,0,0,1,5
15819,5.00,50대,1,1,0,0,5
15820,5.00,50대,0,1,0,0,5
15821,4.00,40대,0,0,1,0,5
15822,3.00,30대,1,1,0,0,5
15823,4.00,40대,1,1,1,0,5
15824,2.00,20대,1,1,0,0,5
15825,2.00,20대,1,1,0,1,5
15826,2.00,20대,1,1,0,0,4
15827,5.00,50대,0,1,0,1,4
15828,3.00,30대,1,1,0,0,4
15829,4.00,40대,1,1,0,0,4
15830,3.00,30대,1,1,0,0,5
15831,3.00,30대,0,1,0,0,5
15832,5.00,50대,0,1,1,0,5
15833,3.00,30대,0,1,0,0,4
15834,4.00,40대,0,1,1,0,5
15835,5.00,50대,1,0,1,0,5
15836,3.00,30대,0,1,0,0,4
15837,5.00,50대,0,1,0,0,4
15838,3.00,30대,1,1,1,0,4
15839,2.00,20대,0,1,0,0,5
15840,3.00,30대,1,1,0,0,5
15841,6.00,60대이상,0,1,0,0,4
15842,2.00,20대,0,1,0,0,4
15843,2.00,20대,0,1,0,0,4
15844,3.00,30대,0,1,1,0,4
15845,2.00,20대,1,1,0,0,4
15846,2.00,20대,0,1,0,0,4
15847,2.00,20대,1,1,0,1,5
15848,4.00,40대,0,1,0,0,5
15849,5.00,50대,1,1,0,0,5
15850,2.00,20대,0,0,0,0,3
15851,4.00,40대,0,0,0,0,4
15852,4.00,40대,0,1,0,0,4
15853,2.00,20대,1,0,0,0,4
15854,4.00,40대,1,0,0,1,5
15855,5.00,50대,1,0,0,0,5
15856,5.00,50대,1,0,0,0,4
15857,5.00,50대,1,1,0,0,4
15858,1.00,10대,0,1,0,0,5
15859,3.00,30대,1,0,0,0,5
15860,5.00,50대,1,1,1,0,4
15861,4.00,40대,0,1,0,0,5
15862,4.00,40대,1,1,0,1,4
15863,4.00,40대,0,1,1,0,3
15864,3.00,30대,1,0,0,0,5
15865,3.00,30대,0,1,1,0,5
15866,6.00,60대이상,0,0,0,0,4
15867,5.00,50대,1,0,0,1,5
15868,2.00,20대,0,1,0,1,5
15869,3.00,30대,0,1,0,1,4
15870,2.00,20대,1,0,1,0,5
15871,3.00,30대,1,1,0,0,5
15872,1.00,10대,1,1,1,0,5
15873,2.00,20대,0,1,1,0,5
15874,2.00,20대,0,1,0,0,5
15875,2.00,20대,0,1,0,1,4
15876,2.00,20대,1,1,1,0,5
15877,4.00,40대,0,1,1,0,5
15878,2.00,20대,1,1,0,0,5
15879,5.00,50대,0,1,0,1,5
15880,6.00,60대이상,1,1,0,0,3
15881,2.00,20대,1,1,0,0,5
15882,4.00,40대,1,1,0,0,5
15883,3.00,30대,1,1,0,0,4
15884,3.00,30대,1,1,0,0,4
15885,5.00,50대,0,0,0,0,5
15886,2.00,20대,0,1,1,0,5
15887,2.00,20대,0,1,0,0,5
15888,3.00,30대,1,1,1,0,4
15889,4.00,40대,1,1,0,0,5
15890,2.00,20대,1,1,1,0,5
15891,2.00,20대,1,1,0,0,4
15892,4.00,40대,1,1,1,0,5
15893,5.00,50대,1,1,0,0,5
15894,5.00,50대,0,1,0,0,3
15895,5.00,50대,1,1,0,1,5
15896,3.00,30대,0,1,0,0,4
15897,2.00,20대,1,1,0,0,5
15898,3.00,30대,0,1,0,0,4
15899,4.00,40대,0,1,1,0,5
15900,3.00,30대,0,1,0,0,3
15901,4.00,40대,0,1,0,0,5
15902,2.00,20대,1,1,0,0,5
15903,5.00,50대,1,1,0,0,5
15904,5.00,50대,1,1,0,0,4
15905,2.00,20대,0,1,0,0,4
15906,3.00,30대,0,1,0,0,4
15907,3.00,30대,1,1,0,0,5
15908,3.00,30대,1,1,0,0,5
15909,4.00,40대,1,1,0,0,4
15910,3.00,30대,1,1,0,0,5
15911,5.00,50대,1,1,0,0,5
15912,3.00,30대,1,1,0,1,5
15913,2.00,20대,1,1,1,0,5
15914,3.00,30대,1,1,0,0,5
15915,3.00,30대,1,1,0,0,5
15916,2.00,20대,1,1,0,0,4
15917,3.00,30대,1,1,0,1,5
15918,3.00,30대,0,1,0,0,5
15919,3.00,30대,1,0,0,1,4
15920,6.00,60대이상,0,1,0,0,4
15921,3.00,30대,1,1,0,0,5
15922,3.00,30대,1,1,0,0,4
15923,3.00,30대,1,1,0,0,5
15924,3.00,30대,0,1,0,0,5
15925,3.00,30대,0,1,0,0,5
15926,2.00,20대,1,1,0,0,4
15927,2.00,20대,1,1,0,0,5
15928,3.00,30대,0,0,0,0,4
15929,2.00,20대,1,1,1,0,5
15930,2.00,20대,1,1,0,0,5
15931,2.00,20대,0,1,1,0,5
15932,2.00,20대,0,1,0,0,5
15933,2.00,20대,1,1,0,0,3
15934,2.00,20대,0,1,1,0,4
15935,4.00,40대,1,1,0,0,4
15936,3.00,30대,1,0,0,1,5
15937,3.00,30대,0,1,0,0,5
15938,2.00,20대,1,1,0,0,4
15939,6.00,60대이상,1,1,0,1,5
15940,5.00,50대,0,1,1,0,5
15941,4.00,40대,1,0,0,0,5
15942,2.00,20대,0,1,0,0,5
15943,2.00,20대,1,1,0,0,4
15944,5.00,50대,0,1,0,0,3
15945,3.00,30대,1,0,0,0,5
15946,2.00,20대,1,1,0,0,5
15947,3.00,30대,1,1,0,0,4
15948,2.00,20대,1,1,0,0,4
15949,3.00,30대,0,1,0,0,5
15950,2.00,20대,1,1,0,0,5
15951,2.00,20대,0,0,1,0,4
15952,5.00,50대,0,1,0,0,4
15953,2.00,20대,0,0,1,0,5
15954,2.00,20대,1,1,0,0,3
15955,3.00,30대,1,1,0,0,4
15956,2.00,20대,1,1,0,0,5
15957,5.00,50대,0,1,0,0,4
15958,5.00,50대,1,0,1,0,5
15959,2.00,20대,1,1,0,0,5
15960,3.00,30대,1,1,0,0,5
15961,3.00,30대,1,1,1,0,3
15962,2.00,20대,1,1,1,0,5
15963,3.00,30대,1,1,0,0,5
15964,3.00,30대,0,1,0,1,4
15965,3.00,30대,1,1,0,0,5
15966,2.00,20대,0,1,0,0,4
15967,3.00,30대,1,0,0,1,5
15968,4.00,40대,1,1,0,1,5
15969,2.00,20대,0,1,0,0,4
15970,3.00,30대,1,1,0,0,5
15971,4.00,40대,1,1,0,0,5
15972,3.00,30대,1,1,0,0,5
15973,5.00,50대,1,1,0,0,5
15974,3.00,30대,1,1,0,0,5
15975,3.00,30대,1,1,0,0,5
15976,2.00,20대,1,1,0,1,5
15977,6.00,60대이상,1,0,0,1,5
15978,2.00,20대,0,1,0,0,5
15979,6.00,60대이상,0,1,1,0,5
15980,5.00,50대,1,1,0,0,4
15981,4.00,40대,0,1,0,0,5
15982,4.00,40대,1,1,1,0,5
15983,2.00,20대,0,0,0,1,4
15984,5.00,50대,1,0,0,0,5
15985,4.00,40대,1,1,0,0,4
15986,4.00,40대,0,1,1,0,5
15987,6.00,60대이상,1,1,0,0,4
15988,3.00,30대,1,1,0,0,4
15989,3.00,30대,1,1,0,0,5
15990,2.00,20대,1,1,0,0,5
15991,3.00,30대,0,0,0,0,5
15992,6.00,60대이상,0,1,0,1,5
15993,2.00,20대,1,1,0,0,4
15994,3.00,30대,1,1,0,0,5
15995,3.00,30대,1,1,0,0,5
15996,3.00,30대,1,1,0,0,5
15997,5.00,50대,0,1,0,0,5
15998,2.00,20대,1,1,0,0,5
15999,2.00,20대,1,1,0,0,5
16000,3.00,30대,1,1,0,0,5
16001,5.00,50대,1,1,0,0,5
16002,3.00,30대,1,1,0,0,4
16003,5.00,50대,0,1,0,0,5
16004,4.00,40대,1,1,0,0,4
16005,3.00,30대,1,1,0,0,5
16006,3.00,30대,1,1,0,0,5
16007,3.00,30대,1,1,0,0,5
16008,4.00,40대,1,1,0,1,4
16009,6.00,60대이상,0,1,0,0,4
16010,3.00,30대,1,1,0,0,5
16011,4.00,40대,1,1,0,1,5
16012,3.00,30대,1,1,0,1,5
16013,3.00,30대,1,1,0,0,5
16014,2.00,20대,0,1,0,0,5
16015,3.00,30대,1,1,0,0,5
16016,2.00,20대,1,1,0,1,4
16017,3.00,30대,0,0,0,1,4
16018,5.00,50대,0,1,0,0,4
16019,5.00,50대,1,1,0,0,4
16020,5.00,50대,0,1,0,0,5
16021,5.00,50대,0,1,0,0,5
16022,5.00,50대,1,1,0,0,5
16023,2.00,20대,1,1,0,0,5
16024,5.00,50대,0,1,0,0,5
16025,3.00,30대,1,1,0,0,4
16026,6.00,60대이상,0,1,0,0,3
16027,5.00,50대,1,1,0,0,5
16028,5.00,50대,1,1,0,0,5
16029,5.00,50대,0,1,0,0,4
16030,2.00,20대,1,1,0,0,5
16031,4.00,40대,1,1,0,0,5
16032,2.00,20대,1,1,0,0,5
16033,3.00,30대,1,1,0,0,5
16034,2.00,20대,1,1,0,0,5
16035,3.00,30대,0,1,0,0,5
16036,2.00,20대,1,1,0,0,5
16037,3.00,30대,1,1,0,0,5
16038,4.00,40대,1,0,0,1,4
16039,5.00,50대,1,1,1,0,5
16040,3.00,30대,1,1,0,1,5
16041,3.00,30대,0,1,0,1,5
16042,3.00,30대,1,1,1,0,4
16043,4.00,40대,1,1,0,0,5
16044,3.00,30대,1,1,0,0,5
16045,5.00,50대,0,1,0,0,4
16046,4.00,40대,1,1,0,1,4
16047,4.00,40대,1,1,0,0,5
16048,3.00,30대,1,0,0,0,4
16049,2.00,20대,1,1,0,0,4
16050,4.00,40대,1,1,1,0,5
16051,3.00,30대,1,1,0,0,5
16052,4.00,40대,1,1,0,0,5
16053,2.00,20대,0,0,0,0,4
16054,5.00,50대,0,0,0,0,5
16055,3.00,30대,0,1,0,0,4
16056,4.00,40대,0,0,0,0,5
16057,3.00,30대,0,1,0,0,4
16058,2.00,20대,1,1,0,1,5
16059,4.00,40대,0,1,0,0,4
16060,5.00,50대,0,1,0,0,4
16061,5.00,50대,1,1,0,0,4
16062,5.00,50대,1,1,0,0,5
16063,2.00,20대,0,1,0,0,4
16064,3.00,30대,0,0,0,0,4
16065,2.00,20대,0,1,0,0,4
16066,2.00,20대,1,1,0,1,4
16067,3.00,30대,0,1,0,0,4
16068,4.00,40대,0,0,0,0,4
16069,2.00,20대,1,1,0,0,5
16070,5.00,50대,0,0,0,0,4
16071,5.00,50대,1,1,0,0,5
16072,3.00,30대,1,1,0,0,5
16073,2.00,20대,1,1,0,0,5
16074,3.00,30대,1,1,0,0,5
16075,3.00,30대,1,1,0,0,4
16076,5.00,50대,1,0,0,0,5
16077,5.00,50대,1,1,0,0,5
16078,4.00,40대,0,0,1,0,5
16079,2.00,20대,0,1,0,0,4
16080,2.00,20대,0,1,0,0,4
16081,2.00,20대,1,1,1,0,4
16082,4.00,40대,0,1,0,0,5
16083,5.00,50대,1,0,0,1,4
16084,5.00,50대,0,0,0,0,5
16085,4.00,40대,0,0,0,0,4
16086,2.00,20대,0,1,0,0,5
16087,2.00,20대,0,1,0,0,4
16088,4.00,40대,0,0,0,0,4
16089,2.00,20대,0,0,0,0,4
16090,5.00,50대,0,0,0,0,4
16091,3.00,30대,1,1,0,0,4
16092,2.00,20대,0,1,0,0,4
16093,5.00,50대,0,0,0,0,4
16094,2.00,20대,1,1,0,0,4
16095,2.00,20대,0,1,0,0,4
16096,4.00,40대,1,0,0,0,4
16097,5.00,50대,0,0,0,1,4
16098,2.00,20대,0,1,0,0,5
16099,2.00,20대,1,1,0,0,4
16100,5.00,50대,1,1,1,0,4
16101,2.00,20대,0,1,0,0,5
16102,4.00,40대,0,1,0,0,4
16103,6.00,60대이상,1,1,0,0,4
16104,2.00,20대,1,1,0,0,4
16105,4.00,40대,1,1,0,0,4
16106,5.00,50대,0,1,0,0,4
16107,5.00,50대,0,1,0,0,4
16108,2.00,20대,0,1,0,1,4
16109,2.00,20대,1,1,0,0,4
16110,3.00,30대,1,1,0,0,4
16111,3.00,30대,1,1,0,0,4
16112,3.00,30대,0,1,0,0,5
16113,3.00,30대,0,0,0,0,4
16114,4.00,40대,0,1,0,0,3
16115,2.00,20대,0,1,0,1,4
16116,2.00,20대,1,1,0,0,5
16117,3.00,30대,0,0,0,0,4
16118,5.00,50대,0,0,0,1,4
16119,4.00,40대,1,0,0,0,4
16120,2.00,20대,0,1,0,1,4
16121,3.00,30대,0,1,0,0,4
16122,2.00,20대,1,1,0,0,4
16123,3.00,30대,0,1,1,0,5
16124,2.00,20대,1,1,0,0,4
16125,3.00,30대,0,1,0,1,4
16126,3.00,30대,0,1,0,0,5
16127,2.00,20대,1,1,0,1,4
16128,5.00,50대,1,0,1,0,5
16129,2.00,20대,1,1,0,0,4
16130,2.00,20대,1,1,0,0,5
16131,6.00,60대이상,0,1,0,0,4
16132,2.00,20대,1,1,1,0,5
16133,2.00,20대,0,1,0,0,5
16134,3.00,30대,0,1,0,1,5
16135,4.00,40대,1,1,0,0,4
16136,6.00,60대이상,1,1,0,1,4
16137,5.00,50대,0,1,0,0,4
16138,3.00,30대,1,0,0,1,4
16139,3.00,30대,0,1,0,1,5
16140,5.00,50대,0,0,0,0,4
16141,2.00,20대,1,1,0,0,4
16142,3.00,30대,0,1,0,1,5
16143,2.00,20대,0,1,0,0,5
16144,2.00,20대,0,1,0,0,4
16145,5.00,50대,0,1,0,0,5
16146,2.00,20대,0,1,0,0,4
16147,2.00,20대,1,1,0,1,4
16148,2.00,20대,0,1,0,1,5
16149,2.00,20대,1,0,1,0,5
16150,2.00,20대,1,0,0,0,5
16151,3.00,30대,0,0,1,0,5
16152,4.00,40대,1,0,0,1,5
16153,2.00,20대,0,0,0,0,4
16154,5.00,50대,1,0,0,0,5
16155,5.00,50대,1,0,0,0,5
16156,4.00,40대,0,0,0,0,5
16157,3.00,30대,0,1,0,0,5
16158,3.00,30대,1,1,0,0,5
16159,5.00,50대,1,1,0,0,4
16160,2.00,20대,1,1,0,1,5
16161,3.00,30대,0,1,0,0,4
16162,2.00,20대,0,1,0,0,4
16163,3.00,30대,1,1,0,1,3
16164,2.00,20대,0,1,1,0,4
16165,4.00,40대,0,1,0,1,4
16166,2.00,20대,0,1,0,0,4
16167,2.00,20대,1,1,0,0,5
16168,2.00,20대,0,1,0,0,5
16169,3.00,30대,0,1,0,0,4
16170,3.00,30대,1,1,0,0,5
16171,5.00,50대,1,1,0,1,4
16172,5.00,50대,1,1,0,0,4
16173,2.00,20대,1,1,0,1,5
16174,5.00,50대,0,1,0,1,4
16175,2.00,20대,0,1,0,0,5
16176,5.00,50대,0,1,0,0,5
16177,3.00,30대,0,1,0,0,4
16178,5.00,50대,1,0,1,0,4
16179,2.00,20대,1,1,0,0,5
16180,3.00,30대,1,0,0,0,4
16181,3.00,30대,0,0,0,1,4
16182,4.00,40대,0,0,0,1,4
16183,5.00,50대,1,1,0,0,5
16184,3.00,30대,0,1,0,0,4
16185,4.00,40대,1,1,0,0,4
16186,3.00,30대,0,1,1,0,4
16187,2.00,20대,0,1,0,0,5
16188,5.00,50대,1,1,0,0,4
16189,2.00,20대,0,1,0,1,5
16190,5.00,50대,1,1,0,1,4
16191,2.00,20대,0,1,0,0,5
16192,4.00,40대,0,1,0,0,4
16193,3.00,30대,0,1,0,0,5
16194,3.00,30대,1,1,0,0,4
16195,4.00,40대,1,1,0,1,4
16196,5.00,50대,0,1,0,0,5
